// Generated by tools/genfont.py -- do not edit by hand.
// LANG=zh-Hans FONT_PROFILE=fusion-pixel GLYPH_SET=common
// 源文案表 sha256=b8261f9cf0dc435c864700ae5cbce4e9019956633b2e7b74a7dfc4e1e80f60b7
// font fp-mono-latin: fusion-pixel-12px-monospaced-latin.otf sha256=d48931d0f47d1ffa OFL-1.1
// font fp-prop-ja: fusion-pixel-12px-proportional-ja.otf sha256=2ee243b369308c0a OFL-1.1
// font fp-prop-latin: fusion-pixel-12px-proportional-latin.otf sha256=9847709e8e09e9b8 OFL-1.1
// font fp-prop-zh-Hans: fusion-pixel-12px-proportional-zh_hans.otf sha256=e84b6d1ab8f2e250 OFL-1.1
// font fp-prop-zh-Hant: fusion-pixel-12px-proportional-zh_hant.otf sha256=37bcf09fbcd112dd OFL-1.1
// font fp-prop-zh-Hk: fusion-pixel-12px-proportional-zh_hk.otf sha256=10253a8b5705293d OFL-1.1
#ifndef ROCKEY_GENERATED_FONTS_H
#define ROCKEY_GENERATED_FONTS_H
#include <stdint.h>
#include "../../ui/font.h"
namespace rockey {
static const uint8_t gfx_g0_bitmap[] = {
    0x20, 0x82, 0x08, 0x20, 0x80, 0x08, 0x51, 0x45, 0x00, 0x00, 0x00, 0x00, 0x51, 0x4F, 0x94,
    0x53, 0xE5, 0x14, 0x21, 0xCA, 0xA8, 0x60, 0xC2, 0xAA, 0x70, 0x80, 0x4A, 0xA5, 0x08, 0x21,
    0x4A, 0xA4, 0x62, 0x49, 0x28, 0x4A, 0xA9, 0x1A, 0x20, 0x82, 0x00, 0x00, 0x00, 0x00, 0x10,
    0x82, 0x10, 0x41, 0x04, 0x08, 0x20, 0x40, 0x40, 0x82, 0x04, 0x10, 0x41, 0x08, 0x21, 0x00,
    0x22, 0xA7, 0x2A, 0x20, 0x00, 0x20, 0x8F, 0x88, 0x20, 0x00, 0x20, 0x84, 0x00, 0xF8, 0x00,
    0x00, 0x20, 0x08, 0x21, 0x04, 0x20, 0x84, 0x10, 0x82, 0x00, 0x72, 0x29, 0xAA, 0xAB, 0x28,
    0x9C, 0x23, 0x82, 0x08, 0x20, 0x82, 0x3E, 0x72, 0x20, 0x84, 0x21, 0x08, 0x3E, 0x72, 0x20,
    0x8C, 0x08, 0x28, 0x9C, 0x31, 0x45, 0x24, 0x93, 0xE1, 0x04, 0xFA, 0x08, 0x3C, 0x08, 0x28,
    0x9C, 0x72, 0x28, 0x3C, 0x8A, 0x28, 0x9C, 0xF8, 0x20, 0x84, 0x10, 0x82, 0x08, 0x72, 0x28,
    0x9C, 0x8A, 0x28, 0x9C, 0x72, 0x28, 0xA2, 0x78, 0x28, 0x9C, 0x20, 0x00, 0x00, 0x00, 0x80,
    0x20, 0x00, 0x00, 0x00, 0x82, 0x10, 0x08, 0x42, 0x10, 0x20, 0x40, 0x80, 0xF8, 0x0F, 0x80,
    0x00, 0x40, 0x81, 0x02, 0x10, 0x84, 0x00, 0x72, 0x20, 0x84, 0x20, 0x80, 0x08, 0x72, 0x29,
    0xAA, 0xAA, 0xAB, 0xA0, 0x70, 0xF2, 0x28, 0xBC, 0x8A, 0x28, 0xBC, 0x72, 0x28, 0x20, 0x82,
    0x08, 0x9C, 0xF2, 0x28, 0xA2, 0xF2, 0x48, 0xA2, 0x71, 0x04, 0x10, 0x41, 0x04, 0x10, 0x41,
    0xC0, 0x82, 0x04, 0x10, 0x20, 0x81, 0x04, 0x08, 0x20, 0x70, 0x41, 0x04, 0x10, 0x41, 0x04,
    0x11, 0xC0, 0x21, 0x48, 0x80, 0x00, 0x00, 0x00, 0x03, 0xE0, 0x20, 0x40, 0x00, 0x00, 0x00,
    0x00, 0x70, 0x27, 0xA2, 0x89, 0xE0, 0x82, 0x0F, 0x22, 0x8A, 0x28, 0xBC, 0x72, 0x28, 0x20,
    0x89, 0xC0, 0x08, 0x27, 0xA2, 0x8A, 0x28, 0x9E, 0x72, 0x2F, 0xA0, 0x89, 0xC0, 0x18, 0x8F,
    0x88, 0x20, 0x82, 0x08, 0x7A, 0x28, 0xA2, 0x89, 0xE0, 0x9C, 0x82, 0x0B, 0x32, 0x8A, 0x28,
    0xA2, 0x20, 0x0E, 0x08, 0x20, 0x82, 0x3E, 0x10, 0x0F, 0x04, 0x10, 0x41, 0x04, 0x13, 0x80,
    0x82, 0x08, 0xAC, 0xC2, 0x89, 0x22, 0xE0, 0x82, 0x08, 0x20, 0x82, 0x06, 0xD2, 0xAA, 0xAA,
    0xAA, 0xA0, 0xB3, 0x28, 0xA2, 0x8A, 0x20, 0x72, 0x28, 0xA2, 0x89, 0xC0, 0xF2, 0x28, 0xA2,
    0x8B, 0xC8, 0x20, 0x7A, 0x28, 0xA2, 0x89, 0xE0, 0x82, 0xB3, 0x28, 0x20, 0x82, 0x00, 0x72,
    0x26, 0x04, 0x89, 0xC0, 0x20, 0x8F, 0x88, 0x20, 0x82, 0x06, 0x8A, 0x28, 0xA2, 0x99, 0xA0,
    0x8A, 0x25, 0x14, 0x20, 0x80, 0xAA, 0xAA, 0xAA, 0x51, 0x40, 0x89, 0x42, 0x08, 0x52, 0x20,
    0x8A, 0x28, 0x94, 0x50, 0x82, 0x30, 0xF8, 0x42, 0x10, 0x83, 0xE0, 0x31, 0x04, 0x10, 0x81,
    0x04, 0x10, 0x40, 0xC0, 0x20, 0x82, 0x08, 0x20, 0x82, 0x08, 0x20, 0x80, 0x60, 0x41, 0x04,
    0x08, 0x41, 0x04, 0x11, 0x80, 0x42, 0xA1, 0x00, 0x00, 0x72, 0x28, 0x10, 0xF1, 0x08, 0x3E,
    0x8A, 0x25, 0x14, 0xF8, 0x8F, 0x88, 0x31, 0x24, 0x8C, 0x00, 0x00, 0x00, 0x00, 0x20, 0x8F,
    0x88, 0x23, 0xE0, 0x20, 0x00, 0x00, 0xFF, 0xE0, 0x00, 0x00, 0x00, 0x00, 0xA8, 0x22, 0x05,
    0x20, 0x24, 0x00, 0x40, 0x08, 0x01, 0x00, 0x12, 0x82, 0x54, 0x22, 0x80, 0xFF, 0xF8, 0x01,
    0x80, 0x18, 0x01, 0x80, 0x18, 0x01, 0x80, 0x18, 0x01, 0x80, 0x18, 0x01, 0x80, 0x1F, 0xFF,
    0x20, 0x04, 0x00, 0xFF, 0xE4, 0x00, 0x20, 0x00, 0x00, 0x04, 0x00, 0xE0, 0x15, 0x00, 0x40,
    0x04, 0x00, 0x40, 0x04, 0x00, 0x40, 0x04, 0x00, 0x40, 0x04, 0x00, 0x00, 0x80, 0x04, 0xFF,
    0xE0, 0x04, 0x00, 0x80, 0x00, 0x04, 0x00, 0x40, 0x04, 0x00, 0x40, 0x04, 0x00, 0x40, 0x04,
    0x00, 0x40, 0x15, 0x00, 0xE0, 0x04, 0x00, 0xFF, 0xEF, 0xFE, 0xFF, 0xEF, 0xFE, 0xFF, 0xEF,
    0xFE, 0xFF, 0xEF, 0xFE, 0xFF, 0xEF, 0xFE, 0xFF, 0xE0, 0xFF, 0xE8, 0x02, 0x80, 0x28, 0x02,
    0x80, 0x28, 0x02, 0x80, 0x28, 0x02, 0x80, 0x28, 0x02, 0xFF, 0xE0, 0x04, 0x00, 0xE0, 0x0E,
    0x01, 0xF0, 0x1F, 0x03, 0xF8, 0x3F, 0x87, 0xFC, 0x7F, 0xC0, 0x7F, 0xC7, 0xFC, 0x3F, 0x83,
    0xF8, 0x1F, 0x01, 0xF0, 0x0E, 0x00, 0xE0, 0x04, 0x00, 0x04, 0x00, 0xE0, 0x1F, 0x03, 0xF8,
    0x7F, 0xCF, 0xFE, 0x7F, 0xC3, 0xF8, 0x1F, 0x00, 0xE0, 0x04, 0x00, 0x0E, 0x03, 0x18, 0x40,
    0x44, 0x04, 0x80, 0x28, 0x02, 0x80, 0x24, 0x04, 0x40, 0x43, 0x18, 0x0E, 0x00, 0x0E, 0x03,
    0xF8, 0x7F, 0xC7, 0xFC, 0xFF, 0xEF, 0xFE, 0xFF, 0xE7, 0xFC, 0x7F, 0xC3, 0xF8, 0x0E, 0x00,
    0x04, 0x00, 0x40, 0x0E, 0x00, 0xE0, 0xFF, 0xE3, 0xF8, 0x1F, 0x01, 0xF0, 0x3B, 0x83, 0x18,
    0x40, 0x40, 0xFF, 0xF8, 0x01, 0x80, 0x18, 0x01, 0x80, 0x18, 0x01, 0x80, 0x18, 0x01, 0x80,
    0x18, 0x01, 0x80, 0x1F, 0xFF, 0xFF, 0xF8, 0x01, 0x80, 0x18, 0x01, 0x80, 0x18, 0x01, 0x80,
    0x18, 0x01, 0x80, 0x18, 0x01, 0x80, 0x1F, 0xFF, 0x40, 0x03, 0x00, 0x10, 0x00, 0x30, 0x04,
    0x80, 0x48, 0x03, 0x00, 0x02, 0x40, 0x24, 0x04, 0x80, 0x48, 0x09, 0x00, 0x90, 0x09, 0x00,
    0x48, 0x04, 0x80, 0x24, 0x02, 0x40, 0x48, 0x04, 0x80, 0x24, 0x02, 0x40, 0x12, 0x01, 0x20,
    0x12, 0x02, 0x40, 0x24, 0x04, 0x80, 0x48, 0x00, 0x03, 0xC0, 0x20, 0x02, 0x00, 0x20, 0x02,
    0x00, 0x20, 0x02, 0x00, 0x20, 0x00, 0x00, 0x08, 0x00, 0x80, 0x08, 0x00, 0x80, 0x08, 0x00,
    0x80, 0x08, 0x07, 0x80, 0x07, 0xC0, 0x44, 0x05, 0xC0, 0x50, 0x05, 0x00, 0x50, 0x05, 0x00,
    0x70, 0x00, 0x00, 0x1C, 0x01, 0x40, 0x14, 0x01, 0x40, 0x14, 0x07, 0x40, 0x44, 0x07, 0xC0,
    0x07, 0xC0, 0x78, 0x07, 0x00, 0x70, 0x06, 0x00, 0x60, 0x06, 0x00, 0x70, 0x07, 0x00, 0x78,
    0x07, 0xC0, 0x7C, 0x03, 0xC0, 0x1C, 0x01, 0xC0, 0x0C, 0x00, 0xC0, 0x0C, 0x01, 0xC0, 0x1C,
    0x03, 0xC0, 0x7C, 0x00, 0xFF, 0xE0, 0x00, 0x00, 0x00, 0x00, 0x04, 0x00, 0x40, 0x04, 0x00,
    0x40, 0x07, 0xC0, 0x40, 0x04, 0x00, 0x40, 0x04, 0x00, 0x40, 0xFF, 0xE0, 0xFF, 0xE0, 0x40,
    0x04, 0x00, 0x40, 0x05, 0x00, 0x48, 0x04, 0x40, 0x40, 0x04, 0x00, 0x40, 0x04, 0x00, 0xFF,
    0xE0, 0x20, 0x04, 0x00, 0xC0, 0x15, 0x02, 0x48, 0xC4, 0x40, 0x42, 0x04, 0x00, 0x40, 0x04,
    0x00, 0x04, 0x00, 0xA0, 0x11, 0x02, 0x08, 0xC4, 0x60, 0x40, 0x04, 0x00, 0x40, 0x04, 0x00,
    0x40, 0x04, 0x00, 0x04, 0x00, 0x40, 0xFF, 0xE8, 0x42, 0x84, 0x28, 0x42, 0xFF, 0xE0, 0x40,
    0x04, 0x00, 0x40, 0x04, 0x00, 0x08, 0x00, 0x40, 0xFF, 0xE0, 0x40, 0x04, 0x00, 0x40, 0x7F,
    0xC0, 0x40, 0x04, 0x00, 0x40, 0xFF, 0xE0, 0x04, 0x0F, 0xFE, 0x00, 0x01, 0x10, 0x20, 0x8D,
    0x16, 0x0A, 0x00, 0x40, 0x0A, 0x03, 0x18, 0xC0, 0x60, 0x2F, 0xE2, 0x82, 0x48, 0x24, 0x82,
    0xC4, 0x44, 0x44, 0x44, 0x44, 0x28, 0x41, 0x04, 0x28, 0x4C, 0x60, 0x20, 0x82, 0x08, 0x4F,
    0xE4, 0x08, 0xC0, 0x84, 0x88, 0x44, 0x84, 0x48, 0x40, 0x84, 0x08, 0x43, 0x80, 0x29, 0x02,
    0x90, 0x4F, 0xE5, 0x10, 0xC1, 0x04, 0x10, 0x5F, 0xE4, 0x10, 0x41, 0x04, 0x10, 0x41, 0x00,
    0x24, 0x82, 0x48, 0x48, 0x44, 0x84, 0xD0, 0x24, 0xFC, 0x44, 0x44, 0x44, 0x48, 0x44, 0x84,
    0x51, 0x80, 0x04, 0x00, 0xA0, 0x31, 0x8C, 0x06, 0x3F, 0x80, 0x00, 0x00, 0x0F, 0xFE, 0x10,
    0x02, 0x08, 0x7F, 0x40, 0x22, 0x02, 0x10, 0x5F, 0xE4, 0x00, 0xC8, 0x44, 0x84, 0x44, 0x44,
    0x48, 0x44, 0x84, 0x10, 0x5F, 0xE0, 0x24, 0x02, 0x40, 0x47, 0xE4, 0xA0, 0xD2, 0x04, 0x3E,
    0x42, 0x04, 0x20, 0x43, 0xE4, 0x20, 0x42, 0x00, 0x28, 0x02, 0xFE, 0x49, 0x25, 0x12, 0xC1,
    0x04, 0x54, 0x45, 0x44, 0x92, 0x51, 0x24, 0x10, 0x43, 0x00, 0x22, 0x02, 0x10, 0x5F, 0xE4,
    0x00, 0xCF, 0xC4, 0x00, 0x4F, 0xC4, 0x00, 0x4F, 0xC4, 0x84, 0x4F, 0xC0, 0x2F, 0xC2, 0x80,
    0x4F, 0xE4, 0x82, 0xCF, 0xE4, 0x80, 0x4F, 0xE4, 0xAA, 0x4F, 0xE4, 0xAA, 0x52, 0xA0, 0x04,
    0x00, 0x80, 0x11, 0x02, 0x08, 0x7F, 0xC1, 0x14, 0x11, 0x01, 0x10, 0x11, 0x22, 0x12, 0xC1,
    0xE0, 0x3C, 0x00, 0x40, 0x04, 0x00, 0x40, 0x0A, 0x00, 0xA0, 0x11, 0x01, 0x10, 0x20, 0x84,
    0x04, 0x80, 0x20, 0x3C, 0x00, 0xA0, 0x31, 0x8C, 0x06, 0x3F, 0x80, 0x40, 0x04, 0x07, 0xFC,
    0x04, 0x00, 0x40, 0xFF, 0xE0, 0x11, 0x01, 0x10, 0x20, 0x82, 0x08, 0x40, 0x48, 0x82, 0x08,
    0x01, 0x08, 0x10, 0x82, 0x34, 0x7C, 0x40, 0x20, 0x81, 0x10, 0x7F, 0xC0, 0x40, 0x04, 0x00,
    0x40, 0xFF, 0xE0, 0xA0, 0x11, 0x02, 0x08, 0xC0, 0x60, 0x04, 0x00, 0x40, 0xFF, 0xE8, 0x42,
    0x84, 0x28, 0xA2, 0x91, 0x2A, 0x0A, 0x80, 0x28, 0x02, 0x80, 0xE0, 0xFF, 0xE0, 0x40, 0x7F,
    0xC4, 0x44, 0x7F, 0xC4, 0x44, 0x44, 0x4F, 0xFE, 0x40, 0x44, 0x04, 0x41, 0xC0, 0x82, 0x04,
    0x20, 0x4F, 0xC0, 0x24, 0x02, 0x40, 0x24, 0x5F, 0xE4, 0x20, 0x45, 0x08, 0x88, 0xB0, 0x60,
    0x85, 0x04, 0x48, 0x4F, 0xE1, 0x88, 0x0F, 0xE0, 0x88, 0x48, 0x84, 0xFE, 0x48, 0x88, 0x88,
    0x8F, 0xE0, 0x80, 0xA4, 0x0A, 0x4F, 0xE0, 0x88, 0x0E, 0xA0, 0x8A, 0x4E, 0xA4, 0xA4, 0x4E,
    0x48, 0x8A, 0x93, 0x20, 0x04, 0x04, 0x44, 0x44, 0x44, 0x44, 0x7F, 0xC0, 0x40, 0x04, 0x08,
    0x42, 0x84, 0x28, 0x42, 0xFF, 0xE0, 0xEE, 0x2A, 0xAA, 0xAA, 0xAA, 0xAA, 0xAA, 0xAF, 0xFA,
    0xAA, 0xAA, 0xAA, 0xAA, 0x2A, 0xA2, 0x76, 0xE0, 0x02, 0x0F, 0x20, 0x2F, 0xE2, 0x22, 0x22,
    0x22, 0x22, 0x22, 0x23, 0x22, 0xC4, 0x20, 0x42, 0x08, 0xC0, 0x20, 0x02, 0x1E, 0xFD, 0x22,
    0x52, 0x25, 0x22, 0x52, 0x25, 0x22, 0x52, 0x45, 0x24, 0x52, 0x99, 0xE0, 0x01, 0x07, 0x90,
    0x07, 0xE0, 0x12, 0xF9, 0x22, 0x12, 0x41, 0x24, 0x92, 0x9A, 0x2E, 0xA2, 0x04, 0xC0, 0x20,
    0x03, 0xFC, 0x40, 0x4B, 0xE4, 0x22, 0x42, 0x24, 0x3E, 0x42, 0x1C, 0x20, 0x02, 0x02, 0x1F,
    0xE0, 0xFF, 0xE8, 0x90, 0x89, 0x08, 0x90, 0x89, 0x09, 0x12, 0x91, 0x2A, 0x1E, 0x80, 0x08,
    0x00, 0xFF, 0xE0, 0x44, 0x04, 0x40, 0x5F, 0x8E, 0x48, 0x44, 0x84, 0xCC, 0x54, 0xA4, 0x4A,
    0x48, 0x84, 0x88, 0x53, 0x00, 0x20, 0x81, 0x10, 0x7F, 0xC4, 0x44, 0x7F, 0xC4, 0x44, 0x7F,
    0xC0, 0x40, 0xFF, 0xE0, 0x40, 0x04, 0x00, 0xFB, 0xE8, 0xA2, 0x8A, 0x2F, 0xA2, 0x8A, 0x28,
    0xA2, 0xFA, 0x29, 0x22, 0x92, 0x2A, 0xAE, 0xCA, 0x00, 0x49, 0x04, 0x88, 0x88, 0x0F, 0xFE,
    0x10, 0x01, 0xF8, 0x28, 0x82, 0x50, 0x42, 0x04, 0xD8, 0xB0, 0x60, 0xFC, 0x04, 0xBE, 0x7A,
    0x24, 0xA2, 0x4A, 0x27, 0xA2, 0x49, 0x44, 0x94, 0x58, 0x8E, 0x94, 0x0A, 0x20, 0x7F, 0xC4,
    0x04, 0x40, 0x44, 0x04, 0x40, 0x47, 0xFC, 0x00, 0x00, 0x00, 0x20, 0x84, 0x04, 0x80, 0x20,
    0xFF, 0xE0, 0x04, 0x00, 0x43, 0xE4, 0x22, 0x42, 0x24, 0x22, 0x43, 0xE4, 0x00, 0x40, 0x04,
    0x01, 0xC0, 0xFF, 0xE0, 0x20, 0x0C, 0x03, 0x58, 0xC4, 0x60, 0x40, 0x00, 0x07, 0xFC, 0x40,
    0x44, 0x04, 0x7F, 0xC0, 0x0E, 0x03, 0x18, 0xCE, 0x60, 0x00, 0x7F, 0xC0, 0x08, 0x01, 0x07,
    0xFC, 0x40, 0x44, 0x04, 0x7F, 0xC0, 0x01, 0xC3, 0xE0, 0x20, 0x03, 0xFE, 0x20, 0x23, 0xFE,
    0x20, 0x03, 0xFE, 0x50, 0x25, 0x02, 0x9F, 0xE0, 0x44, 0x07, 0xFC, 0x84, 0x00, 0x40, 0xFF,
    0xE0, 0x00, 0x7F, 0xC4, 0x04, 0x40, 0x44, 0x04, 0x7F, 0xC0, 0xFF, 0xE8, 0x02, 0x80, 0x29,
    0xF2, 0x91, 0x29, 0x12, 0x91, 0x29, 0xF2, 0x80, 0x28, 0x02, 0xFF, 0xE0, 0xFF, 0xE8, 0x42,
    0xBF, 0xA8, 0x42, 0x9F, 0x28, 0x42, 0xBF, 0xA8, 0x4A, 0x85, 0xA8, 0x42, 0xFF, 0xE0, 0xFF,
    0xE8, 0x42, 0x84, 0x2B, 0xFA, 0x84, 0x29, 0xF2, 0x91, 0x29, 0x12, 0x9F, 0x28, 0x02, 0xFF,
    0xE0, 0xFF, 0xE8, 0x82, 0x8F, 0x2B, 0x12, 0x8E, 0x2F, 0x1E, 0x8C, 0x28, 0x32, 0x98, 0x28,
    0x62, 0xFF, 0xE0, 0x08, 0x00, 0x80, 0xFF, 0xE1, 0x00, 0x11, 0x02, 0x10, 0x6F, 0xEA, 0x10,
    0x21, 0x02, 0x10, 0x2F, 0xE0, 0xFE, 0x22, 0x4A, 0x24, 0xAF, 0xEA, 0x24, 0xA4, 0x42, 0x80,
    0x60, 0x40, 0x7F, 0xC0, 0x40, 0xFF, 0xE0, 0x44, 0x45, 0xFE, 0x51, 0x2F, 0x56, 0x5F, 0xE4,
    0x00, 0x4F, 0xC6, 0x84, 0xCF, 0xC0, 0x84, 0x0F, 0xC0, 0x04, 0x0F, 0xFE, 0x04, 0x07, 0xFC,
    0x00, 0x07, 0xFC, 0x44, 0x47, 0xFC, 0x40, 0x04, 0x00, 0x80, 0x00, 0x10, 0x03, 0xF8, 0xD1,
    0x00, 0xE0, 0x31, 0x8C, 0x06, 0x7F, 0xC4, 0x44, 0x7F, 0xC4, 0x44, 0x7F, 0xC0, 0x40, 0x07,
    0xFE, 0xA0, 0x43, 0xFC, 0x20, 0x43, 0xFC, 0x08, 0x01, 0xFC, 0x70, 0x80, 0xF0, 0xF0, 0xE0,
    0x04, 0x00, 0xF8, 0x70, 0x80, 0x90, 0x06, 0x81, 0x9E, 0xE2, 0x21, 0xC2, 0x02, 0x40, 0x18,
    0x3E, 0x00, 0x24, 0x02, 0x40, 0x3F, 0xC4, 0x40, 0x84, 0x00, 0x40, 0xFF, 0xE0, 0xA0, 0x11,
    0x02, 0x08, 0xC0, 0x60, 0x08, 0x0F, 0xFE, 0x10, 0x02, 0x7C, 0x20, 0x86, 0x10, 0xA1, 0x02,
    0xFE, 0x21, 0x02, 0x10, 0x23, 0x00, 0x04, 0x0F, 0xFE, 0x80, 0x2B, 0xFA, 0x00, 0x00, 0x00,
    0xFF, 0xE1, 0x10, 0x11, 0x02, 0x12, 0xC1, 0xE0, 0x04, 0x0F, 0xFE, 0x80, 0x20, 0x00, 0x7F,
    0xC0, 0x40, 0x24, 0x02, 0x7C, 0x24, 0x05, 0xC0, 0x83, 0xE0, 0x04, 0x0F, 0xFE, 0x91, 0x26,
    0x4C, 0x0A, 0x03, 0x18, 0xC0, 0x63, 0xF8, 0x20, 0x82, 0x08, 0x3F, 0x80, 0x04, 0x0F, 0xFE,
    0x89, 0x25, 0x24, 0x9C, 0x23, 0x08, 0xDF, 0x80, 0x00, 0x44, 0x44, 0x44, 0x7F, 0xC0, 0x00,
    0x4F, 0x04, 0x17, 0xE9, 0x04, 0x50, 0x45, 0x44, 0x22, 0x42, 0x24, 0x50, 0x45, 0x04, 0x81,
    0xC0, 0x7F, 0xC4, 0x04, 0x7F, 0xC4, 0x00, 0x40, 0x23, 0xFE, 0x00, 0x8F, 0xFE, 0x20, 0x81,
    0x08, 0x03, 0x80, 0x21, 0xE2, 0xE2, 0xA2, 0x46, 0x18, 0x2E, 0x02, 0x04, 0x6F, 0xEA, 0x04,
    0x24, 0x42, 0x24, 0x20, 0xC0, 0x04, 0x00, 0x40, 0x24, 0x82, 0x44, 0x44, 0x28, 0x42, 0x1C,
    0x80, 0x10, 0x06, 0x01, 0x80, 0xE0, 0x00, 0x7F, 0xC0, 0x04, 0x00, 0x44, 0x04, 0x40, 0x47,
    0xFC, 0x40, 0x04, 0x00, 0x40, 0x24, 0x02, 0x3F, 0xE0, 0x03, 0xEF, 0xC0, 0x04, 0x00, 0x40,
    0x7F, 0xC4, 0x44, 0x44, 0x44, 0x44, 0x44, 0xC0, 0x40, 0x04, 0x00, 0x02, 0x07, 0xFE, 0x48,
    0x87, 0xFE, 0x48, 0x84, 0xF8, 0x40, 0x05, 0xFC, 0x48, 0x84, 0x70, 0xB8, 0xE0, 0xFF, 0xE2,
    0x08, 0x20, 0x82, 0x08, 0x20, 0x8F, 0xFE, 0x20, 0x82, 0x08, 0x40, 0x84, 0x08, 0x80, 0x80,
    0x24, 0x02, 0xFE, 0xA4, 0x0B, 0x48, 0xA4, 0xAA, 0x5A, 0x26, 0xC2, 0x48, 0x24, 0x82, 0x94,
    0x26, 0x20, 0x08, 0x03, 0xF8, 0x20, 0x83, 0xF8, 0x20, 0x83, 0xF8, 0x20, 0x83, 0xF8, 0x54,
    0x45, 0x2A, 0x8F, 0xA0, 0x04, 0x07, 0xFC, 0x11, 0x0F, 0xFE, 0x20, 0x83, 0xF8, 0x20, 0x83,
    0xF8, 0x14, 0x45, 0x2A, 0x8F, 0xA0, 0x02, 0x80, 0x24, 0x7F, 0xE4, 0x20, 0x7A, 0x44, 0xA4,
    0x4A, 0x84, 0x90, 0x59, 0x24, 0x2A, 0x8C, 0x60, 0x21, 0x42, 0x12, 0x39, 0x02, 0x1E, 0x27,
    0x02, 0x12, 0xF9, 0x48, 0x88, 0x88, 0xA8, 0x96, 0xFA, 0x20, 0x03, 0xC7, 0xC0, 0x04, 0x00,
    0x40, 0x7F, 0xC0, 0x40, 0x04, 0x0F, 0xFE, 0x04, 0x00, 0x40, 0x1C, 0x00, 0x27, 0xE2, 0x08,
    0xF0, 0x82, 0x08, 0x20, 0x83, 0x08, 0xE0, 0x82, 0x08, 0x20, 0x82, 0x08, 0xE3, 0x80, 0x4F,
    0xE4, 0x80, 0xE8, 0x04, 0xFC, 0x48, 0x46, 0x84, 0xC8, 0x44, 0xFC, 0x48, 0x04, 0x80, 0xCF,
    0xE0, 0x4F, 0xE4, 0x82, 0xE4, 0x44, 0x38, 0x4C, 0x66, 0x10, 0xC7, 0xC4, 0x10, 0x4F, 0xE4,
    0x10, 0xC1, 0x00, 0x41, 0x04, 0xFE, 0xE8, 0x24, 0x10, 0x41, 0x06, 0xFE, 0xC2, 0x44, 0x44,
    0x42, 0x84, 0x18, 0xCE, 0x60, 0x42, 0x84, 0x28, 0xEA, 0xA4, 0x6C, 0x42, 0x86, 0x28, 0xC6,
    0xC4, 0xAA, 0x42, 0x84, 0x4A, 0xD8, 0xE0, 0x4F, 0xE4, 0x82, 0xE8, 0x24, 0xFE, 0x48, 0x86,
    0xFE, 0xC8, 0x84, 0xBE, 0x4A, 0x24, 0xA2, 0xD3, 0xE0, 0x40, 0xC5, 0xF0, 0xEA, 0x24, 0x54,
    0x5F, 0xE7, 0x02, 0xCF, 0xC4, 0x84, 0x44, 0x84, 0x30, 0xDC, 0xE0, 0x42, 0x84, 0x28, 0xEE,
    0xE4, 0x28, 0x42, 0x86, 0xEE, 0xC2, 0x84, 0x28, 0x4E, 0xE4, 0x48, 0xC8, 0x80, 0x47, 0xC4,
    0x44, 0xE7, 0xC4, 0xEE, 0x4A, 0xA6, 0xEE, 0xC1, 0x04, 0xFE, 0x43, 0x84, 0x54, 0xC9, 0x20,
    0x41, 0x04, 0xFE, 0xE8, 0x24, 0x6C, 0x4A, 0xA6, 0x44, 0xCB, 0xA4, 0x00, 0x4F, 0xE4, 0x54,
    0xCB, 0x20, 0x11, 0x0F, 0xD0, 0x01, 0xE4, 0xA4, 0x85, 0x44, 0x94, 0x49, 0x42, 0x94, 0x10,
    0x82, 0x94, 0xC6, 0x20, 0x95, 0x05, 0x90, 0xFD, 0xE3, 0x24, 0x59, 0x49, 0x54, 0x21, 0x4F,
    0xD4, 0x24, 0x83, 0x94, 0xC6, 0x20, 0x11, 0x0F, 0xFE, 0x55, 0x47, 0xD4, 0x38, 0x85, 0x54,
    0xFF, 0xE0, 0x40, 0x27, 0xC2, 0x40, 0xFF, 0xE0, 0x08, 0x00, 0x40, 0xFF, 0xE2, 0x08, 0x20,
    0x81, 0x10, 0x11, 0x00, 0xA0, 0x04, 0x01, 0xB0, 0xE0, 0xE0, 0x90, 0x6D, 0x78, 0xBA, 0x09,
    0x20, 0xFF, 0xE9, 0x24, 0xBA, 0x4D, 0x64, 0x92, 0x48, 0x24, 0xFC, 0x40, 0x10, 0x6F, 0xD8,
    0x45, 0x02, 0x90, 0xFD, 0xE1, 0x14, 0xFD, 0x43, 0x94, 0x55, 0x49, 0x24, 0x12, 0x40, 0x08,
    0x00, 0x40, 0xFF, 0xE0, 0x80, 0x08, 0x00, 0xFC, 0x08, 0x41, 0x04, 0x10, 0x42, 0x04, 0xC1,
    0x80, 0x7F, 0xC0, 0x40, 0x04, 0x00, 0x40, 0xFF, 0xE0, 0xA0, 0x0A, 0x01, 0x20, 0x12, 0x22,
    0x22, 0xC3, 0xE0, 0x00, 0x4F, 0x04, 0x97, 0xE9, 0x04, 0x90, 0x4F, 0x44, 0x92, 0x49, 0x24,
    0x90, 0x4F, 0x04, 0x01, 0xC0, 0xF7, 0xE9, 0x42, 0x94, 0x29, 0x7E, 0xF4, 0x29, 0x42, 0x97,
    0xE9, 0x42, 0xF4, 0x20, 0x82, 0x10, 0xE0, 0x7F, 0xC4, 0x04, 0x7F, 0xC4, 0x04, 0x7F, 0xC2,
    0x00, 0x3F, 0xE4, 0x92, 0x89, 0x21, 0x22, 0x24, 0xC0, 0x7F, 0xC4, 0x04, 0x7F, 0xC4, 0x04,
    0x7F, 0xC0, 0x00, 0xFF, 0xE2, 0x40, 0x27, 0xC5, 0xC0, 0x83, 0xE0, 0xFF, 0xE0, 0x40, 0x7F,
    0xC4, 0x44, 0x7F, 0xC4, 0x44, 0x7F, 0xC4, 0x40, 0x24, 0x01, 0x80, 0xE7, 0xE0, 0x08, 0x0F,
    0xFE, 0x10, 0x02, 0x00, 0x3F, 0xC6, 0x04, 0xBF, 0xC2, 0x04, 0x3F, 0xC2, 0x04, 0x21, 0xC0,
    0x49, 0xEF, 0xD2, 0x49, 0x27, 0x9E, 0x49, 0x27, 0x92, 0x49, 0xEF, 0xD2, 0x01, 0x24, 0xA2,
    0x84, 0x60, 0x04, 0x00, 0x40, 0x7F, 0xC0, 0x40, 0x04, 0x0F, 0xFE, 0x15, 0x01, 0x50, 0x24,
    0x8C, 0x46, 0x04, 0x00, 0x04, 0x00, 0x40, 0xFF, 0xE1, 0x50, 0x15, 0x01, 0x50, 0x24, 0x82,
    0x48, 0x5F, 0x48, 0x42, 0x04, 0x00, 0x27, 0x82, 0x48, 0xF4, 0x82, 0x48, 0x24, 0x86, 0x48,
    0x74, 0x8A, 0x48, 0x24, 0xA2, 0x4A, 0x28, 0xE0, 0x2F, 0xE2, 0x82, 0xF8, 0x22, 0x82, 0x24,
    0x46, 0x44, 0x74, 0x4A, 0x28, 0x21, 0x02, 0x28, 0x2C, 0x60, 0x04, 0x0F, 0xFE, 0x04, 0x07,
    0xFC, 0x44, 0x44, 0x44, 0x7F, 0xC1, 0x50, 0x24, 0x8C, 0x46, 0x04, 0x00, 0x27, 0xE2, 0x40,
    0xF4, 0x02, 0x7E, 0x24, 0x26, 0x42, 0x76, 0x4A, 0x54, 0x24, 0x82, 0x54, 0x2A, 0x20, 0x24,
    0x02, 0x7E, 0xF4, 0x22, 0xA2, 0x22, 0x26, 0x22, 0x74, 0xAA, 0x4A, 0x2F, 0x62, 0x02, 0x20,
    0xC0, 0x7F, 0xC4, 0x44, 0x7F, 0xC4, 0x44, 0x7F, 0xC0, 0x40, 0xFF, 0xE1, 0x50, 0x24, 0x8C,
    0x46, 0x04, 0x00, 0x21, 0x02, 0xFE, 0xF2, 0x02, 0x44, 0x2F, 0x86, 0x10, 0x72, 0x2A, 0xC4,
    0x20, 0x82, 0x34, 0x2C, 0x20, 0x84, 0x04, 0x40, 0x47, 0xE0, 0x82, 0x11, 0x40, 0x10, 0x41,
    0x04, 0x28, 0x42, 0x88, 0x44, 0x98, 0x20, 0x21, 0x0F, 0x90, 0x21, 0xEF, 0xA2, 0x02, 0xAF,
    0x88, 0x00, 0x8F, 0x88, 0x31, 0x4A, 0x94, 0x62, 0x20, 0xFF, 0xE0, 0x40, 0x04, 0x00, 0x40,
    0x24, 0x02, 0x7C, 0x24, 0x02, 0x40, 0x24, 0x02, 0x40, 0xFF, 0xE0, 0x11, 0x01, 0x10, 0x11,
    0x25, 0x14, 0x5D, 0x85, 0x10, 0x51, 0x05, 0x10, 0x51, 0x25, 0xD2, 0xE0, 0xE0, 0x04, 0x80,
    0x44, 0xFF, 0xE0, 0x40, 0x44, 0x42, 0x68, 0x05, 0x00, 0xC8, 0x34, 0x4C, 0x42, 0x1C, 0x00,
    0x47, 0x82, 0x48, 0x04, 0x88, 0x48, 0x58, 0xE0, 0x00, 0x0F, 0xC4, 0x84, 0x44, 0x88, 0x30,
    0x9C, 0xE0, 0x41, 0x02, 0x10, 0x0F, 0xC8, 0x10, 0x41, 0x01, 0xFE, 0x02, 0x04, 0x44, 0x44,
    0x48, 0x9A, 0x9E, 0x20, 0x49, 0x22, 0x54, 0x01, 0x08, 0xFE, 0x48, 0x20, 0xFE, 0x08, 0x24,
    0xFE, 0x48, 0x28, 0x82, 0x88, 0x60, 0x57, 0xE5, 0x40, 0x54, 0x07, 0xFE, 0x44, 0x24, 0x42,
    0x76, 0x45, 0x54, 0x54, 0x85, 0x54, 0x9A, 0x20, 0x7F, 0xC4, 0x44, 0x44, 0x47, 0xFC, 0x44,
    0x44, 0x44, 0x7F, 0xC4, 0x44, 0x44, 0x44, 0x44, 0x84, 0xC0, 0x08, 0x0F, 0xF8, 0x88, 0x88,
    0x88, 0xFF, 0x88, 0x88, 0x88, 0x8F, 0xF8, 0x08, 0x20, 0x82, 0x07, 0xE0, 0x22, 0x04, 0x20,
    0xFB, 0xE8, 0xC2, 0x88, 0x28, 0x92, 0xF8, 0xA8, 0x8A, 0x88, 0x28, 0x82, 0xF8, 0xC0, 0x40,
    0x07, 0xDE, 0x51, 0x29, 0x12, 0x11, 0x2F, 0xD2, 0x11, 0x22, 0x92, 0x25, 0x24, 0x5E, 0x80,
    0x00, 0xF7, 0xC2, 0x04, 0x22, 0x44, 0x24, 0x72, 0x4D, 0x3E, 0x50, 0x25, 0x02, 0x57, 0xA7,
    0x02, 0x01, 0xC0, 0xF2, 0x02, 0x3C, 0x24, 0x44, 0xFE, 0x74, 0xAD, 0x7E, 0x54, 0xA5, 0x7E,
    0x54, 0x27, 0x42, 0x08, 0x60, 0x19, 0x0E, 0x10, 0x21, 0x02, 0x10, 0xF9, 0x02, 0x20, 0x72,
    0x46, 0xA4, 0xA4, 0x22, 0x4E, 0x2F, 0x20, 0x11, 0x0E, 0x3E, 0x2C, 0x22, 0x24, 0xF1, 0x82,
    0xE0, 0x63, 0xE6, 0xC2, 0xB2, 0x42, 0x18, 0x2E, 0x00, 0x04, 0x0F, 0xFE, 0x91, 0x22, 0x10,
    0xC1, 0xE0, 0x00, 0x7F, 0xC0, 0x40, 0x04, 0x00, 0x40, 0xFF, 0xE0, 0x08, 0x00, 0x40, 0xFF,
    0xE0, 0x00, 0x20, 0x82, 0x08, 0x10, 0x81, 0x10, 0x11, 0x00, 0x20, 0xFF, 0xE0, 0x04, 0x07,
    0xFC, 0x11, 0x0F, 0xFE, 0x20, 0x83, 0xF8, 0x20, 0x83, 0xF8, 0x04, 0x0F, 0xFE, 0x04, 0x00,
    0x42, 0x07, 0xBE, 0x94, 0x87, 0xFC, 0x04, 0x47, 0xFC, 0x44, 0x07, 0xFE, 0x14, 0x22, 0x42,
    0xC4, 0xC0, 0x42, 0x07, 0xBE, 0x94, 0x80, 0xA0, 0x31, 0x8D, 0xF6, 0x00, 0x44, 0x88, 0x24,
    0x80, 0x10, 0xFF, 0xE0, 0x21, 0x02, 0x10, 0x4F, 0xE9, 0x10, 0xE1, 0x02, 0x7C, 0x40, 0x0F,
    0x7C, 0x04, 0x43, 0x44, 0xC7, 0xC0, 0x44, 0x04, 0x78, 0x88, 0x89, 0xFE, 0xE9, 0x24, 0x92,
    0x8F, 0xEE, 0x80, 0x08, 0x22, 0x82, 0xC7, 0xE0, 0x48, 0x84, 0xAA, 0x89, 0xCA, 0x88, 0xCB,
    0xE4, 0x88, 0x89, 0xCE, 0xAA, 0x08, 0x82, 0x80, 0xCF, 0xE0, 0x41, 0x04, 0x7C, 0x81, 0x0A,
    0xFE, 0xC4, 0x24, 0xA8, 0x84, 0x8E, 0xFE, 0x01, 0x02, 0x24, 0xCC, 0x20, 0xFF, 0xE9, 0x12,
    0xFF, 0xE0, 0x40, 0xFF, 0xE0, 0x40, 0x3F, 0x82, 0x08, 0x3F, 0x82, 0x08, 0xFF, 0xE0, 0x7F,
    0xC4, 0xA4, 0x7F, 0xC0, 0x82, 0x7F, 0x40, 0x88, 0xFF, 0xE2, 0x04, 0x7F, 0xCA, 0x04, 0x3F,
    0xC0, 0xFA, 0x49, 0x28, 0xF7, 0xE9, 0x42, 0x94, 0x2F, 0x42, 0x97, 0xE9, 0x10, 0xF4, 0x49,
    0xA2, 0x11, 0xC0, 0x11, 0x0F, 0xFE, 0x11, 0x00, 0x00, 0x7F, 0xC0, 0x84, 0x08, 0x40, 0x84,
    0x09, 0x80, 0x80, 0x08, 0x00, 0x11, 0x0F, 0xFE, 0x11, 0x00, 0x00, 0x12, 0x02, 0x22, 0x62,
    0xCA, 0xF0, 0x22, 0x02, 0x22, 0x21, 0xE0, 0x11, 0x0F, 0xFE, 0x11, 0x04, 0x00, 0x2F, 0xC8,
    0x84, 0x48, 0x40, 0x9C, 0x28, 0x04, 0x82, 0x87, 0xE0, 0x11, 0x0F, 0xFE, 0x11, 0x00, 0x1C,
    0x7E, 0x04, 0x84, 0x24, 0x8F, 0xFE, 0x15, 0x02, 0x48, 0xC4, 0x60, 0x27, 0xC4, 0x00, 0x80,
    0x02, 0xFE, 0x40, 0x8C, 0x08, 0x40, 0x84, 0x08, 0x40, 0x84, 0x08, 0x43, 0x80, 0x23, 0xE3,
    0x92, 0x49, 0x2F, 0xE6, 0x54, 0x07, 0xD4, 0x55, 0xE7, 0xE4, 0x45, 0xE4, 0x44, 0x8C, 0x40,
    0x08, 0x00, 0x40, 0xFF, 0xE0, 0x00, 0x7F, 0xC0, 0x00, 0x7F, 0xC0, 0x00, 0x7F, 0xC4, 0x04,
    0x7F, 0xC0, 0x52, 0x0F, 0xFE, 0x55, 0x47, 0x58, 0x0A, 0x4F, 0xFE, 0x00, 0x07, 0xFC, 0x20,
    0x82, 0x08, 0x3F, 0x80, 0x41, 0x02, 0x10, 0x01, 0x00, 0x10, 0xE1, 0x02, 0x10, 0x22, 0x82,
    0x28, 0x24, 0x43, 0x44, 0x28, 0x20, 0x82, 0x04, 0x92, 0x09, 0x20, 0x82, 0xC4, 0x44, 0x44,
    0x44, 0x44, 0x28, 0x51, 0x06, 0x28, 0x4C, 0x60, 0x88, 0x04, 0xFC, 0x11, 0x00, 0x10, 0xC1,
    0x05, 0xFE, 0x41, 0x04, 0x10, 0x41, 0x06, 0x10, 0x41, 0x00, 0x87, 0x84, 0x48, 0x04, 0x80,
    0x48, 0xD8, 0xE4, 0x00, 0x4F, 0xC4, 0x84, 0x44, 0x86, 0x30, 0x5C, 0xE0, 0x9F, 0xE4, 0x10,
    0x01, 0x00, 0x10, 0xC9, 0x04, 0x9E, 0x49, 0x04, 0x90, 0x49, 0x06, 0x90, 0x5F, 0xE0, 0x80,
    0xC4, 0xF0, 0x01, 0x00, 0x10, 0xCF, 0xE4, 0x10, 0x41, 0x04, 0x7C, 0x54, 0x46, 0x44, 0x47,
    0xC0, 0x8F, 0xE4, 0x20, 0x0F, 0xC0, 0x44, 0xC4, 0x45, 0xFE, 0x40, 0x04, 0xFE, 0x48, 0x26,
    0x82, 0x4F, 0xE0, 0x8F, 0xC4, 0x84, 0x08, 0x40, 0xFC, 0xC0, 0x04, 0xFC, 0x41, 0x05, 0xFE,
    0x41, 0x06, 0x28, 0x5C, 0x60, 0x81, 0x04, 0xFC, 0x01, 0x00, 0xFC, 0xC1, 0x05, 0xFE, 0x48,
    0x44, 0xFC, 0x58, 0x46, 0xFC, 0x48, 0x40, 0x81, 0x04, 0xFC, 0x01, 0x01, 0xFE, 0xC4, 0x25,
    0x28, 0x48, 0x85, 0xFE, 0x41, 0x06, 0x64, 0x58, 0x20, 0x3F, 0x04, 0x10, 0xFF, 0xC4, 0x44,
    0x7F, 0xC1, 0xC2, 0xE6, 0x41, 0x98, 0xE7, 0x41, 0x92, 0xE6, 0x00, 0x12, 0x0F, 0xFC, 0x12,
    0x4F, 0xFE, 0x92, 0x2F, 0xFE, 0x40, 0x44, 0x44, 0x44, 0x41, 0xB0, 0xE0, 0xE0, 0x13, 0xE7,
    0xD2, 0x11, 0x21, 0x26, 0xFC, 0x01, 0x3E, 0x52, 0x25, 0xE2, 0x53, 0xEB, 0x00, 0x8F, 0xE0,
    0x08, 0x03, 0xF8, 0x20, 0x83, 0xF8, 0x20, 0x83, 0xFA, 0x20, 0xCF, 0xF8, 0x04, 0x81, 0x88,
    0xE3, 0x80, 0x21, 0x0F, 0x28, 0x44, 0x4A, 0xBA, 0xA0, 0x0F, 0xEA, 0x2A, 0xA3, 0xEA, 0xEA,
    0xA2, 0xE2, 0x2A, 0x60, 0x80, 0xC4, 0xF0, 0x01, 0x00, 0x10, 0xDF, 0xE4, 0x10, 0x41, 0x04,
    0x10, 0x41, 0x0A, 0x00, 0x9F, 0xE0, 0x80, 0x84, 0x08, 0x1F, 0xE0, 0x08, 0xC8, 0x84, 0x48,
    0x44, 0x84, 0x08, 0x43, 0x8A, 0x00, 0x9F, 0xE0, 0x8F, 0xE4, 0x80, 0x08, 0x00, 0xFE, 0xC8,
    0x24, 0xC2, 0x4A, 0x44, 0x98, 0x56, 0x6A, 0x00, 0x9F, 0xE0, 0x84, 0x84, 0x48, 0x1F, 0xE0,
    0x48, 0xC4, 0x85, 0xFE, 0x44, 0x84, 0x48, 0x48, 0x8A, 0x00, 0x9F, 0xE0, 0x8F, 0xC4, 0x84,
    0x0F, 0xC0, 0x84, 0xCF, 0xC4, 0xA2, 0x49, 0x44, 0xA8, 0x4C, 0x6A, 0x00, 0x9F, 0xE0, 0x84,
    0x44, 0x28, 0x0F, 0xE0, 0x10, 0xC1, 0x04, 0xFE, 0x41, 0x04, 0x28, 0x4C, 0x6A, 0x00, 0x9F,
    0xE0, 0x89, 0x04, 0xFC, 0x11, 0x00, 0x10, 0xDF, 0xE4, 0x48, 0x44, 0x84, 0x8A, 0x50, 0xEA,
    0x00, 0x9F, 0xE0, 0x11, 0xE7, 0xD2, 0x01, 0x24, 0x54, 0x29, 0x4F, 0xF2, 0x01, 0x27, 0xD2,
    0x45, 0xC4, 0x50, 0x7D, 0x00, 0xFB, 0xE5, 0x02, 0x50, 0x2F, 0x82, 0xA8, 0x2A, 0xBE, 0xDA,
    0x08, 0xA0, 0xFA, 0x28, 0xA2, 0xF9, 0xE0, 0x7F, 0xC4, 0x04, 0x7F, 0xC4, 0x04, 0xFF, 0xE4,
    0x44, 0x7F, 0xC4, 0x44, 0x7F, 0xC0, 0x40, 0xFF, 0xE0, 0x04, 0x00, 0xA0, 0x31, 0x8C, 0x06,
    0x3F, 0x80, 0x40, 0x04, 0x07, 0xFC, 0x24, 0x81, 0x50, 0xFF, 0xE0, 0x47, 0xE7, 0x42, 0x84,
    0x2F, 0x7E, 0x44, 0x24, 0x42, 0xF7, 0xE4, 0x42, 0x54, 0x26, 0x42, 0x48, 0x60, 0x41, 0x47,
    0x12, 0x81, 0xEF, 0x70, 0x41, 0x04, 0x1E, 0xF7, 0x04, 0x12, 0x50, 0xC6, 0x1A, 0x4E, 0x60,
    0x49, 0x26, 0x54, 0x81, 0x0E, 0xFE, 0x48, 0x24, 0x92, 0xE9, 0x24, 0x92, 0x42, 0x86, 0x44,
    0x48, 0x20, 0x44, 0x86, 0xFC, 0x84, 0x8E, 0x48, 0x5F, 0xE4, 0x00, 0xEF, 0xC4, 0x84, 0x4F,
    0xC6, 0x84, 0x4F, 0xC0, 0x40, 0x87, 0xBE, 0x88, 0xAE, 0xFE, 0x50, 0xA5, 0xBE, 0xE8, 0x84,
    0xBE, 0x58, 0x86, 0xC8, 0x53, 0xE0, 0x20, 0x82, 0x10, 0x22, 0x02, 0xC0, 0x20, 0x0F, 0xFE,
    0x24, 0x02, 0x20, 0x21, 0x02, 0x88, 0x30, 0x60, 0x9F, 0xE4, 0x02, 0x04, 0x28, 0x42, 0xBF,
    0xA8, 0x42, 0x8E, 0x29, 0x52, 0xA4, 0xA8, 0x42, 0x80, 0xE0, 0x9F, 0xE4, 0x02, 0x11, 0x28,
    0xA2, 0x9F, 0x29, 0x12, 0x91, 0x29, 0xF2, 0x8A, 0x29, 0x2A, 0xA3, 0xA0, 0xF1, 0x09, 0x10,
    0x91, 0x0A, 0x10, 0xA1, 0x09, 0x10, 0x92, 0x89, 0x28, 0xE4, 0x48, 0x44, 0x88, 0x20, 0xEF,
    0xCA, 0x84, 0xAF, 0xCA, 0x84, 0xC8, 0x4A, 0xFC, 0xA9, 0x2A, 0x94, 0xE8, 0x88, 0xA4, 0x8C,
    0x20, 0xE3, 0x8A, 0x44, 0xB8, 0x2A, 0x7C, 0xC1, 0x0A, 0x10, 0xAF, 0xEA, 0x10, 0xE9, 0x49,
    0x12, 0x83, 0x00, 0xE1, 0x0B, 0x7E, 0xA9, 0x0A, 0x3C, 0xC6, 0x4B, 0xBC, 0xAA, 0x4A, 0xBC,
    0xEA, 0x49, 0x40, 0x93, 0xE0, 0x13, 0xEF, 0xC8, 0xA7, 0xE3, 0xA2, 0xCA, 0xA3, 0x2A, 0xCE,
    0xA7, 0xAA, 0x48, 0x84, 0x94, 0x7A, 0x20, 0xE1, 0x02, 0x28, 0xA4, 0x4A, 0x82, 0xA7, 0xCF,
    0x00, 0x1A, 0x23, 0x54, 0xD5, 0x41, 0x08, 0x6F, 0xE0, 0x04, 0x0F, 0xFE, 0x20, 0x83, 0xF8,
    0x00, 0x0F, 0xFE, 0x80, 0x29, 0xF2, 0x91, 0x29, 0xF2, 0x80, 0x60, 0x04, 0x00, 0xE0, 0x0E,
    0x00, 0xE0, 0x04, 0x00, 0x40, 0x04, 0x00, 0x00, 0x04, 0x00, 0x00, 0x40, 0x08, 0x00, 0x80,
    0x10, 0x01, 0x00, 0x10, 0x01, 0x00, 0x10, 0x00, 0x80, 0x08, 0x00, 0x40, 0x40, 0x02, 0x00,
    0x20, 0x01, 0x00, 0x10, 0x01, 0x00, 0x10, 0x01, 0x00, 0x20, 0x02, 0x00, 0x40, 0x00, 0x30,
    0x03, 0x00, 0x10, 0x02, 0x00, 0x0E, 0x01, 0x10, 0x13, 0x01, 0x50, 0x15, 0x01, 0x90, 0x11,
    0x00, 0xE0, 0x04, 0x01, 0xC0, 0x04, 0x00, 0x40, 0x04, 0x00, 0x40, 0x04, 0x01, 0xF0, 0x0E,
    0x01, 0x10, 0x01, 0x00, 0x20, 0x04, 0x00, 0x80, 0x10, 0x01, 0xF0, 0x0E, 0x01, 0x10, 0x01,
    0x00, 0x60, 0x01, 0x00, 0x10, 0x11, 0x00, 0xE0, 0x06, 0x00, 0xA0, 0x0A, 0x01, 0x20, 0x12,
    0x01, 0xF0, 0x02, 0x00, 0x20, 0x1F, 0x01, 0x00, 0x10, 0x01, 0xE0, 0x01, 0x00, 0x10, 0x11,
    0x00, 0xE0, 0x0E, 0x01, 0x10, 0x10, 0x01, 0xE0, 0x11, 0x01, 0x10, 0x11, 0x00, 0xE0, 0x1F,
    0x00, 0x10, 0x01, 0x00, 0x20, 0x02, 0x00, 0x40, 0x04, 0x00, 0x40, 0x0E, 0x01, 0x10, 0x11,
    0x00, 0xE0, 0x11, 0x01, 0x10, 0x11, 0x00, 0xE0, 0x0E, 0x01, 0x10, 0x11, 0x01, 0x10, 0x0F,
    0x00, 0x10, 0x11, 0x00, 0xE0, 0x06, 0x00, 0x60, 0x00, 0x00, 0x00, 0x00, 0x00, 0x00, 0x06,
    0x00, 0x60, 0x06, 0x00, 0x60, 0x00, 0x00, 0x00, 0x00, 0x00, 0x60, 0x06, 0x00, 0x20, 0x04,
    0x00, 0x0E, 0x01, 0x10, 0x11, 0x00, 0x10, 0x02, 0x00, 0x40, 0x04, 0x00, 0x00, 0x04, 0x00,
    0x38, 0x24, 0x44, 0x83, 0x80, 0x00, 0x00, 0x00,
};
static const TableGlyph gfx_g0_glyphs[] = {
  {0x0020u,0u,0u,6,0,10,6,1},
  {0x0021u,0u,6u,6,0,18,6,8},
  {0x0022u,6u,6u,6,0,18,6,8},
  {0x0023u,12u,6u,6,0,18,6,8},
  {0x0024u,18u,8u,6,0,19,6,10},
  {0x0025u,26u,6u,6,0,18,6,8},
  {0x0026u,32u,6u,6,0,18,6,8},
  {0x0027u,38u,6u,6,0,18,6,8},
  {0x0028u,44u,8u,6,0,19,6,10},
  {0x0029u,52u,8u,6,0,19,6,10},
  {0x002Au,60u,5u,6,0,16,6,6},
  {0x002Bu,65u,5u,6,0,16,6,6},
  {0x002Cu,70u,3u,6,0,11,6,3},
  {0x002Du,73u,3u,6,0,14,6,4},
  {0x002Eu,76u,1u,6,0,11,6,1},
  {0x002Fu,77u,8u,6,0,19,6,10},
  {0x0030u,85u,6u,6,0,18,6,8},
  {0x0031u,91u,6u,6,0,18,6,8},
  {0x0032u,97u,6u,6,0,18,6,8},
  {0x0033u,103u,6u,6,0,18,6,8},
  {0x0034u,109u,6u,6,0,18,6,8},
  {0x0035u,115u,6u,6,0,18,6,8},
  {0x0036u,121u,6u,6,0,18,6,8},
  {0x0037u,127u,6u,6,0,18,6,8},
  {0x0038u,133u,6u,6,0,18,6,8},
  {0x0039u,139u,6u,6,0,18,6,8},
  {0x003Au,145u,5u,6,0,16,6,6},
  {0x003Bu,150u,6u,6,0,16,6,8},
  {0x003Cu,156u,6u,6,0,17,6,7},
  {0x003Du,162u,4u,6,0,15,6,5},
  {0x003Eu,166u,6u,6,0,17,6,7},
  {0x003Fu,172u,6u,6,0,18,6,8},
  {0x0040u,178u,7u,6,0,18,6,9},
  {0x0042u,185u,6u,6,0,18,6,8},
  {0x0043u,191u,6u,6,0,18,6,8},
  {0x0052u,197u,6u,6,0,18,6,8},
  {0x005Bu,203u,8u,6,0,19,6,10},
  {0x005Cu,211u,8u,6,0,19,6,10},
  {0x005Du,219u,8u,6,0,19,6,10},
  {0x005Eu,227u,6u,6,0,18,6,8},
  {0x005Fu,233u,2u,6,0,10,6,2},
  {0x0060u,235u,6u,6,0,18,6,8},
  {0x0061u,241u,5u,6,0,16,6,6},
  {0x0062u,246u,6u,6,0,18,6,8},
  {0x0063u,252u,5u,6,0,16,6,6},
  {0x0064u,257u,6u,6,0,18,6,8},
  {0x0065u,263u,5u,6,0,16,6,6},
  {0x0066u,268u,6u,6,0,18,6,8},
  {0x0067u,274u,6u,6,0,16,6,8},
  {0x0068u,280u,6u,6,0,18,6,8},
  {0x0069u,286u,6u,6,0,18,6,8},
  {0x006Au,292u,8u,6,0,18,6,10},
  {0x006Bu,300u,6u,6,0,18,6,8},
  {0x006Cu,306u,6u,6,0,18,6,8},
  {0x006Du,312u,5u,6,0,16,6,6},
  {0x006Eu,317u,5u,6,0,16,6,6},
  {0x006Fu,322u,5u,6,0,16,6,6},
  {0x0070u,327u,6u,6,0,16,6,8},
  {0x0071u,333u,6u,6,0,16,6,8},
  {0x0072u,339u,5u,6,0,16,6,6},
  {0x0073u,344u,5u,6,0,16,6,6},
  {0x0074u,349u,6u,6,0,18,6,8},
  {0x0075u,355u,5u,6,0,16,6,6},
  {0x0076u,360u,5u,6,0,16,6,6},
  {0x0077u,365u,5u,6,0,16,6,6},
  {0x0078u,370u,5u,6,0,16,6,6},
  {0x0079u,375u,6u,6,0,16,6,8},
  {0x007Au,381u,5u,6,0,16,6,6},
  {0x007Bu,386u,8u,6,0,19,6,10},
  {0x007Cu,394u,8u,6,0,19,6,10},
  {0x007Du,402u,8u,6,0,19,6,10},
  {0x007Eu,410u,4u,6,0,15,6,5},
  {0x00A3u,414u,6u,6,0,18,6,8},
  {0x00A5u,420u,6u,6,0,18,6,8},
  {0x00B0u,426u,7u,6,0,19,6,9},
  {0x00B1u,433u,5u,6,0,16,6,6},
  {0x00B7u,438u,3u,6,0,14,6,4},
  {0x2014u,441u,6u,12,0,14,12,4},
  {0x2026u,447u,1u,6,0,11,6,1},
  {0x2030u,448u,14u,12,0,18,12,9},
  {0x20ACu,462u,18u,12,0,20,12,12},
  {0x2190u,480u,9u,12,0,16,12,6},
  {0x2191u,489u,17u,12,0,19,12,11},
  {0x2192u,506u,9u,12,0,16,12,6},
  {0x2193u,515u,17u,12,0,19,12,11},
  {0x25A0u,532u,17u,12,0,19,12,11},
  {0x25A1u,549u,17u,12,0,19,12,11},
  {0x25B2u,566u,14u,12,0,18,12,9},
  {0x25BCu,580u,14u,12,0,18,12,9},
  {0x25C6u,594u,17u,12,0,19,12,11},
  {0x25CBu,611u,17u,12,0,19,12,11},
  {0x25CFu,628u,17u,12,0,19,12,11},
  {0x2605u,645u,17u,12,0,19,12,11},
  {0x2713u,662u,18u,12,0,20,12,12},
  {0x2717u,680u,18u,12,0,20,12,12},
  {0x3001u,698u,5u,12,0,11,12,3},
  {0x3002u,703u,6u,12,0,12,12,4},
  {0x300Au,709u,17u,12,0,19,12,11},
  {0x300Bu,726u,17u,12,0,19,12,11},
  {0x300Cu,743u,14u,12,0,19,12,9},
  {0x300Du,757u,12u,12,0,16,12,8},
  {0x300Eu,769u,14u,12,0,19,12,9},
  {0x300Fu,783u,12u,12,0,16,12,8},
  {0x3010u,795u,17u,12,0,19,12,11},
  {0x3011u,812u,17u,12,0,19,12,11},
  {0x4E00u,829u,6u,12,0,14,12,4},
  {0x4E0Au,835u,17u,12,0,19,12,11},
  {0x4E0Bu,852u,17u,12,0,19,12,11},
  {0x4E0Du,869u,17u,12,0,19,12,11},
  {0x4E2Au,886u,17u,12,0,19,12,11},
  {0x4E2Du,903u,17u,12,0,19,12,11},
  {0x4E3Bu,920u,17u,12,0,19,12,11},
  {0x4EA4u,937u,17u,12,0,19,12,11},
  {0x4EC5u,954u,17u,12,0,19,12,11},
  {0x4ED8u,971u,17u,12,0,19,12,11},
  {0x4EF6u,988u,17u,12,0,19,12,11},
  {0x4EFDu,1005u,17u,12,0,19,12,11},
  {0x4F1Au,1022u,17u,12,0,19,12,11},
  {0x4F4Du,1039u,17u,12,0,19,12,11},
  {0x4F5Cu,1056u,17u,12,0,19,12,11},
  {0x4F60u,1073u,17u,12,0,19,12,11},
  {0x4FE1u,1090u,17u,12,0,19,12,11},
  {0x504Fu,1107u,17u,12,0,19,12,11},
  {0x5141u,1124u,17u,12,0,19,12,11},
  {0x5165u,1141u,17u,12,0,19,12,11},
  {0x5168u,1158u,17u,12,0,19,12,11},
  {0x516Cu,1175u,17u,12,0,19,12,11},
  {0x5173u,1192u,17u,12,0,19,12,11},
  {0x5185u,1209u,17u,12,0,19,12,11},
  {0x518Du,1226u,17u,12,0,19,12,11},
  {0x51B3u,1243u,17u,12,0,19,12,11},
  {0x51C6u,1260u,17u,12,0,19,12,11},
  {0x51CFu,1277u,17u,12,0,19,12,11},
  {0x51FAu,1294u,17u,12,0,19,12,11},
  {0x5220u,1311u,17u,12,0,19,12,11},
  {0x529Fu,1328u,17u,12,0,19,12,11},
  {0x52A0u,1345u,17u,12,0,19,12,11},
  {0x52A8u,1362u,17u,12,0,19,12,11},
  {0x5305u,1379u,17u,12,0,19,12,11},
  {0x5339u,1396u,17u,12,0,19,12,11},
  {0x534Fu,1413u,17u,12,0,19,12,11},
  {0x5355u,1430u,17u,12,0,19,12,11},
  {0x5373u,1447u,17u,12,0,19,12,11},
  {0x53D1u,1464u,17u,12,0,19,12,11},
  {0x53D6u,1481u,17u,12,0,19,12,11},
  {0x53EAu,1498u,17u,12,0,19,12,11},
  {0x53EFu,1515u,17u,12,0,19,12,11},
  {0x5426u,1532u,17u,12,0,19,12,11},
  {0x542Bu,1549u,17u,12,0,19,12,11},
  {0x542Fu,1566u,17u,12,0,19,12,11},
  {0x544Au,1583u,17u,12,0,19,12,11},
  {0x56DEu,1600u,17u,12,0,19,12,11},
  {0x56F4u,1617u,17u,12,0,19,12,11},
  {0x56FAu,1634u,17u,12,0,19,12,11},
  {0x56FEu,1651u,17u,12,0,19,12,11},
  {0x5728u,1668u,17u,12,0,19,12,11},
  {0x578Bu,1685u,17u,12,0,19,12,11},
  {0x589Eu,1702u,17u,12,0,19,12,11},
  {0x58F0u,1719u,17u,12,0,19,12,11},
  {0x5907u,1736u,17u,12,0,19,12,11},
  {0x590Du,1753u,17u,12,0,19,12,11},
  {0x591Au,1770u,17u,12,0,19,12,11},
  {0x5931u,1787u,17u,12,0,19,12,11},
  {0x5B58u,1804u,17u,12,0,19,12,11},
  {0x5B8Cu,1821u,17u,12,0,19,12,11},
  {0x5B9Au,1838u,17u,12,0,19,12,11},
  {0x5BB9u,1855u,17u,12,0,19,12,11},
  {0x5BC6u,1872u,17u,12,0,19,12,11},
  {0x5BF9u,1889u,17u,12,0,19,12,11},
  {0x5BFCu,1906u,17u,12,0,19,12,11},
  {0x5C06u,1923u,17u,12,0,19,12,11},
  {0x5C11u,1940u,17u,12,0,19,12,11},
  {0x5DF2u,1957u,17u,12,0,19,12,11},
  {0x5E01u,1974u,17u,12,0,19,12,11},
  {0x5EA6u,1991u,17u,12,0,19,12,11},
  {0x5F00u,2008u,17u,12,0,19,12,11},
  {0x6062u,2025u,17u,12,0,19,12,11},
  {0x606Fu,2042u,17u,12,0,19,12,11},
  {0x610Fu,2059u,17u,12,0,19,12,11},
  {0x6210u,2076u,17u,12,0,19,12,11},
  {0x6218u,2093u,17u,12,0,19,12,11},
  {0x624Bu,2110u,17u,12,0,19,12,11},
  {0x6253u,2127u,17u,12,0,19,12,11},
  {0x62D2u,2144u,17u,12,0,19,12,11},
  {0x62E9u,2161u,17u,12,0,19,12,11},
  {0x6309u,2178u,17u,12,0,19,12,11},
  {0x6311u,2195u,17u,12,0,19,12,11},
  {0x636Eu,2212u,17u,12,0,19,12,11},
  {0x6388u,2229u,17u,12,0,19,12,11},
  {0x6392u,2246u,17u,12,0,19,12,11},
  {0x64CDu,2263u,17u,12,0,19,12,11},
  {0x64E6u,2280u,17u,12,0,19,12,11},
  {0x6548u,2297u,17u,12,0,19,12,11},
  {0x6570u,2314u,17u,12,0,19,12,11},
  {0x6574u,2331u,17u,12,0,19,12,11},
  {0x6587u,2348u,17u,12,0,19,12,11},
  {0x65ADu,2365u,17u,12,0,19,12,11},
  {0x65B0u,2382u,17u,12,0,19,12,11},
  {0x65B9u,2399u,17u,12,0,19,12,11},
  {0x65E0u,2416u,17u,12,0,19,12,11},
  {0x65F6u,2433u,17u,12,0,19,12,11},
  {0x660Eu,2450u,17u,12,0,19,12,11},
  {0x6613u,2467u,17u,12,0,19,12,11},
  {0x662Fu,2484u,17u,12,0,19,12,11},
  {0x66F4u,2501u,17u,12,0,19,12,11},
  {0x6709u,2518u,17u,12,0,19,12,11},
  {0x671Fu,2535u,17u,12,0,19,12,11},
  {0x672Au,2552u,17u,12,0,19,12,11},
  {0x672Cu,2569u,17u,12,0,19,12,11},
  {0x673Au,2586u,17u,12,0,19,12,11},
  {0x6743u,2603u,17u,12,0,19,12,11},
  {0x675Fu,2620u,17u,12,0,19,12,11},
  {0x677Fu,2637u,17u,12,0,19,12,11},
  {0x6784u,2654u,17u,12,0,19,12,11},
  {0x679Cu,2671u,17u,12,0,19,12,11},
  {0x6838u,2688u,17u,12,0,19,12,11},
  {0x6B21u,2705u,17u,12,0,19,12,11},
  {0x6B3Eu,2722u,17u,12,0,19,12,11},
  {0x6B63u,2739u,17u,12,0,19,12,11},
  {0x6B64u,2756u,17u,12,0,19,12,11},
  {0x6C42u,2773u,17u,12,0,19,12,11},
  {0x6CA1u,2790u,17u,12,0,19,12,11},
  {0x6CD5u,2807u,17u,12,0,19,12,11},
  {0x6D88u,2824u,17u,12,0,19,12,11},
  {0x7248u,2841u,17u,12,0,19,12,11},
  {0x7528u,2858u,17u,12,0,19,12,11},
  {0x7535u,2875u,17u,12,0,19,12,11},
  {0x7684u,2892u,17u,12,0,19,12,11},
  {0x77E5u,2909u,17u,12,0,19,12,11},
  {0x7801u,2926u,17u,12,0,19,12,11},
  {0x786Eu,2943u,17u,12,0,19,12,11},
  {0x79C1u,2960u,17u,12,0,19,12,11},
  {0x79FBu,2977u,17u,12,0,19,12,11},
  {0x7A7Au,2994u,17u,12,0,19,12,11},
  {0x7ACBu,3011u,17u,12,0,19,12,11},
  {0x7AE0u,3028u,17u,12,0,19,12,11},
  {0x7B2Cu,3045u,17u,12,0,19,12,11},
  {0x7B7Eu,3062u,17u,12,0,19,12,11},
  {0x7ED3u,3079u,17u,12,0,19,12,11},
  {0x7EDDu,3096u,17u,12,0,19,12,11},
  {0x7EE7u,3113u,17u,12,0,19,12,11},
  {0x7EEDu,3130u,17u,12,0,19,12,11},
  {0x7F6Eu,3147u,17u,12,0,19,12,11},
  {0x7F72u,3164u,17u,12,0,19,12,11},
  {0x806Au,3181u,17u,12,0,19,12,11},
  {0x8282u,3198u,17u,12,0,19,12,11},
  {0x82B1u,3215u,17u,12,0,19,12,11},
  {0x8303u,3232u,17u,12,0,19,12,11},
  {0x83DCu,3249u,17u,12,0,19,12,11},
  {0x884Cu,3266u,17u,12,0,19,12,11},
  {0x89E3u,3283u,17u,12,0,19,12,11},
  {0x8A00u,3300u,17u,12,0,19,12,11},
  {0x8B66u,3317u,17u,12,0,19,12,11},
  {0x8BA4u,3334u,17u,12,0,19,12,11},
  {0x8BAEu,3351u,17u,12,0,19,12,11},
  {0x8BB8u,3368u,17u,12,0,19,12,11},
  {0x8BBEu,3385u,17u,12,0,19,12,11},
  {0x8BC1u,3402u,17u,12,0,19,12,11},
  {0x8BDDu,3419u,17u,12,0,19,12,11},
  {0x8BEDu,3436u,17u,12,0,19,12,11},
  {0x8BEFu,3453u,17u,12,0,19,12,11},
  {0x8BF7u,3470u,17u,12,0,19,12,11},
  {0x8BFBu,3487u,17u,12,0,19,12,11},
  {0x8C61u,3504u,17u,12,0,19,12,11},
  {0x8D39u,3521u,17u,12,0,19,12,11},
  {0x8D85u,3538u,17u,12,0,19,12,11},
  {0x8EABu,3555u,17u,12,0,19,12,11},
  {0x8F93u,3572u,17u,12,0,19,12,11},
  {0x8FC1u,3589u,17u,12,0,19,12,11},
  {0x8FC7u,3606u,17u,12,0,19,12,11},
  {0x8FD4u,3623u,17u,12,0,19,12,11},
  {0x8FDBu,3640u,17u,12,0,19,12,11},
  {0x9000u,3657u,17u,12,0,19,12,11},
  {0x9001u,3674u,17u,12,0,19,12,11},
  {0x9009u,3691u,17u,12,0,19,12,11},
  {0x90E8u,3708u,17u,12,0,19,12,11},
  {0x914Du,3725u,17u,12,0,19,12,11},
  {0x91CFu,3742u,17u,12,0,19,12,11},
  {0x91D1u,3759u,17u,12,0,19,12,11},
  {0x94A5u,3776u,17u,12,0,19,12,11},
  {0x94B1u,3793u,17u,12,0,19,12,11},
  {0x9501u,3810u,17u,12,0,19,12,11},
  {0x9519u,3827u,17u,12,0,19,12,11},
  {0x952Eu,3844u,17u,12,0,19,12,11},
  {0x957Fu,3861u,17u,12,0,19,12,11},
  {0x95F2u,3878u,17u,12,0,19,12,11},
  {0x9605u,3895u,17u,12,0,19,12,11},
  {0x961Fu,3912u,17u,12,0,19,12,11},
  {0x9650u,3929u,17u,12,0,19,12,11},
  {0x9664u,3946u,17u,12,0,19,12,11},
  {0x968Fu,3963u,17u,12,0,19,12,11},
  {0x989Du,3980u,17u,12,0,19,12,11},
  {0x9A8Cu,3997u,17u,12,0,19,12,11},
  {0x9AD8u,4014u,17u,12,0,19,12,11},
  {0xFF01u,4031u,14u,12,0,18,12,9},
  {0xFF08u,4045u,17u,12,0,19,12,11},
  {0xFF09u,4062u,17u,12,0,19,12,11},
  {0xFF0Cu,4079u,6u,12,0,12,12,4},
  {0xFF10u,4085u,12u,12,0,18,12,8},
  {0xFF11u,4097u,12u,12,0,18,12,8},
  {0xFF12u,4109u,12u,12,0,18,12,8},
  {0xFF13u,4121u,12u,12,0,18,12,8},
  {0xFF14u,4133u,12u,12,0,18,12,8},
  {0xFF15u,4145u,12u,12,0,18,12,8},
  {0xFF16u,4157u,12u,12,0,18,12,8},
  {0xFF17u,4169u,12u,12,0,18,12,8},
  {0xFF18u,4181u,12u,12,0,18,12,8},
  {0xFF19u,4193u,12u,12,0,18,12,8},
  {0xFF1Au,4205u,12u,12,0,17,12,8},
  {0xFF1Bu,4217u,14u,12,0,17,12,9},
  {0xFF1Fu,4231u,14u,12,0,18,12,9},
  {0xFF5Eu,4245u,8u,12,0,15,12,5},
};static const TableFont gfx_t0 = {
    gfx_g0_glyphs, 312, gfx_g0_bitmap,
    12, 10, 21, 12
};

static const uint8_t gfx_g1_bitmap[] = {
    0x0C, 0x00, 0xC0, 0x0C, 0x00, 0xC0, 0x0C, 0x00, 0xC0, 0x0C, 0x00, 0xC0, 0x0C, 0x00, 0xC0,
    0x0C, 0x00, 0xC0, 0x00, 0x00, 0x00, 0x0C, 0x00, 0xC0, 0x33, 0x03, 0x30, 0x33, 0x03, 0x30,
    0x33, 0x03, 0x30, 0x00, 0x00, 0x00, 0x00, 0x00, 0x00, 0x00, 0x00, 0x00, 0x00, 0x00, 0x00,
    0x00, 0x00, 0x00, 0x33, 0x03, 0x30, 0x33, 0x03, 0x30, 0xFF, 0xCF, 0xFC, 0x33, 0x03, 0x30,
    0x33, 0x03, 0x30, 0xFF, 0xCF, 0xFC, 0x33, 0x03, 0x30, 0x33, 0x03, 0x30, 0x0C, 0x00, 0xC0,
    0x3F, 0x03, 0xF0, 0xCC, 0xCC, 0xCC, 0xCC, 0x0C, 0xC0, 0x3C, 0x03, 0xC0, 0x0F, 0x00, 0xF0,
    0x0C, 0xC0, 0xCC, 0xCC, 0xCC, 0xCC, 0x3F, 0x03, 0xF0, 0x0C, 0x00, 0xC0, 0x00, 0x00, 0x30,
    0xC3, 0x0C, 0xCC, 0xCC, 0xCC, 0x33, 0x03, 0x30, 0x0C, 0x00, 0xC0, 0x0C, 0x00, 0xC0, 0x33,
    0x03, 0x30, 0xCC, 0xCC, 0xCC, 0xC3, 0x0C, 0x30, 0x3C, 0x03, 0xC0, 0xC3, 0x0C, 0x30, 0xC3,
    0x0C, 0x30, 0xCC, 0x0C, 0xC0, 0x30, 0xC3, 0x0C, 0xCC, 0xCC, 0xCC, 0xC3, 0x0C, 0x30, 0x3C,
    0xC3, 0xCC, 0x0C, 0x00, 0xC0, 0x0C, 0x00, 0xC0, 0x0C, 0x00, 0xC0, 0x00, 0x00, 0x00, 0x00,
    0x00, 0x00, 0x00, 0x00, 0x00, 0x00, 0x00, 0x00, 0x00, 0x00, 0x00, 0x03, 0x00, 0x30, 0x0C,
    0x00, 0xC0, 0x0C, 0x00, 0xC0, 0x30, 0x03, 0x00, 0x30, 0x03, 0x00, 0x30, 0x03, 0x00, 0x30,
    0x03, 0x00, 0x0C, 0x00, 0xC0, 0x0C, 0x00, 0xC0, 0x03, 0x00, 0x30, 0x00, 0x00, 0x30, 0x03,
    0x00, 0x0C, 0x00, 0xC0, 0x0C, 0x00, 0xC0, 0x03, 0x00, 0x30, 0x03, 0x00, 0x30, 0x03, 0x00,
    0x30, 0x03, 0x00, 0x30, 0x0C, 0x00, 0xC0, 0x0C, 0x00, 0xC0, 0x30, 0x03, 0x00, 0x00, 0x00,
    0x0C, 0x00, 0xC0, 0xCC, 0xCC, 0xCC, 0x3F, 0x03, 0xF0, 0xCC, 0xCC, 0xCC, 0x0C, 0x00, 0xC0,
    0x00, 0x00, 0x00, 0x0C, 0x00, 0xC0, 0x0C, 0x00, 0xC0, 0xFF, 0xCF, 0xFC, 0x0C, 0x00, 0xC0,
    0x0C, 0x00, 0xC0, 0x00, 0x00, 0x00, 0x0C, 0x00, 0xC0, 0x0C, 0x00, 0xC0, 0x30, 0x03, 0x00,
    0x00, 0x00, 0xFF, 0xCF, 0xFC, 0x00, 0x00, 0x00, 0x00, 0x00, 0x00, 0x00, 0x00, 0x00, 0x0C,
    0x00, 0xC0, 0x00, 0xC0, 0x0C, 0x00, 0xC0, 0x0C, 0x03, 0x00, 0x30, 0x03, 0x00, 0x30, 0x0C,
    0x00, 0xC0, 0x0C, 0x00, 0xC0, 0x30, 0x03, 0x00, 0x30, 0x03, 0x00, 0xC0, 0x0C, 0x00, 0xC0,
    0x0C, 0x00, 0x00, 0x00, 0x3F, 0x03, 0xF0, 0xC0, 0xCC, 0x0C, 0xC3, 0xCC, 0x3C, 0xCC, 0xCC,
    0xCC, 0xCC, 0xCC, 0xCC, 0xF0, 0xCF, 0x0C, 0xC0, 0xCC, 0x0C, 0x3F, 0x03, 0xF0, 0x0C, 0x00,
    0xC0, 0xFC, 0x0F, 0xC0, 0x0C, 0x00, 0xC0, 0x0C, 0x00, 0xC0, 0x0C, 0x00, 0xC0, 0x0C, 0x00,
    0xC0, 0x0C, 0x00, 0xC0, 0xFF, 0xCF, 0xFC, 0x3F, 0x03, 0xF0, 0xC0, 0xCC, 0x0C, 0x00, 0xC0,
    0x0C, 0x03, 0x00, 0x30, 0x0C, 0x00, 0xC0, 0x30, 0x03, 0x00, 0xC0, 0x0C, 0x00, 0xFF, 0xCF,
    0xFC, 0x3F, 0x03, 0xF0, 0xC0, 0xCC, 0x0C, 0x00, 0xC0, 0x0C, 0x0F, 0x00, 0xF0, 0x00, 0xC0,
    0x0C, 0x00, 0xC0, 0x0C, 0xC0, 0xCC, 0x0C, 0x3F, 0x03, 0xF0, 0x0F, 0x00, 0xF0, 0x33, 0x03,
    0x30, 0x33, 0x03, 0x30, 0xC3, 0x0C, 0x30, 0xC3, 0x0C, 0x30, 0xFF, 0xCF, 0xFC, 0x03, 0x00,
    0x30, 0x03, 0x00, 0x30, 0xFF, 0xCF, 0xFC, 0xC0, 0x0C, 0x00, 0xC0, 0x0C, 0x00, 0xFF, 0x0F,
    0xF0, 0x00, 0xC0, 0x0C, 0x00, 0xC0, 0x0C, 0xC0, 0xCC, 0x0C, 0x3F, 0x03, 0xF0, 0x3F, 0x03,
    0xF0, 0xC0, 0xCC, 0x0C, 0xC0, 0x0C, 0x00, 0xFF, 0x0F, 0xF0, 0xC0, 0xCC, 0x0C, 0xC0, 0xCC,
    0x0C, 0xC0, 0xCC, 0x0C, 0x3F, 0x03, 0xF0, 0xFF, 0xCF, 0xFC, 0x00, 0xC0, 0x0C, 0x00, 0xC0,
    0x0C, 0x03, 0x00, 0x30, 0x03, 0x00, 0x30, 0x0C, 0x00, 0xC0, 0x0C, 0x00, 0xC0, 0x0C, 0x00,
    0xC0, 0x3F, 0x03, 0xF0, 0xC0, 0xCC, 0x0C, 0xC0, 0xCC, 0x0C, 0x3F, 0x03, 0xF0, 0xC0, 0xCC,
    0x0C, 0xC0, 0xCC, 0x0C, 0xC0, 0xCC, 0x0C, 0x3F, 0x03, 0xF0, 0x3F, 0x03, 0xF0, 0xC0, 0xCC,
    0x0C, 0xC0, 0xCC, 0x0C, 0xC0, 0xCC, 0x0C, 0x3F, 0xC3, 0xFC, 0x00, 0xC0, 0x0C, 0xC0, 0xCC,
    0x0C, 0x3F, 0x03, 0xF0, 0x0C, 0x00, 0xC0, 0x00, 0x00, 0x00, 0x00, 0x00, 0x00, 0x00, 0x00,
    0x00, 0x00, 0x00, 0x00, 0x0C, 0x00, 0xC0, 0x0C, 0x00, 0xC0, 0x00, 0x00, 0x00, 0x00, 0x00,
    0x00, 0x00, 0x00, 0x00, 0x00, 0x00, 0x00, 0x0C, 0x00, 0xC0, 0x0C, 0x00, 0xC0, 0x30, 0x03,
    0x00, 0x00, 0x00, 0x00, 0xC0, 0x0C, 0x03, 0x00, 0x30, 0x0C, 0x00, 0xC0, 0x30, 0x03, 0x00,
    0x0C, 0x00, 0xC0, 0x03, 0x00, 0x30, 0x00, 0xC0, 0x0C, 0xFF, 0xCF, 0xFC, 0x00, 0x00, 0x00,
    0xFF, 0xCF, 0xFC, 0x00, 0x00, 0x00, 0x00, 0x00, 0x00, 0x30, 0x03, 0x00, 0x0C, 0x00, 0xC0,
    0x03, 0x00, 0x30, 0x00, 0xC0, 0x0C, 0x03, 0x00, 0x30, 0x0C, 0x00, 0xC0, 0x30, 0x03, 0x00,
    0x3F, 0x03, 0xF0, 0xC0, 0xCC, 0x0C, 0x00, 0xC0, 0x0C, 0x03, 0x00, 0x30, 0x0C, 0x00, 0xC0,
    0x0C, 0x00, 0xC0, 0x00, 0x00, 0x00, 0x0C, 0x00, 0xC0, 0x3F, 0x03, 0xF0, 0xC0, 0xCC, 0x0C,
    0xC3, 0xCC, 0x3C, 0xCC, 0xCC, 0xCC, 0xCC, 0xCC, 0xCC, 0xCC, 0xCC, 0xCC, 0xCF, 0xCC, 0xFC,
    0xC0, 0x0C, 0x00, 0x3F, 0x03, 0xF0, 0x00, 0x00, 0xFF, 0x0F, 0xF0, 0xC0, 0xCC, 0x0C, 0xC0,
    0xCC, 0x0C, 0xFF, 0x0F, 0xF0, 0xC0, 0xCC, 0x0C, 0xC0, 0xCC, 0x0C, 0xC0, 0xCC, 0x0C, 0xFF,
    0x0F, 0xF0, 0x3F, 0x03, 0xF0, 0xC0, 0xCC, 0x0C, 0xC0, 0x0C, 0x00, 0xC0, 0x0C, 0x00, 0xC0,
    0x0C, 0x00, 0xC0, 0x0C, 0x00, 0xC0, 0xCC, 0x0C, 0x3F, 0x03, 0xF0, 0xFF, 0x0F, 0xF0, 0xC0,
    0xCC, 0x0C, 0xC0, 0xCC, 0x0C, 0xC0, 0xCC, 0x0C, 0xFF, 0x0F, 0xF0, 0xC3, 0x0C, 0x30, 0xC0,
    0xCC, 0x0C, 0xC0, 0xCC, 0x0C, 0x3F, 0x03, 0xF0, 0x30, 0x03, 0x00, 0x30, 0x03, 0x00, 0x30,
    0x03, 0x00, 0x30, 0x03, 0x00, 0x30, 0x03, 0x00, 0x30, 0x03, 0x00, 0x30, 0x03, 0x00, 0x30,
    0x03, 0x00, 0x3F, 0x03, 0xF0, 0x00, 0x00, 0xC0, 0x0C, 0x00, 0xC0, 0x0C, 0x00, 0x30, 0x03,
    0x00, 0x30, 0x03, 0x00, 0x0C, 0x00, 0xC0, 0x0C, 0x00, 0xC0, 0x03, 0x00, 0x30, 0x03, 0x00,
    0x30, 0x00, 0xC0, 0x0C, 0x00, 0xC0, 0x0C, 0x00, 0x00, 0x3F, 0x03, 0xF0, 0x03, 0x00, 0x30,
    0x03, 0x00, 0x30, 0x03, 0x00, 0x30, 0x03, 0x00, 0x30, 0x03, 0x00, 0x30, 0x03, 0x00, 0x30,
    0x03, 0x00, 0x30, 0x03, 0x00, 0x30, 0x3F, 0x03, 0xF0, 0x00, 0x00, 0x0C, 0x00, 0xC0, 0x33,
    0x03, 0x30, 0xC0, 0xCC, 0x0C, 0x00, 0x00, 0x00, 0x00, 0x00, 0x00, 0x00, 0x00, 0x00, 0x00,
    0x00, 0x00, 0x00, 0x00, 0x00, 0x00, 0x00, 0x00, 0xFF, 0xCF, 0xFC, 0x00, 0x00, 0x0C, 0x00,
    0xC0, 0x03, 0x00, 0x30, 0x00, 0x00, 0x00, 0x00, 0x00, 0x00, 0x00, 0x00, 0x00, 0x00, 0x00,
    0x00, 0x00, 0x00, 0x00, 0x00, 0x00, 0x00, 0x3F, 0x03, 0xF0, 0x00, 0xC0, 0x0C, 0x3F, 0xC3,
    0xFC, 0xC0, 0xCC, 0x0C, 0xC0, 0xCC, 0x0C, 0x3F, 0xC3, 0xFC, 0xC0, 0x0C, 0x00, 0xC0, 0x0C,
    0x00, 0xFF, 0x0F, 0xF0, 0xC0, 0xCC, 0x0C, 0xC0, 0xCC, 0x0C, 0xC0, 0xCC, 0x0C, 0xC0, 0xCC,
    0x0C, 0xFF, 0x0F, 0xF0, 0x3F, 0x03, 0xF0, 0xC0, 0xCC, 0x0C, 0xC0, 0x0C, 0x00, 0xC0, 0x0C,
    0x00, 0xC0, 0xCC, 0x0C, 0x3F, 0x03, 0xF0, 0x00, 0xC0, 0x0C, 0x00, 0xC0, 0x0C, 0x3F, 0xC3,
    0xFC, 0xC0, 0xCC, 0x0C, 0xC0, 0xCC, 0x0C, 0xC0, 0xCC, 0x0C, 0xC0, 0xCC, 0x0C, 0x3F, 0xC3,
    0xFC, 0x3F, 0x03, 0xF0, 0xC0, 0xCC, 0x0C, 0xFF, 0xCF, 0xFC, 0xC0, 0x0C, 0x00, 0xC0, 0xCC,
    0x0C, 0x3F, 0x03, 0xF0, 0x03, 0xC0, 0x3C, 0x0C, 0x00, 0xC0, 0xFF, 0xCF, 0xFC, 0x0C, 0x00,
    0xC0, 0x0C, 0x00, 0xC0, 0x0C, 0x00, 0xC0, 0x0C, 0x00, 0xC0, 0x0C, 0x00, 0xC0, 0x3F, 0xC3,
    0xFC, 0xC0, 0xCC, 0x0C, 0xC0, 0xCC, 0x0C, 0xC0, 0xCC, 0x0C, 0xC0, 0xCC, 0x0C, 0x3F, 0xC3,
    0xFC, 0x00, 0xC0, 0x0C, 0x3F, 0x03, 0xF0, 0x00, 0x00, 0xC0, 0x0C, 0x00, 0xC0, 0x0C, 0x00,
    0xCF, 0x0C, 0xF0, 0xF0, 0xCF, 0x0C, 0xC0, 0xCC, 0x0C, 0xC0, 0xCC, 0x0C, 0xC0, 0xCC, 0x0C,
    0xC0, 0xCC, 0x0C, 0x0C, 0x00, 0xC0, 0x00, 0x00, 0x00, 0xFC, 0x0F, 0xC0, 0x0C, 0x00, 0xC0,
    0x0C, 0x00, 0xC0, 0x0C, 0x00, 0xC0, 0x0C, 0x00, 0xC0, 0xFF, 0xCF, 0xFC, 0x03, 0x00, 0x30,
    0x00, 0x00, 0x00, 0xFF, 0x0F, 0xF0, 0x03, 0x00, 0x30, 0x03, 0x00, 0x30, 0x03, 0x00, 0x30,
    0x03, 0x00, 0x30, 0x03, 0x00, 0x30, 0x03, 0x00, 0x30, 0xFC, 0x0F, 0xC0, 0x00, 0x00, 0xC0,
    0x0C, 0x00, 0xC0, 0x0C, 0x00, 0xC0, 0xCC, 0x0C, 0xCF, 0x0C, 0xF0, 0xF0, 0x0F, 0x00, 0xCC,
    0x0C, 0xC0, 0xC3, 0x0C, 0x30, 0xC0, 0xCC, 0x0C, 0xFC, 0x0F, 0xC0, 0x0C, 0x00, 0xC0, 0x0C,
    0x00, 0xC0, 0x0C, 0x00, 0xC0, 0x0C, 0x00, 0xC0, 0x0C, 0x00, 0xC0, 0x0C, 0x00, 0xC0, 0x03,
    0xC0, 0x3C, 0xF3, 0x0F, 0x30, 0xCC, 0xCC, 0xCC, 0xCC, 0xCC, 0xCC, 0xCC, 0xCC, 0xCC, 0xCC,
    0xCC, 0xCC, 0xCC, 0xCC, 0xCC, 0xCF, 0x0C, 0xF0, 0xF0, 0xCF, 0x0C, 0xC0, 0xCC, 0x0C, 0xC0,
    0xCC, 0x0C, 0xC0, 0xCC, 0x0C, 0xC0, 0xCC, 0x0C, 0x3F, 0x03, 0xF0, 0xC0, 0xCC, 0x0C, 0xC0,
    0xCC, 0x0C, 0xC0, 0xCC, 0x0C, 0xC0, 0xCC, 0x0C, 0x3F, 0x03, 0xF0, 0xFF, 0x0F, 0xF0, 0xC0,
    0xCC, 0x0C, 0xC0, 0xCC, 0x0C, 0xC0, 0xCC, 0x0C, 0xC0, 0xCC, 0x0C, 0xFF, 0x0F, 0xF0, 0xC0,
    0x0C, 0x00, 0xC0, 0x0C, 0x00, 0x00, 0x00, 0x3F, 0xC3, 0xFC, 0xC0, 0xCC, 0x0C, 0xC0, 0xCC,
    0x0C, 0xC0, 0xCC, 0x0C, 0xC0, 0xCC, 0x0C, 0x3F, 0xC3, 0xFC, 0x00, 0xC0, 0x0C, 0x00, 0xC0,
    0x0C, 0x00, 0x00, 0xCF, 0x0C, 0xF0, 0xF0, 0xCF, 0x0C, 0xC0, 0x0C, 0x00, 0xC0, 0x0C, 0x00,
    0xC0, 0x0C, 0x00, 0xC0, 0x0C, 0x00, 0x3F, 0x03, 0xF0, 0xC0, 0xCC, 0x0C, 0x3C, 0x03, 0xC0,
    0x03, 0x00, 0x30, 0xC0, 0xCC, 0x0C, 0x3F, 0x03, 0xF0, 0x0C, 0x00, 0xC0, 0x0C, 0x00, 0xC0,
    0xFF, 0xCF, 0xFC, 0x0C, 0x00, 0xC0, 0x0C, 0x00, 0xC0, 0x0C, 0x00, 0xC0, 0x0C, 0x00, 0xC0,
    0x03, 0xC0, 0x3C, 0xC0, 0xCC, 0x0C, 0xC0, 0xCC, 0x0C, 0xC0, 0xCC, 0x0C, 0xC0, 0xCC, 0x0C,
    0xC3, 0xCC, 0x3C, 0x3C, 0xC3, 0xCC, 0xC0, 0xCC, 0x0C, 0xC0, 0xCC, 0x0C, 0x33, 0x03, 0x30,
    0x33, 0x03, 0x30, 0x0C, 0x00, 0xC0, 0x0C, 0x00, 0xC0, 0xCC, 0xCC, 0xCC, 0xCC, 0xCC, 0xCC,
    0xCC, 0xCC, 0xCC, 0xCC, 0xCC, 0xCC, 0x33, 0x03, 0x30, 0x33, 0x03, 0x30, 0xC0, 0xCC, 0x0C,
    0x33, 0x03, 0x30, 0x0C, 0x00, 0xC0, 0x0C, 0x00, 0xC0, 0x33, 0x03, 0x30, 0xC0, 0xCC, 0x0C,
    0xC0, 0xCC, 0x0C, 0xC0, 0xCC, 0x0C, 0xC0, 0xCC, 0x0C, 0x33, 0x03, 0x30, 0x33, 0x03, 0x30,
    0x0C, 0x00, 0xC0, 0x0C, 0x00, 0xC0, 0xF0, 0x0F, 0x00, 0x00, 0x00, 0xFF, 0xCF, 0xFC, 0x03,
    0x00, 0x30, 0x0C, 0x00, 0xC0, 0x30, 0x03, 0x00, 0xC0, 0x0C, 0x00, 0xFF, 0xCF, 0xFC, 0x0F,
    0x00, 0xF0, 0x30, 0x03, 0x00, 0x30, 0x03, 0x00, 0x30, 0x03, 0x00, 0xC0, 0x0C, 0x00, 0x30,
    0x03, 0x00, 0x30, 0x03, 0x00, 0x30, 0x03, 0x00, 0x30, 0x03, 0x00, 0x0F, 0x00, 0xF0, 0x00,
    0x00, 0x0C, 0x00, 0xC0, 0x0C, 0x00, 0xC0, 0x0C, 0x00, 0xC0, 0x0C, 0x00, 0xC0, 0x0C, 0x00,
    0xC0, 0x0C, 0x00, 0xC0, 0x0C, 0x00, 0xC0, 0x0C, 0x00, 0xC0, 0x0C, 0x00, 0xC0, 0x0C, 0x00,
    0xC0, 0x00, 0x00, 0x3C, 0x03, 0xC0, 0x03, 0x00, 0x30, 0x03, 0x00, 0x30, 0x03, 0x00, 0x30,
    0x00, 0xC0, 0x0C, 0x03, 0x00, 0x30, 0x03, 0x00, 0x30, 0x03, 0x00, 0x30, 0x03, 0x00, 0x30,
    0x3C, 0x03, 0xC0, 0x00, 0x00, 0x30, 0x03, 0x00, 0xCC, 0xCC, 0xCC, 0x03, 0x00, 0x30, 0x00,
    0x00, 0x00, 0x00, 0x00, 0x00, 0x3F, 0x03, 0xF0, 0xC0, 0xCC, 0x0C, 0xC0, 0x0C, 0x00, 0x30,
    0x03, 0x00, 0xFF, 0x0F, 0xF0, 0x30, 0x03, 0x00, 0xC0, 0x0C, 0x00, 0xFF, 0xCF, 0xFC, 0xC0,
    0xCC, 0x0C, 0xC0, 0xCC, 0x0C, 0x33, 0x03, 0x30, 0x33, 0x03, 0x30, 0xFF, 0xCF, 0xFC, 0x0C,
    0x00, 0xC0, 0xFF, 0xCF, 0xFC, 0x0C, 0x00, 0xC0, 0x0F, 0x00, 0xF0, 0x30, 0xC3, 0x0C, 0x30,
    0xC3, 0x0C, 0x0F, 0x00, 0xF0, 0x00, 0x00, 0x00, 0x00, 0x00, 0x00, 0x00, 0x00, 0x00, 0x00,
    0x00, 0x00, 0x00, 0x00, 0x00, 0x0C, 0x00, 0xC0, 0x0C, 0x00, 0xC0, 0xFF, 0xCF, 0xFC, 0x0C,
    0x00, 0xC0, 0x0C, 0x00, 0xC0, 0xFF, 0xCF, 0xFC, 0x0C, 0x00, 0xC0, 0x00, 0x00, 0x00, 0x00,
    0x00, 0x00, 0x00, 0x00, 0x00, 0xFF, 0xFF, 0xFC, 0xFF, 0xFF, 0xFC, 0x00, 0x00, 0x00, 0x00,
    0x00, 0x00, 0x00, 0x00, 0x00, 0x00, 0x00, 0x00, 0x00, 0x00, 0x00, 0x00, 0x00, 0x00, 0xCC,
    0xCC, 0xCC, 0x0C, 0x0C, 0x00, 0x0C, 0x0C, 0x00, 0x33, 0x0C, 0x00, 0x33, 0x0C, 0x00, 0x0C,
    0x30, 0x00, 0x0C, 0x30, 0x00, 0x00, 0x30, 0x00, 0x00, 0x30, 0x00, 0x00, 0xC0, 0x00, 0x00,
    0xC0, 0x00, 0x03, 0x00, 0x00, 0x03, 0x00, 0x00, 0x03, 0x0C, 0xC0, 0x03, 0x0C, 0xC0, 0x0C,
    0x33, 0x30, 0x0C, 0x33, 0x30, 0x0C, 0x0C, 0xC0, 0x0C, 0x0C, 0xC0, 0x00, 0x00, 0x00, 0xFF,
    0xFF, 0xFF, 0xFF, 0xFF, 0xFF, 0xC0, 0x00, 0x03, 0xC0, 0x00, 0x03, 0xC0, 0x00, 0x03, 0xC0,
    0x00, 0x03, 0xC0, 0x00, 0x03, 0xC0, 0x00, 0x03, 0xC0, 0x00, 0x03, 0xC0, 0x00, 0x03, 0xC0,
    0x00, 0x03, 0xC0, 0x00, 0x03, 0xC0, 0x00, 0x03, 0xC0, 0x00, 0x03, 0xC0, 0x00, 0x03, 0xC0,
    0x00, 0x03, 0xC0, 0x00, 0x03, 0xC0, 0x00, 0x03, 0xC0, 0x00, 0x03, 0xC0, 0x00, 0x03, 0xC0,
    0x00, 0x03, 0xC0, 0x00, 0x03, 0xFF, 0xFF, 0xFF, 0xFF, 0xFF, 0xFF, 0x00, 0x00, 0x00, 0x0C,
    0x00, 0x00, 0x0C, 0x00, 0x00, 0x30, 0x00, 0x00, 0x30, 0x00, 0x00, 0xFF, 0xFF, 0xFC, 0xFF,
    0xFF, 0xFC, 0x30, 0x00, 0x00, 0x30, 0x00, 0x00, 0x0C, 0x00, 0x00, 0x0C, 0x00, 0x00, 0x00,
    0x00, 0x00, 0x00, 0x00, 0x00, 0x00, 0x30, 0x00, 0x00, 0x30, 0x00, 0x00, 0xFC, 0x00, 0x00,
    0xFC, 0x00, 0x03, 0x33, 0x00, 0x03, 0x33, 0x00, 0x00, 0x30, 0x00, 0x00, 0x30, 0x00, 0x00,
    0x30, 0x00, 0x00, 0x30, 0x00, 0x00, 0x30, 0x00, 0x00, 0x30, 0x00, 0x00, 0x30, 0x00, 0x00,
    0x30, 0x00, 0x00, 0x30, 0x00, 0x00, 0x30, 0x00, 0x00, 0x30, 0x00, 0x00, 0x30, 0x00, 0x00,
    0x30, 0x00, 0x00, 0x30, 0x00, 0x00, 0x30, 0x00, 0x00, 0x30, 0x00, 0x00, 0x00, 0x00, 0x00,
    0x00, 0xC0, 0x00, 0x00, 0xC0, 0x00, 0x00, 0x30, 0x00, 0x00, 0x30, 0xFF, 0xFF, 0xFC, 0xFF,
    0xFF, 0xFC, 0x00, 0x00, 0x30, 0x00, 0x00, 0x30, 0x00, 0x00, 0xC0, 0x00, 0x00, 0xC0, 0x00,
    0x00, 0x00, 0x00, 0x00, 0x00, 0x00, 0x30, 0x00, 0x00, 0x30, 0x00, 0x00, 0x30, 0x00, 0x00,
    0x30, 0x00, 0x00, 0x30, 0x00, 0x00, 0x30, 0x00, 0x00, 0x30, 0x00, 0x00, 0x30, 0x00, 0x00,
    0x30, 0x00, 0x00, 0x30, 0x00, 0x00, 0x30, 0x00, 0x00, 0x30, 0x00, 0x00, 0x30, 0x00, 0x00,
    0x30, 0x00, 0x00, 0x30, 0x00, 0x00, 0x30, 0x00, 0x03, 0x33, 0x00, 0x03, 0x33, 0x00, 0x00,
    0xFC, 0x00, 0x00, 0xFC, 0x00, 0x00, 0x30, 0x00, 0x00, 0x30, 0x00, 0x00, 0x00, 0x00, 0xFF,
    0xFF, 0xFC, 0xFF, 0xFF, 0xFC, 0xFF, 0xFF, 0xFC, 0xFF, 0xFF, 0xFC, 0xFF, 0xFF, 0xFC, 0xFF,
    0xFF, 0xFC, 0xFF, 0xFF, 0xFC, 0xFF, 0xFF, 0xFC, 0xFF, 0xFF, 0xFC, 0xFF, 0xFF, 0xFC, 0xFF,
    0xFF, 0xFC, 0xFF, 0xFF, 0xFC, 0xFF, 0xFF, 0xFC, 0xFF, 0xFF, 0xFC, 0xFF, 0xFF, 0xFC, 0xFF,
    0xFF, 0xFC, 0xFF, 0xFF, 0xFC, 0xFF, 0xFF, 0xFC, 0xFF, 0xFF, 0xFC, 0xFF, 0xFF, 0xFC, 0xFF,
    0xFF, 0xFC, 0xFF, 0xFF, 0xFC, 0x00, 0x00, 0x00, 0xFF, 0xFF, 0xFC, 0xFF, 0xFF, 0xFC, 0xC0,
    0x00, 0x0C, 0xC0, 0x00, 0x0C, 0xC0, 0x00, 0x0C, 0xC0, 0x00, 0x0C, 0xC0, 0x00, 0x0C, 0xC0,
    0x00, 0x0C, 0xC0, 0x00, 0x0C, 0xC0, 0x00, 0x0C, 0xC0, 0x00, 0x0C, 0xC0, 0x00, 0x0C, 0xC0,
    0x00, 0x0C, 0xC0, 0x00, 0x0C, 0xC0, 0x00, 0x0C, 0xC0, 0x00, 0x0C, 0xC0, 0x00, 0x0C, 0xC0,
    0x00, 0x0C, 0xC0, 0x00, 0x0C, 0xC0, 0x00, 0x0C, 0xFF, 0xFF, 0xFC, 0xFF, 0xFF, 0xFC, 0x00,
    0x00, 0x00, 0x00, 0x30, 0x00, 0x00, 0x30, 0x00, 0x00, 0xFC, 0x00, 0x00, 0xFC, 0x00, 0x00,
    0xFC, 0x00, 0x00, 0xFC, 0x00, 0x03, 0xFF, 0x00, 0x03, 0xFF, 0x00, 0x03, 0xFF, 0x00, 0x03,
    0xFF, 0x00, 0x0F, 0xFF, 0xC0, 0x0F, 0xFF, 0xC0, 0x0F, 0xFF, 0xC0, 0x0F, 0xFF, 0xC0, 0x3F,
    0xFF, 0xF0, 0x3F, 0xFF, 0xF0, 0x3F, 0xFF, 0xF0, 0x3F, 0xFF, 0xF0, 0x00, 0x00, 0x00, 0x3F,
    0xFF, 0xF0, 0x3F, 0xFF, 0xF0, 0x3F, 0xFF, 0xF0, 0x3F, 0xFF, 0xF0, 0x0F, 0xFF, 0xC0, 0x0F,
    0xFF, 0xC0, 0x0F, 0xFF, 0xC0, 0x0F, 0xFF, 0xC0, 0x03, 0xFF, 0x00, 0x03, 0xFF, 0x00, 0x03,
    0xFF, 0x00, 0x03, 0xFF, 0x00, 0x00, 0xFC, 0x00, 0x00, 0xFC, 0x00, 0x00, 0xFC, 0x00, 0x00,
    0xFC, 0x00, 0x00, 0x30, 0x00, 0x00, 0x30, 0x00, 0x00, 0x00, 0x00, 0x00, 0x30, 0x00, 0x00,
    0x30, 0x00, 0x00, 0xFC, 0x00, 0x00, 0xFC, 0x00, 0x03, 0xFF, 0x00, 0x03, 0xFF, 0x00, 0x0F,
    0xFF, 0xC0, 0x0F, 0xFF, 0xC0, 0x3F, 0xFF, 0xF0, 0x3F, 0xFF, 0xF0, 0xFF, 0xFF, 0xFC, 0xFF,
    0xFF, 0xFC, 0x3F, 0xFF, 0xF0, 0x3F, 0xFF, 0xF0, 0x0F, 0xFF, 0xC0, 0x0F, 0xFF, 0xC0, 0x03,
    0xFF, 0x00, 0x03, 0xFF, 0x00, 0x00, 0xFC, 0x00, 0x00, 0xFC, 0x00, 0x00, 0x30, 0x00, 0x00,
    0x30, 0x00, 0x00, 0x00, 0x00, 0x00, 0xFC, 0x00, 0x00, 0xFC, 0x00, 0x0F, 0x03, 0xC0, 0x0F,
    0x03, 0xC0, 0x30, 0x00, 0x30, 0x30, 0x00, 0x30, 0x30, 0x00, 0x30, 0x30, 0x00, 0x30, 0xC0,
    0x00, 0x0C, 0xC0, 0x00, 0x0C, 0xC0, 0x00, 0x0C, 0xC0, 0x00, 0x0C, 0xC0, 0x00, 0x0C, 0xC0,
    0x00, 0x0C, 0x30, 0x00, 0x30, 0x30, 0x00, 0x30, 0x30, 0x00, 0x30, 0x30, 0x00, 0x30, 0x0F,
    0x03, 0xC0, 0x0F, 0x03, 0xC0, 0x00, 0xFC, 0x00, 0x00, 0xFC, 0x00, 0x00, 0x00, 0x00, 0x00,
    0xFC, 0x00, 0x00, 0xFC, 0x00, 0x0F, 0xFF, 0xC0, 0x0F, 0xFF, 0xC0, 0x3F, 0xFF, 0xF0, 0x3F,
    0xFF, 0xF0, 0x3F, 0xFF, 0xF0, 0x3F, 0xFF, 0xF0, 0xFF, 0xFF, 0xFC, 0xFF, 0xFF, 0xFC, 0xFF,
    0xFF, 0xFC, 0xFF, 0xFF, 0xFC, 0xFF, 0xFF, 0xFC, 0xFF, 0xFF, 0xFC, 0x3F, 0xFF, 0xF0, 0x3F,
    0xFF, 0xF0, 0x3F, 0xFF, 0xF0, 0x3F, 0xFF, 0xF0, 0x0F, 0xFF, 0xC0, 0x0F, 0xFF, 0xC0, 0x00,
    0xFC, 0x00, 0x00, 0xFC, 0x00, 0x00, 0x00, 0x00, 0x00, 0x30, 0x00, 0x00, 0x30, 0x00, 0x00,
    0x30, 0x00, 0x00, 0x30, 0x00, 0x00, 0xFC, 0x00, 0x00, 0xFC, 0x00, 0x00, 0xFC, 0x00, 0x00,
    0xFC, 0x00, 0xFF, 0xFF, 0xFC, 0xFF, 0xFF, 0xFC, 0x0F, 0xFF, 0xC0, 0x0F, 0xFF, 0xC0, 0x03,
    0xFF, 0x00, 0x03, 0xFF, 0x00, 0x03, 0xFF, 0x00, 0x03, 0xFF, 0x00, 0x0F, 0xCF, 0xC0, 0x0F,
    0xCF, 0xC0, 0x0F, 0x03, 0xC0, 0x0F, 0x03, 0xC0, 0x30, 0x00, 0x30, 0x30, 0x00, 0x30, 0x00,
    0x00, 0x00, 0xFF, 0xFF, 0xFF, 0xFF, 0xFF, 0xFF, 0xC0, 0x00, 0x03, 0xC0, 0x00, 0x03, 0xC0,
    0x00, 0x03, 0xC0, 0x00, 0x03, 0xC0, 0x00, 0x03, 0xC0, 0x00, 0x03, 0xC0, 0x00, 0x03, 0xC0,
    0x00, 0x03, 0xC0, 0x00, 0x03, 0xC0, 0x00, 0x03, 0xC0, 0x00, 0x03, 0xC0, 0x00, 0x03, 0xC0,
    0x00, 0x03, 0xC0, 0x00, 0x03, 0xC0, 0x00, 0x03, 0xC0, 0x00, 0x03, 0xC0, 0x00, 0x03, 0xC0,
    0x00, 0x03, 0xC0, 0x00, 0x03, 0xC0, 0x00, 0x03, 0xFF, 0xFF, 0xFF, 0xFF, 0xFF, 0xFF, 0x00,
    0x00, 0x00, 0xFF, 0xFF, 0xFF, 0xFF, 0xFF, 0xFF, 0xC0, 0x00, 0x03, 0xC0, 0x00, 0x03, 0xC0,
    0x00, 0x03, 0xC0, 0x00, 0x03, 0xC0, 0x00, 0x03, 0xC0, 0x00, 0x03, 0xC0, 0x00, 0x03, 0xC0,
    0x00, 0x03, 0xC0, 0x00, 0x03, 0xC0, 0x00, 0x03, 0xC0, 0x00, 0x03, 0xC0, 0x00, 0x03, 0xC0,
    0x00, 0x03, 0xC0, 0x00, 0x03, 0xC0, 0x00, 0x03, 0xC0, 0x00, 0x03, 0xC0, 0x00, 0x03, 0xC0,
    0x00, 0x03, 0xC0, 0x00, 0x03, 0xC0, 0x00, 0x03, 0xFF, 0xFF, 0xFF, 0xFF, 0xFF, 0xFF, 0x00,
    0x00, 0x00, 0x30, 0x00, 0x00, 0x30, 0x00, 0x00, 0x0F, 0x00, 0x00, 0x0F, 0x00, 0x00, 0x03,
    0x00, 0x00, 0x03, 0x00, 0x00, 0x00, 0x00, 0x00, 0x0F, 0x00, 0x00, 0x0F, 0x00, 0x00, 0x30,
    0xC0, 0x00, 0x30, 0xC0, 0x00, 0x30, 0xC0, 0x00, 0x30, 0xC0, 0x00, 0x0F, 0x00, 0x00, 0x0F,
    0x00, 0x00, 0x00, 0x00, 0x00, 0x00, 0x0C, 0x30, 0x00, 0x0C, 0x30, 0x00, 0x0C, 0x30, 0x00,
    0x0C, 0x30, 0x00, 0x30, 0xC0, 0x00, 0x30, 0xC0, 0x00, 0x30, 0xC0, 0x00, 0x30, 0xC0, 0x00,
    0xC3, 0x00, 0x00, 0xC3, 0x00, 0x00, 0xC3, 0x00, 0x00, 0xC3, 0x00, 0x00, 0xC3, 0x00, 0x00,
    0xC3, 0x00, 0x00, 0x30, 0xC0, 0x00, 0x30, 0xC0, 0x00, 0x30, 0xC0, 0x00, 0x30, 0xC0, 0x00,
    0x0C, 0x30, 0x00, 0x0C, 0x30, 0x00, 0x0C, 0x30, 0x00, 0x0C, 0x30, 0x00, 0x00, 0x00, 0x30,
    0xC0, 0x00, 0x30, 0xC0, 0x00, 0x30, 0xC0, 0x00, 0x30, 0xC0, 0x00, 0x0C, 0x30, 0x00, 0x0C,
    0x30, 0x00, 0x0C, 0x30, 0x00, 0x0C, 0x30, 0x00, 0x03, 0x0C, 0x00, 0x03, 0x0C, 0x00, 0x03,
    0x0C, 0x00, 0x03, 0x0C, 0x00, 0x03, 0x0C, 0x00, 0x03, 0x0C, 0x00, 0x0C, 0x30, 0x00, 0x0C,
    0x30, 0x00, 0x0C, 0x30, 0x00, 0x0C, 0x30, 0x00, 0x30, 0xC0, 0x00, 0x30, 0xC0, 0x00, 0x30,
    0xC0, 0x00, 0x30, 0xC0, 0x00, 0x00, 0x00, 0x00, 0x00, 0x0F, 0xF0, 0x00, 0x0F, 0xF0, 0x00,
    0x0C, 0x00, 0x00, 0x0C, 0x00, 0x00, 0x0C, 0x00, 0x00, 0x0C, 0x00, 0x00, 0x0C, 0x00, 0x00,
    0x0C, 0x00, 0x00, 0x0C, 0x00, 0x00, 0x0C, 0x00, 0x00, 0x0C, 0x00, 0x00, 0x0C, 0x00, 0x00,
    0x0C, 0x00, 0x00, 0x0C, 0x00, 0x00, 0x0C, 0x00, 0x00, 0x0C, 0x00, 0x00, 0x00, 0x00, 0x00,
    0x00, 0x00, 0x00, 0xC0, 0x00, 0x00, 0xC0, 0x00, 0x00, 0xC0, 0x00, 0x00, 0xC0, 0x00, 0x00,
    0xC0, 0x00, 0x00, 0xC0, 0x00, 0x00, 0xC0, 0x00, 0x00, 0xC0, 0x00, 0x00, 0xC0, 0x00, 0x00,
    0xC0, 0x00, 0x00, 0xC0, 0x00, 0x00, 0xC0, 0x00, 0x00, 0xC0, 0x00, 0x00, 0xC0, 0x00, 0x3F,
    0xC0, 0x00, 0x3F, 0xC0, 0x00, 0x00, 0x00, 0x00, 0x00, 0x3F, 0xF0, 0x00, 0x3F, 0xF0, 0x00,
    0x30, 0x30, 0x00, 0x30, 0x30, 0x00, 0x33, 0xF0, 0x00, 0x33, 0xF0, 0x00, 0x33, 0x00, 0x00,
    0x33, 0x00, 0x00, 0x33, 0x00, 0x00, 0x33, 0x00, 0x00, 0x33, 0x00, 0x00, 0x33, 0x00, 0x00,
    0x33, 0x00, 0x00, 0x33, 0x00, 0x00, 0x3F, 0x00, 0x00, 0x3F, 0x00, 0x00, 0x00, 0x00, 0x00,
    0x00, 0x00, 0x03, 0xF0, 0x00, 0x03, 0xF0, 0x00, 0x03, 0x30, 0x00, 0x03, 0x30, 0x00, 0x03,
    0x30, 0x00, 0x03, 0x30, 0x00, 0x03, 0x30, 0x00, 0x03, 0x30, 0x00, 0x03, 0x30, 0x00, 0x03,
    0x30, 0x00, 0x3F, 0x30, 0x00, 0x3F, 0x30, 0x00, 0x30, 0x30, 0x00, 0x30, 0x30, 0x00, 0x3F,
    0xF0, 0x00, 0x3F, 0xF0, 0x00, 0x00, 0x00, 0x00, 0x00, 0x3F, 0xF0, 0x00, 0x3F, 0xF0, 0x00,
    0x3F, 0xC0, 0x00, 0x3F, 0xC0, 0x00, 0x3F, 0x00, 0x00, 0x3F, 0x00, 0x00, 0x3F, 0x00, 0x00,
    0x3F, 0x00, 0x00, 0x3C, 0x00, 0x00, 0x3C, 0x00, 0x00, 0x3C, 0x00, 0x00, 0x3C, 0x00, 0x00,
    0x3C, 0x00, 0x00, 0x3C, 0x00, 0x00, 0x3F, 0x00, 0x00, 0x3F, 0x00, 0x00, 0x3F, 0x00, 0x00,
    0x3F, 0x00, 0x00, 0x3F, 0xC0, 0x00, 0x3F, 0xC0, 0x00, 0x3F, 0xF0, 0x00, 0x3F, 0xF0, 0x00,
    0x00, 0x00, 0x3F, 0xF0, 0x00, 0x3F, 0xF0, 0x00, 0x0F, 0xF0, 0x00, 0x0F, 0xF0, 0x00, 0x03,
    0xF0, 0x00, 0x03, 0xF0, 0x00, 0x03, 0xF0, 0x00, 0x03, 0xF0, 0x00, 0x00, 0xF0, 0x00, 0x00,
    0xF0, 0x00, 0x00, 0xF0, 0x00, 0x00, 0xF0, 0x00, 0x00, 0xF0, 0x00, 0x00, 0xF0, 0x00, 0x03,
    0xF0, 0x00, 0x03, 0xF0, 0x00, 0x03, 0xF0, 0x00, 0x03, 0xF0, 0x00, 0x0F, 0xF0, 0x00, 0x0F,
    0xF0, 0x00, 0x3F, 0xF0, 0x00, 0x3F, 0xF0, 0x00, 0x00, 0x00, 0x00, 0xFF, 0xFF, 0xFC, 0xFF,
    0xFF, 0xFC, 0x00, 0x00, 0x00, 0x00, 0x00, 0x00, 0x00, 0x00, 0x00, 0x00, 0x00, 0x00, 0x00,
    0x00, 0x00, 0x00, 0x00, 0x00, 0x00, 0x30, 0x00, 0x00, 0x30, 0x00, 0x00, 0x30, 0x00, 0x00,
    0x30, 0x00, 0x00, 0x30, 0x00, 0x00, 0x30, 0x00, 0x00, 0x30, 0x00, 0x00, 0x30, 0x00, 0x00,
    0x3F, 0xF0, 0x00, 0x3F, 0xF0, 0x00, 0x30, 0x00, 0x00, 0x30, 0x00, 0x00, 0x30, 0x00, 0x00,
    0x30, 0x00, 0x00, 0x30, 0x00, 0x00, 0x30, 0x00, 0x00, 0x30, 0x00, 0x00, 0x30, 0x00, 0x00,
    0x30, 0x00, 0x00, 0x30, 0x00, 0xFF, 0xFF, 0xFC, 0xFF, 0xFF, 0xFC, 0x00, 0x00, 0x00, 0xFF,
    0xFF, 0xFC, 0xFF, 0xFF, 0xFC, 0x00, 0x30, 0x00, 0x00, 0x30, 0x00, 0x00, 0x30, 0x00, 0x00,
    0x30, 0x00, 0x00, 0x30, 0x00, 0x00, 0x30, 0x00, 0x00, 0x33, 0x00, 0x00, 0x33, 0x00, 0x00,
    0x30, 0xC0, 0x00, 0x30, 0xC0, 0x00, 0x30, 0x30, 0x00, 0x30, 0x30, 0x00, 0x30, 0x00, 0x00,
    0x30, 0x00, 0x00, 0x30, 0x00, 0x00, 0x30, 0x00, 0x00, 0x30, 0x00, 0x00, 0x30, 0x00, 0x00,
    0x30, 0x00, 0x00, 0x30, 0x00, 0x00, 0x00, 0x00, 0xFF, 0xFF, 0xFC, 0xFF, 0xFF, 0xFC, 0x00,
    0x0C, 0x00, 0x00, 0x0C, 0x00, 0x00, 0x30, 0x00, 0x00, 0x30, 0x00, 0x00, 0xF0, 0x00, 0x00,
    0xF0, 0x00, 0x03, 0x33, 0x00, 0x03, 0x33, 0x00, 0x0C, 0x30, 0xC0, 0x0C, 0x30, 0xC0, 0xF0,
    0x30, 0x30, 0xF0, 0x30, 0x30, 0x00, 0x30, 0x0C, 0x00, 0x30, 0x0C, 0x00, 0x30, 0x00, 0x00,
    0x30, 0x00, 0x00, 0x30, 0x00, 0x00, 0x30, 0x00, 0x00, 0x30, 0x00, 0x00, 0x30, 0x00, 0x00,
    0x00, 0x00, 0x00, 0x30, 0x00, 0x00, 0x30, 0x00, 0x00, 0xCC, 0x00, 0x00, 0xCC, 0x00, 0x03,
    0x03, 0x00, 0x03, 0x03, 0x00, 0x0C, 0x00, 0xC0, 0x0C, 0x00, 0xC0, 0xF0, 0x30, 0x3C, 0xF0,
    0x30, 0x3C, 0x00, 0x30, 0x00, 0x00, 0x30, 0x00, 0x00, 0x30, 0x00, 0x00, 0x30, 0x00, 0x00,
    0x30, 0x00, 0x00, 0x30, 0x00, 0x00, 0x30, 0x00, 0x00, 0x30, 0x00, 0x00, 0x30, 0x00, 0x00,
    0x30, 0x00, 0x00, 0x30, 0x00, 0x00, 0x30, 0x00, 0x00, 0x00, 0x00, 0x00, 0x30, 0x00, 0x00,
    0x30, 0x00, 0x00, 0x30, 0x00, 0x00, 0x30, 0x00, 0xFF, 0xFF, 0xFC, 0xFF, 0xFF, 0xFC, 0xC0,
    0x30, 0x0C, 0xC0, 0x30, 0x0C, 0xC0, 0x30, 0x0C, 0xC0, 0x30, 0x0C, 0xC0, 0x30, 0x0C, 0xC0,
    0x30, 0x0C, 0xFF, 0xFF, 0xFC, 0xFF, 0xFF, 0xFC, 0x00, 0x30, 0x00, 0x00, 0x30, 0x00, 0x00,
    0x30, 0x00, 0x00, 0x30, 0x00, 0x00, 0x30, 0x00, 0x00, 0x30, 0x00, 0x00, 0x30, 0x00, 0x00,
    0x30, 0x00, 0x00, 0x00, 0x00, 0x00, 0xC0, 0x00, 0x00, 0xC0, 0x00, 0x00, 0x30, 0x00, 0x00,
    0x30, 0x00, 0xFF, 0xFF, 0xFC, 0xFF, 0xFF, 0xFC, 0x00, 0x30, 0x00, 0x00, 0x30, 0x00, 0x00,
    0x30, 0x00, 0x00, 0x30, 0x00, 0x00, 0x30, 0x00, 0x00, 0x30, 0x00, 0x3F, 0xFF, 0xF0, 0x3F,
    0xFF, 0xF0, 0x00, 0x30, 0x00, 0x00, 0x30, 0x00, 0x00, 0x30, 0x00, 0x00, 0x30, 0x00, 0x00,
    0x30, 0x00, 0x00, 0x30, 0x00, 0xFF, 0xFF, 0xFC, 0xFF, 0xFF, 0xFC, 0x00, 0x00, 0x00, 0x00,
    0x30, 0x00, 0x00, 0x30, 0x00, 0xFF, 0xFF, 0xFC, 0xFF, 0xFF, 0xFC, 0x00, 0x00, 0x00, 0x00,
    0x00, 0x00, 0x03, 0x03, 0x00, 0x03, 0x03, 0x00, 0x0C, 0x00, 0xC0, 0x0C, 0x00, 0xC0, 0xF3,
    0x03, 0x3C, 0xF3, 0x03, 0x3C, 0x00, 0xCC, 0x00, 0x00, 0xCC, 0x00, 0x00, 0x30, 0x00, 0x00,
    0x30, 0x00, 0x00, 0xCC, 0x00, 0x00, 0xCC, 0x00, 0x0F, 0x03, 0xC0, 0x0F, 0x03, 0xC0, 0xF0,
    0x00, 0x3C, 0xF0, 0x00, 0x3C, 0x00, 0x00, 0x00, 0x0C, 0xFF, 0xFC, 0x0C, 0xFF, 0xFC, 0x0C,
    0xC0, 0x0C, 0x0C, 0xC0, 0x0C, 0x30, 0xC0, 0x0C, 0x30, 0xC0, 0x0C, 0x30, 0xC0, 0x0C, 0x30,
    0xC0, 0x0C, 0xF0, 0x30, 0x30, 0xF0, 0x30, 0x30, 0x30, 0x30, 0x30, 0x30, 0x30, 0x30, 0x30,
    0x30, 0x30, 0x30, 0x30, 0x30, 0x30, 0x0C, 0xC0, 0x30, 0x0C, 0xC0, 0x30, 0x03, 0x00, 0x30,
    0x03, 0x00, 0x30, 0x0C, 0xC0, 0x30, 0x0C, 0xC0, 0x30, 0xF0, 0x3C, 0x30, 0xF0, 0x3C, 0x00,
    0x00, 0x00, 0x0C, 0x00, 0xC0, 0x0C, 0x00, 0xC0, 0x0C, 0x00, 0xC0, 0x0C, 0x00, 0xC0, 0x30,
    0xFF, 0xFC, 0x30, 0xFF, 0xFC, 0x30, 0x00, 0xC0, 0x30, 0x00, 0xC0, 0xF0, 0x00, 0xC0, 0xF0,
    0x00, 0xC0, 0x30, 0xC0, 0xC0, 0x30, 0xC0, 0xC0, 0x30, 0x30, 0xC0, 0x30, 0x30, 0xC0, 0x30,
    0x30, 0xC0, 0x30, 0x30, 0xC0, 0x30, 0x00, 0xC0, 0x30, 0x00, 0xC0, 0x30, 0x00, 0xC0, 0x30,
    0x00, 0xC0, 0x30, 0x0F, 0xC0, 0x30, 0x0F, 0xC0, 0x00, 0x00, 0x00, 0x0C, 0xC3, 0x00, 0x0C,
    0xC3, 0x00, 0x0C, 0xC3, 0x00, 0x0C, 0xC3, 0x00, 0x30, 0xFF, 0xFC, 0x30, 0xFF, 0xFC, 0x33,
    0x03, 0x00, 0x33, 0x03, 0x00, 0xF0, 0x03, 0x00, 0xF0, 0x03, 0x00, 0x30, 0x03, 0x00, 0x30,
    0x03, 0x00, 0x33, 0xFF, 0xFC, 0x33, 0xFF, 0xFC, 0x30, 0x03, 0x00, 0x30, 0x03, 0x00, 0x30,
    0x03, 0x00, 0x30, 0x03, 0x00, 0x30, 0x03, 0x00, 0x30, 0x03, 0x00, 0x30, 0x03, 0x00, 0x30,
    0x03, 0x00, 0x00, 0x00, 0x00, 0x0C, 0x30, 0xC0, 0x0C, 0x30, 0xC0, 0x0C, 0x30, 0xC0, 0x0C,
    0x30, 0xC0, 0x30, 0xC0, 0x30, 0x30, 0xC0, 0x30, 0x30, 0xC0, 0x30, 0x30, 0xC0, 0x30, 0xF3,
    0x00, 0x0C, 0xF3, 0x00, 0x0C, 0x30, 0xFF, 0xF0, 0x30, 0xFF, 0xF0, 0x30, 0x30, 0x30, 0x30,
    0x30, 0x30, 0x30, 0x30, 0x30, 0x30, 0x30, 0x30, 0x30, 0xC0, 0x30, 0x30, 0xC0, 0x30, 0x30,
    0xC0, 0x30, 0x30, 0xC0, 0x30, 0x33, 0x03, 0xC0, 0x33, 0x03, 0xC0, 0x00, 0x00, 0x00, 0x00,
    0x30, 0x00, 0x00, 0x30, 0x00, 0x00, 0xCC, 0x00, 0x00, 0xCC, 0x00, 0x0F, 0x03, 0xC0, 0x0F,
    0x03, 0xC0, 0xF0, 0x00, 0x3C, 0xF0, 0x00, 0x3C, 0x0F, 0xFF, 0xC0, 0x0F, 0xFF, 0xC0, 0x00,
    0x00, 0x00, 0x00, 0x00, 0x00, 0x00, 0x00, 0x00, 0x00, 0x00, 0x00, 0xFF, 0xFF, 0xFC, 0xFF,
    0xFF, 0xFC, 0x03, 0x00, 0x00, 0x03, 0x00, 0x00, 0x0C, 0x00, 0xC0, 0x0C, 0x00, 0xC0, 0x3F,
    0xFF, 0x30, 0x3F, 0xFF, 0x30, 0x00, 0x00, 0x00, 0x0C, 0x0C, 0x00, 0x0C, 0x0C, 0x00, 0x0C,
    0x03, 0x00, 0x0C, 0x03, 0x00, 0x33, 0xFF, 0xFC, 0x33, 0xFF, 0xFC, 0x30, 0x00, 0x00, 0x30,
    0x00, 0x00, 0xF0, 0xC0, 0x30, 0xF0, 0xC0, 0x30, 0x30, 0xC0, 0x30, 0x30, 0xC0, 0x30, 0x30,
    0x30, 0x30, 0x30, 0x30, 0x30, 0x30, 0x30, 0xC0, 0x30, 0x30, 0xC0, 0x30, 0x30, 0xC0, 0x30,
    0x30, 0xC0, 0x30, 0x03, 0x00, 0x30, 0x03, 0x00, 0x33, 0xFF, 0xFC, 0x33, 0xFF, 0xFC, 0x00,
    0x00, 0x00, 0x0C, 0x30, 0x00, 0x0C, 0x30, 0x00, 0x0C, 0x30, 0x00, 0x0C, 0x30, 0x00, 0x30,
    0x3F, 0xFC, 0x30, 0x3F, 0xFC, 0x30, 0xCC, 0x00, 0x30, 0xCC, 0x00, 0xF3, 0x0C, 0x00, 0xF3,
    0x0C, 0x00, 0x30, 0x0F, 0xFC, 0x30, 0x0F, 0xFC, 0x30, 0x0C, 0x00, 0x30, 0x0C, 0x00, 0x30,
    0x0C, 0x00, 0x30, 0x0C, 0x00, 0x30, 0x0F, 0xFC, 0x30, 0x0F, 0xFC, 0x30, 0x0C, 0x00, 0x30,
    0x0C, 0x00, 0x30, 0x0C, 0x00, 0x30, 0x0C, 0x00, 0x00, 0x00, 0x00, 0x0C, 0xC0, 0x00, 0x0C,
    0xC0, 0x00, 0x0C, 0xFF, 0xFC, 0x0C, 0xFF, 0xFC, 0x30, 0xC3, 0x0C, 0x30, 0xC3, 0x0C, 0x33,
    0x03, 0x0C, 0x33, 0x03, 0x0C, 0xF0, 0x03, 0x00, 0xF0, 0x03, 0x00, 0x30, 0x33, 0x30, 0x30,
    0x33, 0x30, 0x30, 0x33, 0x30, 0x30, 0x33, 0x30, 0x30, 0xC3, 0x0C, 0x30, 0xC3, 0x0C, 0x33,
    0x03, 0x0C, 0x33, 0x03, 0x0C, 0x30, 0x03, 0x00, 0x30, 0x03, 0x00, 0x30, 0x0F, 0x00, 0x30,
    0x0F, 0x00, 0x00, 0x00, 0x00, 0x0C, 0x0C, 0x00, 0x0C, 0x0C, 0x00, 0x0C, 0x03, 0x00, 0x0C,
    0x03, 0x00, 0x33, 0xFF, 0xFC, 0x33, 0xFF, 0xFC, 0x30, 0x00, 0x00, 0x30, 0x00, 0x00, 0xF0,
    0xFF, 0xF0, 0xF0, 0xFF, 0xF0, 0x30, 0x00, 0x00, 0x30, 0x00, 0x00, 0x30, 0xFF, 0xF0, 0x30,
    0xFF, 0xF0, 0x30, 0x00, 0x00, 0x30, 0x00, 0x00, 0x30, 0xFF, 0xF0, 0x30, 0xFF, 0xF0, 0x30,
    0xC0, 0x30, 0x30, 0xC0, 0x30, 0x30, 0xFF, 0xF0, 0x30, 0xFF, 0xF0, 0x00, 0x00, 0x00, 0x0C,
    0xFF, 0xF0, 0x0C, 0xFF, 0xF0, 0x0C, 0xC0, 0x00, 0x0C, 0xC0, 0x00, 0x30, 0xFF, 0xFC, 0x30,
    0xFF, 0xFC, 0x30, 0xC0, 0x0C, 0x30, 0xC0, 0x0C, 0xF0, 0xFF, 0xFC, 0xF0, 0xFF, 0xFC, 0x30,
    0xC0, 0x00, 0x30, 0xC0, 0x00, 0x30, 0xFF, 0xFC, 0x30, 0xFF, 0xFC, 0x30, 0xCC, 0xCC, 0x30,
    0xCC, 0xCC, 0x30, 0xFF, 0xFC, 0x30, 0xFF, 0xFC, 0x30, 0xCC, 0xCC, 0x30, 0xCC, 0xCC, 0x33,
    0x0C, 0xCC, 0x33, 0x0C, 0xCC, 0x00, 0x00, 0x00, 0x00, 0x30, 0x00, 0x00, 0x30, 0x00, 0x00,
    0xC0, 0x00, 0x00, 0xC0, 0x00, 0x03, 0x03, 0x00, 0x03, 0x03, 0x00, 0x0C, 0x00, 0xC0, 0x0C,
    0x00, 0xC0, 0x3F, 0xFF, 0xF0, 0x3F, 0xFF, 0xF0, 0x03, 0x03, 0x30, 0x03, 0x03, 0x30, 0x03,
    0x03, 0x00, 0x03, 0x03, 0x00, 0x03, 0x03, 0x00, 0x03, 0x03, 0x00, 0x03, 0x03, 0x0C, 0x03,
    0x03, 0x0C, 0x0C, 0x03, 0x0C, 0x0C, 0x03, 0x0C, 0xF0, 0x03, 0xFC, 0xF0, 0x03, 0xFC, 0x00,
    0x00, 0x00, 0x0F, 0xF0, 0x00, 0x0F, 0xF0, 0x00, 0x00, 0x30, 0x00, 0x00, 0x30, 0x00, 0x00,
    0x30, 0x00, 0x00, 0x30, 0x00, 0x00, 0x30, 0x00, 0x00, 0x30, 0x00, 0x00, 0xCC, 0x00, 0x00,
    0xCC, 0x00, 0x00, 0xCC, 0x00, 0x00, 0xCC, 0x00, 0x03, 0x03, 0x00, 0x03, 0x03, 0x00, 0x03,
    0x03, 0x00, 0x03, 0x03, 0x00, 0x0C, 0x00, 0xC0, 0x0C, 0x00, 0xC0, 0x30, 0x00, 0x30, 0x30,
    0x00, 0x30, 0xC0, 0x00, 0x0C, 0xC0, 0x00, 0x0C, 0x00, 0x00, 0x00, 0x0F, 0xF0, 0x00, 0x0F,
    0xF0, 0x00, 0x00, 0xCC, 0x00, 0x00, 0xCC, 0x00, 0x0F, 0x03, 0xC0, 0x0F, 0x03, 0xC0, 0xF0,
    0x00, 0x3C, 0xF0, 0x00, 0x3C, 0x0F, 0xFF, 0xC0, 0x0F, 0xFF, 0xC0, 0x00, 0x30, 0x00, 0x00,
    0x30, 0x00, 0x00, 0x30, 0x00, 0x00, 0x30, 0x00, 0x3F, 0xFF, 0xF0, 0x3F, 0xFF, 0xF0, 0x00,
    0x30, 0x00, 0x00, 0x30, 0x00, 0x00, 0x30, 0x00, 0x00, 0x30, 0x00, 0xFF, 0xFF, 0xFC, 0xFF,
    0xFF, 0xFC, 0x00, 0x00, 0x00, 0x03, 0x03, 0x00, 0x03, 0x03, 0x00, 0x03, 0x03, 0x00, 0x03,
    0x03, 0x00, 0x0C, 0x00, 0xC0, 0x0C, 0x00, 0xC0, 0x0C, 0x00, 0xC0, 0x0C, 0x00, 0xC0, 0x30,
    0x00, 0x30, 0x30, 0x00, 0x30, 0xC0, 0xC0, 0x0C, 0xC0, 0xC0, 0x0C, 0x00, 0xC0, 0x00, 0x00,
    0xC0, 0x00, 0x03, 0x00, 0xC0, 0x03, 0x00, 0xC0, 0x03, 0x00, 0xC0, 0x03, 0x00, 0xC0, 0x0C,
    0x0F, 0x30, 0x0C, 0x0F, 0x30, 0x3F, 0xF0, 0x30, 0x3F, 0xF0, 0x30, 0x00, 0x00, 0x00, 0x0C,
    0x00, 0xC0, 0x0C, 0x00, 0xC0, 0x03, 0x03, 0x00, 0x03, 0x03, 0x00, 0x3F, 0xFF, 0xF0, 0x3F,
    0xFF, 0xF0, 0x00, 0x30, 0x00, 0x00, 0x30, 0x00, 0x00, 0x30, 0x00, 0x00, 0x30, 0x00, 0x00,
    0x30, 0x00, 0x00, 0x30, 0x00, 0xFF, 0xFF, 0xFC, 0xFF, 0xFF, 0xFC, 0x00, 0xCC, 0x00, 0x00,
    0xCC, 0x00, 0x03, 0x03, 0x00, 0x03, 0x03, 0x00, 0x0C, 0x00, 0xC0, 0x0C, 0x00, 0xC0, 0xF0,
    0x00, 0x3C, 0xF0, 0x00, 0x3C, 0x00, 0x00, 0x00, 0x00, 0x30, 0x00, 0x00, 0x30, 0x00, 0x00,
    0x30, 0x00, 0x00, 0x30, 0x00, 0xFF, 0xFF, 0xFC, 0xFF, 0xFF, 0xFC, 0xC0, 0x30, 0x0C, 0xC0,
    0x30, 0x0C, 0xC0, 0x30, 0x0C, 0xC0, 0x30, 0x0C, 0xC0, 0xCC, 0x0C, 0xC0, 0xCC, 0x0C, 0xC3,
    0x03, 0x0C, 0xC3, 0x03, 0x0C, 0xCC, 0x00, 0xCC, 0xCC, 0x00, 0xCC, 0xC0, 0x00, 0x0C, 0xC0,
    0x00, 0x0C, 0xC0, 0x00, 0x0C, 0xC0, 0x00, 0x0C, 0xC0, 0x00, 0xFC, 0xC0, 0x00, 0xFC, 0x00,
    0x00, 0x00, 0xFF, 0xFF, 0xFC, 0xFF, 0xFF, 0xFC, 0x00, 0x30, 0x00, 0x00, 0x30, 0x00, 0x3F,
    0xFF, 0xF0, 0x3F, 0xFF, 0xF0, 0x30, 0x30, 0x30, 0x30, 0x30, 0x30, 0x3F, 0xFF, 0xF0, 0x3F,
    0xFF, 0xF0, 0x30, 0x30, 0x30, 0x30, 0x30, 0x30, 0x30, 0x30, 0x30, 0x30, 0x30, 0x30, 0xFF,
    0xFF, 0xFC, 0xFF, 0xFF, 0xFC, 0x30, 0x00, 0x30, 0x30, 0x00, 0x30, 0x30, 0x00, 0x30, 0x30,
    0x00, 0x30, 0x30, 0x03, 0xF0, 0x30, 0x03, 0xF0, 0x00, 0x00, 0x00, 0xC0, 0x0C, 0x00, 0xC0,
    0x0C, 0x00, 0x30, 0x0C, 0x00, 0x30, 0x0C, 0x00, 0x30, 0xFF, 0xF0, 0x30, 0xFF, 0xF0, 0x00,
    0x0C, 0x30, 0x00, 0x0C, 0x30, 0x00, 0x0C, 0x30, 0x00, 0x0C, 0x30, 0x00, 0x0C, 0x30, 0x00,
    0x0C, 0x30, 0x33, 0xFF, 0xFC, 0x33, 0xFF, 0xFC, 0x30, 0x0C, 0x00, 0x30, 0x0C, 0x00, 0x30,
    0x33, 0x00, 0x30, 0x33, 0x00, 0xC0, 0xC0, 0xC0, 0xC0, 0xC0, 0xC0, 0xCF, 0x00, 0x3C, 0xCF,
    0x00, 0x3C, 0x00, 0x00, 0x00, 0xC0, 0x33, 0x00, 0xC0, 0x33, 0x00, 0x30, 0x30, 0xC0, 0x30,
    0x30, 0xC0, 0x30, 0xFF, 0xFC, 0x30, 0xFF, 0xFC, 0x03, 0xC0, 0xC0, 0x03, 0xC0, 0xC0, 0x00,
    0xFF, 0xFC, 0x00, 0xFF, 0xFC, 0x00, 0xC0, 0xC0, 0x00, 0xC0, 0xC0, 0x30, 0xC0, 0xC0, 0x30,
    0xC0, 0xC0, 0x30, 0xFF, 0xFC, 0x30, 0xFF, 0xFC, 0x30, 0xC0, 0xC0, 0x30, 0xC0, 0xC0, 0xC0,
    0xC0, 0xC0, 0xC0, 0xC0, 0xC0, 0xC0, 0xFF, 0xFC, 0xC0, 0xFF, 0xFC, 0x00, 0x00, 0x00, 0xC0,
    0x00, 0xCC, 0xC0, 0x00, 0xCC, 0x30, 0x00, 0xCC, 0x30, 0x00, 0xCC, 0x30, 0xFF, 0xFC, 0x30,
    0xFF, 0xFC, 0x00, 0xC0, 0xC0, 0x00, 0xC0, 0xC0, 0x00, 0xFC, 0xCC, 0x00, 0xFC, 0xCC, 0x00,
    0xC0, 0xCC, 0x00, 0xC0, 0xCC, 0x30, 0xFC, 0xCC, 0x30, 0xFC, 0xCC, 0x30, 0xCC, 0x30, 0x30,
    0xCC, 0x30, 0x30, 0xFC, 0x30, 0x30, 0xFC, 0x30, 0xC0, 0xC0, 0xCC, 0xC0, 0xC0, 0xCC, 0xC3,
    0x0F, 0x0C, 0xC3, 0x0F, 0x0C, 0x00, 0x00, 0x00, 0x00, 0x30, 0x00, 0x00, 0x30, 0x00, 0x30,
    0x30, 0x30, 0x30, 0x30, 0x30, 0x30, 0x30, 0x30, 0x30, 0x30, 0x30, 0x30, 0x30, 0x30, 0x30,
    0x30, 0x30, 0x3F, 0xFF, 0xF0, 0x3F, 0xFF, 0xF0, 0x00, 0x30, 0x00, 0x00, 0x30, 0x00, 0x00,
    0x30, 0x00, 0x00, 0x30, 0x00, 0xC0, 0x30, 0x0C, 0xC0, 0x30, 0x0C, 0xC0, 0x30, 0x0C, 0xC0,
    0x30, 0x0C, 0xC0, 0x30, 0x0C, 0xC0, 0x30, 0x0C, 0xFF, 0xFF, 0xFC, 0xFF, 0xFF, 0xFC, 0x00,
    0x00, 0x00, 0xFC, 0xFC, 0x0C, 0xFC, 0xFC, 0x0C, 0xCC, 0xCC, 0xCC, 0xCC, 0xCC, 0xCC, 0xCC,
    0xCC, 0xCC, 0xCC, 0xCC, 0xCC, 0xCC, 0xCC, 0xCC, 0xCC, 0xCC, 0xCC, 0xCC, 0xCC, 0xCC, 0xCC,
    0xCC, 0xCC, 0xFF, 0xFF, 0xCC, 0xFF, 0xFF, 0xCC, 0xCC, 0xCC, 0xCC, 0xCC, 0xCC, 0xCC, 0xCC,
    0xCC, 0xCC, 0xCC, 0xCC, 0xCC, 0xCC, 0xCC, 0x0C, 0xCC, 0xCC, 0x0C, 0xCC, 0xCC, 0x0C, 0xCC,
    0xCC, 0x0C, 0x3F, 0x3C, 0xFC, 0x3F, 0x3C, 0xFC, 0x00, 0x00, 0x00, 0x00, 0x0C, 0x00, 0x00,
    0x0C, 0x00, 0xFF, 0x0C, 0x00, 0xFF, 0x0C, 0x00, 0x0C, 0xFF, 0xFC, 0x0C, 0xFF, 0xFC, 0x0C,
    0x0C, 0x0C, 0x0C, 0x0C, 0x0C, 0x0C, 0x0C, 0x0C, 0x0C, 0x0C, 0x0C, 0x0C, 0x0C, 0x0C, 0x0C,
    0x0C, 0x0C, 0x0C, 0x0C, 0x0C, 0x0C, 0x0C, 0x0C, 0x0F, 0x0C, 0x0C, 0x0F, 0x0C, 0x0C, 0xF0,
    0x30, 0x0C, 0xF0, 0x30, 0x0C, 0x00, 0x30, 0x0C, 0x00, 0x30, 0x0C, 0x00, 0xC0, 0xF0, 0x00,
    0xC0, 0xF0, 0x00, 0x00, 0x00, 0x0C, 0x00, 0x00, 0x0C, 0x00, 0x00, 0x0C, 0x03, 0xFC, 0x0C,
    0x03, 0xFC, 0xFF, 0xF3, 0x0C, 0xFF, 0xF3, 0x0C, 0x0C, 0x33, 0x0C, 0x0C, 0x33, 0x0C, 0x0C,
    0x33, 0x0C, 0x0C, 0x33, 0x0C, 0x0C, 0x33, 0x0C, 0x0C, 0x33, 0x0C, 0x0C, 0x33, 0x0C, 0x0C,
    0x33, 0x0C, 0x0C, 0x33, 0x0C, 0x0C, 0x33, 0x0C, 0x30, 0x33, 0x0C, 0x30, 0x33, 0x0C, 0x30,
    0x33, 0x0C, 0x30, 0x33, 0x0C, 0xC3, 0xC3, 0xFC, 0xC3, 0xC3, 0xFC, 0x00, 0x00, 0x00, 0x00,
    0x03, 0x00, 0x00, 0x03, 0x00, 0x3F, 0xC3, 0x00, 0x3F, 0xC3, 0x00, 0x00, 0x3F, 0xFC, 0x00,
    0x3F, 0xFC, 0x00, 0x03, 0x0C, 0x00, 0x03, 0x0C, 0xFF, 0xC3, 0x0C, 0xFF, 0xC3, 0x0C, 0x0C,
    0x03, 0x0C, 0x0C, 0x03, 0x0C, 0x30, 0x03, 0x0C, 0x30, 0x03, 0x0C, 0x30, 0xC3, 0x0C, 0x30,
    0xC3, 0x0C, 0xC3, 0xCC, 0x0C, 0xC3, 0xCC, 0x0C, 0xFC, 0xCC, 0x0C, 0xFC, 0xCC, 0x0C, 0x00,
    0x30, 0xF0, 0x00, 0x30, 0xF0, 0x00, 0x00, 0x00, 0x0C, 0x00, 0x00, 0x0C, 0x00, 0x00, 0x0F,
    0xFF, 0xF0, 0x0F, 0xFF, 0xF0, 0x30, 0x00, 0x30, 0x30, 0x00, 0x30, 0xCF, 0xFC, 0x30, 0xCF,
    0xFC, 0x30, 0x0C, 0x0C, 0x30, 0x0C, 0x0C, 0x30, 0x0C, 0x0C, 0x30, 0x0C, 0x0C, 0x30, 0x0F,
    0xFC, 0x30, 0x0F, 0xFC, 0x30, 0x0C, 0x03, 0xF0, 0x0C, 0x03, 0xF0, 0x0C, 0x00, 0x00, 0x0C,
    0x00, 0x00, 0x0C, 0x00, 0x0C, 0x0C, 0x00, 0x0C, 0x03, 0xFF, 0xFC, 0x03, 0xFF, 0xFC, 0x00,
    0x00, 0x00, 0xFF, 0xFF, 0xFC, 0xFF, 0xFF, 0xFC, 0xC0, 0xC3, 0x00, 0xC0, 0xC3, 0x00, 0xC0,
    0xC3, 0x00, 0xC0, 0xC3, 0x00, 0xC0, 0xC3, 0x00, 0xC0, 0xC3, 0x00, 0xC0, 0xC3, 0x00, 0xC0,
    0xC3, 0x00, 0xC3, 0x03, 0x0C, 0xC3, 0x03, 0x0C, 0xC3, 0x03, 0x0C, 0xC3, 0x03, 0x0C, 0xCC,
    0x03, 0xFC, 0xCC, 0x03, 0xFC, 0xC0, 0x00, 0x00, 0xC0, 0x00, 0x00, 0xC0, 0x00, 0x00, 0xC0,
    0x00, 0x00, 0xFF, 0xFF, 0xFC, 0xFF, 0xFF, 0xFC, 0x00, 0x00, 0x00, 0x30, 0x30, 0x00, 0x30,
    0x30, 0x00, 0x30, 0x30, 0x00, 0x30, 0x30, 0x00, 0x33, 0xFF, 0xC0, 0x33, 0xFF, 0xC0, 0xFC,
    0x30, 0xC0, 0xFC, 0x30, 0xC0, 0x30, 0x30, 0xC0, 0x30, 0x30, 0xC0, 0x30, 0xF0, 0xF0, 0x30,
    0xF0, 0xF0, 0x33, 0x30, 0xCC, 0x33, 0x30, 0xCC, 0x30, 0x30, 0xCC, 0x30, 0x30, 0xCC, 0x30,
    0xC0, 0xC0, 0x30, 0xC0, 0xC0, 0x30, 0xC0, 0xC0, 0x30, 0xC0, 0xC0, 0x33, 0x0F, 0x00, 0x33,
    0x0F, 0x00, 0x00, 0x00, 0x00, 0x0C, 0x00, 0xC0, 0x0C, 0x00, 0xC0, 0x03, 0x03, 0x00, 0x03,
    0x03, 0x00, 0x3F, 0xFF, 0xF0, 0x3F, 0xFF, 0xF0, 0x30, 0x30, 0x30, 0x30, 0x30, 0x30, 0x3F,
    0xFF, 0xF0, 0x3F, 0xFF, 0xF0, 0x30, 0x30, 0x30, 0x30, 0x30, 0x30, 0x3F, 0xFF, 0xF0, 0x3F,
    0xFF, 0xF0, 0x00, 0x30, 0x00, 0x00, 0x30, 0x00, 0xFF, 0xFF, 0xFC, 0xFF, 0xFF, 0xFC, 0x00,
    0x30, 0x00, 0x00, 0x30, 0x00, 0x00, 0x30, 0x00, 0x00, 0x30, 0x00, 0x00, 0x00, 0x00, 0xFF,
    0xCF, 0xFC, 0xFF, 0xCF, 0xFC, 0xC0, 0xCC, 0x0C, 0xC0, 0xCC, 0x0C, 0xC0, 0xCC, 0x0C, 0xC0,
    0xCC, 0x0C, 0xFF, 0xCC, 0x0C, 0xFF, 0xCC, 0x0C, 0xC0, 0xCC, 0x0C, 0xC0, 0xCC, 0x0C, 0xC0,
    0xCC, 0x0C, 0xC0, 0xCC, 0x0C, 0xFF, 0xCC, 0x0C, 0xFF, 0xCC, 0x0C, 0xC3, 0x0C, 0x0C, 0xC3,
    0x0C, 0x0C, 0xC3, 0x0C, 0x0C, 0xC3, 0x0C, 0x0C, 0xCC, 0xCC, 0xFC, 0xCC, 0xCC, 0xFC, 0xF0,
    0xCC, 0x00, 0xF0, 0xCC, 0x00, 0x00, 0x00, 0x00, 0x30, 0xC3, 0x00, 0x30, 0xC3, 0x00, 0x30,
    0xC0, 0xC0, 0x30, 0xC0, 0xC0, 0xC0, 0xC0, 0x00, 0xC0, 0xC0, 0x00, 0xFF, 0xFF, 0xFC, 0xFF,
    0xFF, 0xFC, 0x03, 0x00, 0x00, 0x03, 0x00, 0x00, 0x03, 0xFF, 0xC0, 0x03, 0xFF, 0xC0, 0x0C,
    0xC0, 0xC0, 0x0C, 0xC0, 0xC0, 0x0C, 0x33, 0x00, 0x0C, 0x33, 0x00, 0x30, 0x0C, 0x00, 0x30,
    0x0C, 0x00, 0x30, 0xF3, 0xC0, 0x30, 0xF3, 0xC0, 0xCF, 0x00, 0x3C, 0xCF, 0x00, 0x3C, 0x00,
    0x00, 0x00, 0xFF, 0xF0, 0x00, 0xFF, 0xF0, 0x00, 0x30, 0xCF, 0xFC, 0x30, 0xCF, 0xFC, 0x3F,
    0xCC, 0x0C, 0x3F, 0xCC, 0x0C, 0x30, 0xCC, 0x0C, 0x30, 0xCC, 0x0C, 0x30, 0xCC, 0x0C, 0x30,
    0xCC, 0x0C, 0x3F, 0xCC, 0x0C, 0x3F, 0xCC, 0x0C, 0x30, 0xC3, 0x30, 0x30, 0xC3, 0x30, 0x30,
    0xC3, 0x30, 0x30, 0xC3, 0x30, 0x33, 0xC0, 0xC0, 0x33, 0xC0, 0xC0, 0xFC, 0xC3, 0x30, 0xFC,
    0xC3, 0x30, 0x00, 0xCC, 0x0C, 0x00, 0xCC, 0x0C, 0x00, 0x00, 0x00, 0x3F, 0xFF, 0xF0, 0x3F,
    0xFF, 0xF0, 0x30, 0x00, 0x30, 0x30, 0x00, 0x30, 0x30, 0x00, 0x30, 0x30, 0x00, 0x30, 0x30,
    0x00, 0x30, 0x30, 0x00, 0x30, 0x30, 0x00, 0x30, 0x30, 0x00, 0x30, 0x3F, 0xFF, 0xF0, 0x3F,
    0xFF, 0xF0, 0x00, 0x00, 0x00, 0x00, 0x00, 0x00, 0x00, 0x00, 0x00, 0x00, 0x00, 0x00, 0x0C,
    0x00, 0xC0, 0x0C, 0x00, 0xC0, 0x30, 0x00, 0x30, 0x30, 0x00, 0x30, 0xC0, 0x00, 0x0C, 0xC0,
    0x00, 0x0C, 0x00, 0x00, 0x00, 0xFF, 0xFF, 0xFC, 0xFF, 0xFF, 0xFC, 0x00, 0x00, 0x30, 0x00,
    0x00, 0x30, 0x00, 0x00, 0x30, 0x00, 0x00, 0x30, 0x0F, 0xFC, 0x30, 0x0F, 0xFC, 0x30, 0x0C,
    0x0C, 0x30, 0x0C, 0x0C, 0x30, 0x0C, 0x0C, 0x30, 0x0C, 0x0C, 0x30, 0x0C, 0x0C, 0x30, 0x0C,
    0x0C, 0x30, 0x0F, 0xFC, 0x30, 0x0F, 0xFC, 0x30, 0x00, 0x00, 0x30, 0x00, 0x00, 0x30, 0x00,
    0x00, 0x30, 0x00, 0x00, 0x30, 0x00, 0x03, 0xF0, 0x00, 0x03, 0xF0, 0x00, 0x00, 0x00, 0xFF,
    0xFF, 0xFC, 0xFF, 0xFF, 0xFC, 0x00, 0x0C, 0x00, 0x00, 0x0C, 0x00, 0x00, 0xF0, 0x00, 0x00,
    0xF0, 0x00, 0x0F, 0x33, 0xC0, 0x0F, 0x33, 0xC0, 0xF0, 0x30, 0x3C, 0xF0, 0x30, 0x3C, 0x00,
    0x30, 0x00, 0x00, 0x30, 0x00, 0x00, 0x00, 0x00, 0x00, 0x00, 0x00, 0x3F, 0xFF, 0xF0, 0x3F,
    0xFF, 0xF0, 0x30, 0x00, 0x30, 0x30, 0x00, 0x30, 0x30, 0x00, 0x30, 0x30, 0x00, 0x30, 0x3F,
    0xFF, 0xF0, 0x3F, 0xFF, 0xF0, 0x00, 0x00, 0x00, 0x00, 0xFC, 0x00, 0x00, 0xFC, 0x00, 0x0F,
    0x03, 0xC0, 0x0F, 0x03, 0xC0, 0xF0, 0xFC, 0x3C, 0xF0, 0xFC, 0x3C, 0x00, 0x00, 0x00, 0x00,
    0x00, 0x00, 0x3F, 0xFF, 0xF0, 0x3F, 0xFF, 0xF0, 0x00, 0x00, 0xC0, 0x00, 0x00, 0xC0, 0x00,
    0x03, 0x00, 0x00, 0x03, 0x00, 0x3F, 0xFF, 0xF0, 0x3F, 0xFF, 0xF0, 0x30, 0x00, 0x30, 0x30,
    0x00, 0x30, 0x30, 0x00, 0x30, 0x30, 0x00, 0x30, 0x3F, 0xFF, 0xF0, 0x3F, 0xFF, 0xF0, 0x00,
    0x00, 0x00, 0x00, 0x03, 0xF0, 0x00, 0x03, 0xF0, 0x0F, 0xFC, 0x00, 0x0F, 0xFC, 0x00, 0x0C,
    0x00, 0x00, 0x0C, 0x00, 0x00, 0x0F, 0xFF, 0xFC, 0x0F, 0xFF, 0xFC, 0x0C, 0x00, 0x0C, 0x0C,
    0x00, 0x0C, 0x0F, 0xFF, 0xFC, 0x0F, 0xFF, 0xFC, 0x0C, 0x00, 0x00, 0x0C, 0x00, 0x00, 0x0F,
    0xFF, 0xFC, 0x0F, 0xFF, 0xFC, 0x33, 0x00, 0x0C, 0x33, 0x00, 0x0C, 0x33, 0x00, 0x0C, 0x33,
    0x00, 0x0C, 0xC3, 0xFF, 0xFC, 0xC3, 0xFF, 0xFC, 0x00, 0x00, 0x00, 0x30, 0x30, 0x00, 0x30,
    0x30, 0x00, 0x3F, 0xFF, 0xF0, 0x3F, 0xFF, 0xF0, 0xC0, 0x30, 0x00, 0xC0, 0x30, 0x00, 0x00,
    0x30, 0x00, 0x00, 0x30, 0x00, 0xFF, 0xFF, 0xFC, 0xFF, 0xFF, 0xFC, 0x00, 0x00, 0x00, 0x00,
    0x00, 0x00, 0x3F, 0xFF, 0xF0, 0x3F, 0xFF, 0xF0, 0x30, 0x00, 0x30, 0x30, 0x00, 0x30, 0x30,
    0x00, 0x30, 0x30, 0x00, 0x30, 0x30, 0x00, 0x30, 0x30, 0x00, 0x30, 0x3F, 0xFF, 0xF0, 0x3F,
    0xFF, 0xF0, 0x00, 0x00, 0x00, 0xFF, 0xFF, 0xFC, 0xFF, 0xFF, 0xFC, 0xC0, 0x00, 0x0C, 0xC0,
    0x00, 0x0C, 0xC0, 0x00, 0x0C, 0xC0, 0x00, 0x0C, 0xC3, 0xFF, 0x0C, 0xC3, 0xFF, 0x0C, 0xC3,
    0x03, 0x0C, 0xC3, 0x03, 0x0C, 0xC3, 0x03, 0x0C, 0xC3, 0x03, 0x0C, 0xC3, 0x03, 0x0C, 0xC3,
    0x03, 0x0C, 0xC3, 0xFF, 0x0C, 0xC3, 0xFF, 0x0C, 0xC0, 0x00, 0x0C, 0xC0, 0x00, 0x0C, 0xC0,
    0x00, 0x0C, 0xC0, 0x00, 0x0C, 0xFF, 0xFF, 0xFC, 0xFF, 0xFF, 0xFC, 0x00, 0x00, 0x00, 0xFF,
    0xFF, 0xFC, 0xFF, 0xFF, 0xFC, 0xC0, 0x30, 0x0C, 0xC0, 0x30, 0x0C, 0xCF, 0xFF, 0xCC, 0xCF,
    0xFF, 0xCC, 0xC0, 0x30, 0x0C, 0xC0, 0x30, 0x0C, 0xC3, 0xFF, 0x0C, 0xC3, 0xFF, 0x0C, 0xC0,
    0x30, 0x0C, 0xC0, 0x30, 0x0C, 0xCF, 0xFF, 0xCC, 0xCF, 0xFF, 0xCC, 0xC0, 0x30, 0xCC, 0xC0,
    0x30, 0xCC, 0xC0, 0x33, 0xCC, 0xC0, 0x33, 0xCC, 0xC0, 0x30, 0x0C, 0xC0, 0x30, 0x0C, 0xFF,
    0xFF, 0xFC, 0xFF, 0xFF, 0xFC, 0x00, 0x00, 0x00, 0xFF, 0xFF, 0xFC, 0xFF, 0xFF, 0xFC, 0xC0,
    0x30, 0x0C, 0xC0, 0x30, 0x0C, 0xC0, 0x30, 0x0C, 0xC0, 0x30, 0x0C, 0xCF, 0xFF, 0xCC, 0xCF,
    0xFF, 0xCC, 0xC0, 0x30, 0x0C, 0xC0, 0x30, 0x0C, 0xC3, 0xFF, 0x0C, 0xC3, 0xFF, 0x0C, 0xC3,
    0x03, 0x0C, 0xC3, 0x03, 0x0C, 0xC3, 0x03, 0x0C, 0xC3, 0x03, 0x0C, 0xC3, 0xFF, 0x0C, 0xC3,
    0xFF, 0x0C, 0xC0, 0x00, 0x0C, 0xC0, 0x00, 0x0C, 0xFF, 0xFF, 0xFC, 0xFF, 0xFF, 0xFC, 0x00,
    0x00, 0x00, 0xFF, 0xFF, 0xFC, 0xFF, 0xFF, 0xFC, 0xC0, 0xC0, 0x0C, 0xC0, 0xC0, 0x0C, 0xC0,
    0xFF, 0x0C, 0xC0, 0xFF, 0x0C, 0xCF, 0x03, 0x0C, 0xCF, 0x03, 0x0C, 0xC0, 0xFC, 0x0C, 0xC0,
    0xFC, 0x0C, 0xFF, 0x03, 0xFC, 0xFF, 0x03, 0xFC, 0xC0, 0xF0, 0x0C, 0xC0, 0xF0, 0x0C, 0xC0,
    0x0F, 0x0C, 0xC0, 0x0F, 0x0C, 0xC3, 0xC0, 0x0C, 0xC3, 0xC0, 0x0C, 0xC0, 0x3C, 0x0C, 0xC0,
    0x3C, 0x0C, 0xFF, 0xFF, 0xFC, 0xFF, 0xFF, 0xFC, 0x00, 0x00, 0x00, 0x00, 0xC0, 0x00, 0x00,
    0xC0, 0x00, 0x00, 0xC0, 0x00, 0x00, 0xC0, 0x00, 0xFF, 0xFF, 0xFC, 0xFF, 0xFF, 0xFC, 0x03,
    0x00, 0x00, 0x03, 0x00, 0x00, 0x03, 0x03, 0x00, 0x03, 0x03, 0x00, 0x0C, 0x03, 0x00, 0x0C,
    0x03, 0x00, 0x3C, 0xFF, 0xFC, 0x3C, 0xFF, 0xFC, 0xCC, 0x03, 0x00, 0xCC, 0x03, 0x00, 0x0C,
    0x03, 0x00, 0x0C, 0x03, 0x00, 0x0C, 0x03, 0x00, 0x0C, 0x03, 0x00, 0x0C, 0xFF, 0xFC, 0x0C,
    0xFF, 0xFC, 0x00, 0x00, 0x00, 0xFF, 0xFC, 0x0C, 0xFF, 0xFC, 0x0C, 0x0C, 0x30, 0xCC, 0x0C,
    0x30, 0xCC, 0x0C, 0x30, 0xCC, 0x0C, 0x30, 0xCC, 0xFF, 0xFC, 0xCC, 0xFF, 0xFC, 0xCC, 0x0C,
    0x30, 0xCC, 0x0C, 0x30, 0xCC, 0x30, 0x30, 0x0C, 0x30, 0x30, 0x0C, 0xC0, 0x00, 0x3C, 0xC0,
    0x00, 0x3C, 0x00, 0x30, 0x00, 0x00, 0x30, 0x00, 0x3F, 0xFF, 0xF0, 0x3F, 0xFF, 0xF0, 0x00,
    0x30, 0x00, 0x00, 0x30, 0x00, 0xFF, 0xFF, 0xFC, 0xFF, 0xFF, 0xFC, 0x00, 0x00, 0x00, 0x30,
    0x30, 0x30, 0x30, 0x30, 0x30, 0x33, 0xFF, 0xFC, 0x33, 0xFF, 0xFC, 0x33, 0x03, 0x0C, 0x33,
    0x03, 0x0C, 0xFF, 0x33, 0x3C, 0xFF, 0x33, 0x3C, 0x33, 0xFF, 0xFC, 0x33, 0xFF, 0xFC, 0x30,
    0x00, 0x00, 0x30, 0x00, 0x00, 0x30, 0xFF, 0xF0, 0x30, 0xFF, 0xF0, 0x3C, 0xC0, 0x30, 0x3C,
    0xC0, 0x30, 0xF0, 0xFF, 0xF0, 0xF0, 0xFF, 0xF0, 0x00, 0xC0, 0x30, 0x00, 0xC0, 0x30, 0x00,
    0xFF, 0xF0, 0x00, 0xFF, 0xF0, 0x00, 0x00, 0x00, 0x00, 0x30, 0x00, 0x00, 0x30, 0x00, 0xFF,
    0xFF, 0xFC, 0xFF, 0xFF, 0xFC, 0x00, 0x30, 0x00, 0x00, 0x30, 0x00, 0x3F, 0xFF, 0xF0, 0x3F,
    0xFF, 0xF0, 0x00, 0x00, 0x00, 0x00, 0x00, 0x00, 0x3F, 0xFF, 0xF0, 0x3F, 0xFF, 0xF0, 0x30,
    0x30, 0x30, 0x30, 0x30, 0x30, 0x3F, 0xFF, 0xF0, 0x3F, 0xFF, 0xF0, 0x30, 0x00, 0x00, 0x30,
    0x00, 0x00, 0x30, 0x00, 0x00, 0x30, 0x00, 0x00, 0xC0, 0x00, 0x00, 0xC0, 0x00, 0x00, 0x00,
    0x00, 0x00, 0x03, 0x00, 0x00, 0x03, 0x00, 0x00, 0x0F, 0xFF, 0xC0, 0x0F, 0xFF, 0xC0, 0xF3,
    0x03, 0x00, 0xF3, 0x03, 0x00, 0x00, 0xFC, 0x00, 0x00, 0xFC, 0x00, 0x0F, 0x03, 0xC0, 0x0F,
    0x03, 0xC0, 0xF0, 0x00, 0x3C, 0xF0, 0x00, 0x3C, 0x3F, 0xFF, 0xF0, 0x3F, 0xFF, 0xF0, 0x30,
    0x30, 0x30, 0x30, 0x30, 0x30, 0x3F, 0xFF, 0xF0, 0x3F, 0xFF, 0xF0, 0x30, 0x30, 0x30, 0x30,
    0x30, 0x30, 0x3F, 0xFF, 0xF0, 0x3F, 0xFF, 0xF0, 0x00, 0x00, 0x00, 0x30, 0x00, 0x00, 0x30,
    0x00, 0x00, 0x3F, 0xFF, 0xFC, 0x3F, 0xFF, 0xFC, 0xCC, 0x00, 0x30, 0xCC, 0x00, 0x30, 0x0F,
    0xFF, 0xF0, 0x0F, 0xFF, 0xF0, 0x0C, 0x00, 0x30, 0x0C, 0x00, 0x30, 0x0F, 0xFF, 0xF0, 0x0F,
    0xFF, 0xF0, 0x00, 0xC0, 0x00, 0x00, 0xC0, 0x00, 0x03, 0xFF, 0xF0, 0x03, 0xFF, 0xF0, 0x3F,
    0x00, 0xC0, 0x3F, 0x00, 0xC0, 0x00, 0xFF, 0x00, 0x00, 0xFF, 0x00, 0xFF, 0x00, 0xFC, 0xFF,
    0x00, 0xFC, 0x00, 0x00, 0x00, 0x00, 0x30, 0x00, 0x00, 0x30, 0x00, 0x00, 0xFF, 0xC0, 0x00,
    0xFF, 0xC0, 0x3F, 0x00, 0xC0, 0x3F, 0x00, 0xC0, 0x00, 0xC3, 0x00, 0x00, 0xC3, 0x00, 0x00,
    0x3C, 0xC0, 0x00, 0x3C, 0xC0, 0x03, 0xC3, 0xFC, 0x03, 0xC3, 0xFC, 0xFC, 0x0C, 0x0C, 0xFC,
    0x0C, 0x0C, 0x03, 0xF0, 0x0C, 0x03, 0xF0, 0x0C, 0x00, 0x0C, 0x30, 0x00, 0x0C, 0x30, 0x00,
    0x03, 0xC0, 0x00, 0x03, 0xC0, 0x0F, 0xFC, 0x00, 0x0F, 0xFC, 0x00, 0x00, 0x00, 0x00, 0x0C,
    0x30, 0x00, 0x0C, 0x30, 0x00, 0x0C, 0x30, 0x00, 0x0C, 0x30, 0x00, 0x0F, 0xFF, 0xF0, 0x0F,
    0xFF, 0xF0, 0x30, 0x30, 0x00, 0x30, 0x30, 0x00, 0xC0, 0x30, 0x00, 0xC0, 0x30, 0x00, 0x00,
    0x30, 0x00, 0x00, 0x30, 0x00, 0xFF, 0xFF, 0xFC, 0xFF, 0xFF, 0xFC, 0x00, 0xCC, 0x00, 0x00,
    0xCC, 0x00, 0x03, 0x03, 0x00, 0x03, 0x03, 0x00, 0x0C, 0x00, 0xC0, 0x0C, 0x00, 0xC0, 0xF0,
    0x00, 0x3C, 0xF0, 0x00, 0x3C, 0x00, 0x00, 0x00, 0x00, 0xC0, 0x00, 0x00, 0xC0, 0x00, 0xFF,
    0xFF, 0xFC, 0xFF, 0xFF, 0xFC, 0x03, 0x00, 0x00, 0x03, 0x00, 0x00, 0x0C, 0x3F, 0xF0, 0x0C,
    0x3F, 0xF0, 0x0C, 0x00, 0xC0, 0x0C, 0x00, 0xC0, 0x3C, 0x03, 0x00, 0x3C, 0x03, 0x00, 0xCC,
    0x03, 0x00, 0xCC, 0x03, 0x00, 0x0C, 0xFF, 0xFC, 0x0C, 0xFF, 0xFC, 0x0C, 0x03, 0x00, 0x0C,
    0x03, 0x00, 0x0C, 0x03, 0x00, 0x0C, 0x03, 0x00, 0x0C, 0x0F, 0x00, 0x0C, 0x0F, 0x00, 0x00,
    0x00, 0x00, 0x00, 0x30, 0x00, 0x00, 0x30, 0x00, 0xFF, 0xFF, 0xFC, 0xFF, 0xFF, 0xFC, 0xC0,
    0x00, 0x0C, 0xC0, 0x00, 0x0C, 0xCF, 0xFF, 0xCC, 0xCF, 0xFF, 0xCC, 0x00, 0x00, 0x00, 0x00,
    0x00, 0x00, 0x00, 0x00, 0x00, 0x00, 0x00, 0x00, 0xFF, 0xFF, 0xFC, 0xFF, 0xFF, 0xFC, 0x03,
    0x03, 0x00, 0x03, 0x03, 0x00, 0x03, 0x03, 0x00, 0x03, 0x03, 0x00, 0x0C, 0x03, 0x0C, 0x0C,
    0x03, 0x0C, 0xF0, 0x03, 0xFC, 0xF0, 0x03, 0xFC, 0x00, 0x00, 0x00, 0x00, 0x30, 0x00, 0x00,
    0x30, 0x00, 0xFF, 0xFF, 0xFC, 0xFF, 0xFF, 0xFC, 0xC0, 0x00, 0x0C, 0xC0, 0x00, 0x0C, 0x00,
    0x00, 0x00, 0x00, 0x00, 0x00, 0x3F, 0xFF, 0xF0, 0x3F, 0xFF, 0xF0, 0x00, 0x30, 0x00, 0x00,
    0x30, 0x00, 0x0C, 0x30, 0x00, 0x0C, 0x30, 0x00, 0x0C, 0x3F, 0xF0, 0x0C, 0x3F, 0xF0, 0x0C,
    0x30, 0x00, 0x0C, 0x30, 0x00, 0x33, 0xF0, 0x00, 0x33, 0xF0, 0x00, 0xC0, 0x0F, 0xFC, 0xC0,
    0x0F, 0xFC, 0x00, 0x00, 0x00, 0x00, 0x30, 0x00, 0x00, 0x30, 0x00, 0xFF, 0xFF, 0xFC, 0xFF,
    0xFF, 0xFC, 0xC3, 0x03, 0x0C, 0xC3, 0x03, 0x0C, 0x3C, 0x30, 0xF0, 0x3C, 0x30, 0xF0, 0x00,
    0xCC, 0x00, 0x00, 0xCC, 0x00, 0x0F, 0x03, 0xC0, 0x0F, 0x03, 0xC0, 0xF0, 0x00, 0x3C, 0xF0,
    0x00, 0x3C, 0x0F, 0xFF, 0xC0, 0x0F, 0xFF, 0xC0, 0x0C, 0x00, 0xC0, 0x0C, 0x00, 0xC0, 0x0C,
    0x00, 0xC0, 0x0C, 0x00, 0xC0, 0x0F, 0xFF, 0xC0, 0x0F, 0xFF, 0xC0, 0x00, 0x00, 0x00, 0x00,
    0x30, 0x00, 0x00, 0x30, 0x00, 0xFF, 0xFF, 0xFC, 0xFF, 0xFF, 0xFC, 0xC0, 0xC3, 0x0C, 0xC0,
    0xC3, 0x0C, 0x33, 0x0C, 0x30, 0x33, 0x0C, 0x30, 0xC3, 0xF0, 0x0C, 0xC3, 0xF0, 0x0C, 0x0F,
    0x00, 0xC0, 0x0F, 0x00, 0xC0, 0xF3, 0xFF, 0xC0, 0xF3, 0xFF, 0xC0, 0x00, 0x00, 0x00, 0x00,
    0x00, 0x00, 0x30, 0x30, 0x30, 0x30, 0x30, 0x30, 0x30, 0x30, 0x30, 0x30, 0x30, 0x30, 0x3F,
    0xFF, 0xF0, 0x3F, 0xFF, 0xF0, 0x00, 0x00, 0x00, 0x00, 0x00, 0x30, 0x00, 0x00, 0x30, 0xFF,
    0x00, 0x30, 0xFF, 0x00, 0x30, 0x03, 0x3F, 0xFC, 0x03, 0x3F, 0xFC, 0xC3, 0x00, 0x30, 0xC3,
    0x00, 0x30, 0x33, 0x00, 0x30, 0x33, 0x00, 0x30, 0x33, 0x30, 0x30, 0x33, 0x30, 0x30, 0x0C,
    0x0C, 0x30, 0x0C, 0x0C, 0x30, 0x0C, 0x0C, 0x30, 0x0C, 0x0C, 0x30, 0x33, 0x00, 0x30, 0x33,
    0x00, 0x30, 0x33, 0x00, 0x30, 0x33, 0x00, 0x30, 0xC0, 0x03, 0xF0, 0xC0, 0x03, 0xF0, 0x00,
    0x00, 0x00, 0x3F, 0xFF, 0xF0, 0x3F, 0xFF, 0xF0, 0x30, 0x00, 0x30, 0x30, 0x00, 0x30, 0x3F,
    0xFF, 0xF0, 0x3F, 0xFF, 0xF0, 0x30, 0x00, 0x00, 0x30, 0x00, 0x00, 0x30, 0x00, 0x0C, 0x30,
    0x00, 0x0C, 0x0F, 0xFF, 0xFC, 0x0F, 0xFF, 0xFC, 0x00, 0x00, 0xC0, 0x00, 0x00, 0xC0, 0xFF,
    0xFF, 0xFC, 0xFF, 0xFF, 0xFC, 0x0C, 0x00, 0xC0, 0x0C, 0x00, 0xC0, 0x03, 0x00, 0xC0, 0x03,
    0x00, 0xC0, 0x00, 0x0F, 0xC0, 0x00, 0x0F, 0xC0, 0x00, 0x00, 0x00, 0x0C, 0x03, 0xFC, 0x0C,
    0x03, 0xFC, 0x0C, 0xFC, 0x0C, 0x0C, 0xFC, 0x0C, 0xCC, 0x0C, 0x30, 0xCC, 0x0C, 0x30, 0x3C,
    0x03, 0xC0, 0x3C, 0x03, 0xC0, 0x0C, 0xFC, 0x00, 0x0C, 0xFC, 0x00, 0x0C, 0x00, 0x30, 0x0C,
    0x00, 0x30, 0x3C, 0xFF, 0xFC, 0x3C, 0xFF, 0xFC, 0xCC, 0x00, 0x30, 0xCC, 0x00, 0x30, 0x0C,
    0x30, 0x30, 0x0C, 0x30, 0x30, 0x0C, 0x0C, 0x30, 0x0C, 0x0C, 0x30, 0x0C, 0x00, 0xF0, 0x0C,
    0x00, 0xF0, 0x00, 0x00, 0x00, 0x00, 0x30, 0x00, 0x00, 0x30, 0x00, 0x00, 0x30, 0x00, 0x00,
    0x30, 0x00, 0x0C, 0x30, 0xC0, 0x0C, 0x30, 0xC0, 0x0C, 0x30, 0x30, 0x0C, 0x30, 0x30, 0x30,
    0x30, 0x0C, 0x30, 0x30, 0x0C, 0xC0, 0x30, 0x0C, 0xC0, 0x30, 0x0C, 0x03, 0xF0, 0xC0, 0x03,
    0xF0, 0xC0, 0x00, 0x03, 0x00, 0x00, 0x03, 0x00, 0x00, 0x3C, 0x00, 0x00, 0x3C, 0x00, 0x03,
    0xC0, 0x00, 0x03, 0xC0, 0x00, 0xFC, 0x00, 0x00, 0xFC, 0x00, 0x00, 0x00, 0x00, 0x00, 0x3F,
    0xFF, 0xF0, 0x3F, 0xFF, 0xF0, 0x00, 0x00, 0x30, 0x00, 0x00, 0x30, 0x00, 0x00, 0x30, 0x00,
    0x00, 0x30, 0x30, 0x00, 0x30, 0x30, 0x00, 0x30, 0x30, 0x00, 0x30, 0x30, 0x00, 0x30, 0x3F,
    0xFF, 0xF0, 0x3F, 0xFF, 0xF0, 0x30, 0x00, 0x00, 0x30, 0x00, 0x00, 0x30, 0x00, 0x00, 0x30,
    0x00, 0x00, 0x30, 0x00, 0x0C, 0x30, 0x00, 0x0C, 0x30, 0x00, 0x0C, 0x30, 0x00, 0x0C, 0x0F,
    0xFF, 0xFC, 0x0F, 0xFF, 0xFC, 0x00, 0x00, 0x00, 0x00, 0x0F, 0xFC, 0x00, 0x0F, 0xFC, 0xFF,
    0xF0, 0x00, 0xFF, 0xF0, 0x00, 0x00, 0x30, 0x00, 0x00, 0x30, 0x00, 0x00, 0x30, 0x00, 0x00,
    0x30, 0x00, 0x3F, 0xFF, 0xF0, 0x3F, 0xFF, 0xF0, 0x30, 0x30, 0x30, 0x30, 0x30, 0x30, 0x30,
    0x30, 0x30, 0x30, 0x30, 0x30, 0x30, 0x30, 0x30, 0x30, 0x30, 0x30, 0x30, 0x30, 0xF0, 0x30,
    0x30, 0xF0, 0x00, 0x30, 0x00, 0x00, 0x30, 0x00, 0x00, 0x30, 0x00, 0x00, 0x30, 0x00, 0x00,
    0x00, 0x00, 0x00, 0x0C, 0x00, 0x00, 0x0C, 0x00, 0x3F, 0xFF, 0xFC, 0x3F, 0xFF, 0xFC, 0x30,
    0xC0, 0xC0, 0x30, 0xC0, 0xC0, 0x3F, 0xFF, 0xFC, 0x3F, 0xFF, 0xFC, 0x30, 0xC0, 0xC0, 0x30,
    0xC0, 0xC0, 0x30, 0xFF, 0xC0, 0x30, 0xFF, 0xC0, 0x30, 0x00, 0x00, 0x30, 0x00, 0x00, 0x33,
    0xFF, 0xF0, 0x33, 0xFF, 0xF0, 0x30, 0xC0, 0xC0, 0x30, 0xC0, 0xC0, 0x30, 0x3F, 0x00, 0x30,
    0x3F, 0x00, 0xCF, 0xC0, 0xFC, 0xCF, 0xC0, 0xFC, 0x00, 0x00, 0x00, 0xFF, 0xFF, 0xFC, 0xFF,
    0xFF, 0xFC, 0x0C, 0x00, 0xC0, 0x0C, 0x00, 0xC0, 0x0C, 0x00, 0xC0, 0x0C, 0x00, 0xC0, 0x0C,
    0x00, 0xC0, 0x0C, 0x00, 0xC0, 0x0C, 0x00, 0xC0, 0x0C, 0x00, 0xC0, 0xFF, 0xFF, 0xFC, 0xFF,
    0xFF, 0xFC, 0x0C, 0x00, 0xC0, 0x0C, 0x00, 0xC0, 0x0C, 0x00, 0xC0, 0x0C, 0x00, 0xC0, 0x30,
    0x00, 0xC0, 0x30, 0x00, 0xC0, 0x30, 0x00, 0xC0, 0x30, 0x00, 0xC0, 0xC0, 0x00, 0xC0, 0xC0,
    0x00, 0xC0, 0x00, 0x00, 0x00, 0x0C, 0x30, 0x00, 0x0C, 0x30, 0x00, 0x0C, 0xFF, 0xFC, 0x0C,
    0xFF, 0xFC, 0xCC, 0x30, 0x00, 0xCC, 0x30, 0x00, 0xCF, 0x30, 0xC0, 0xCF, 0x30, 0xC0, 0xCC,
    0x30, 0xCC, 0xCC, 0x30, 0xCC, 0xCC, 0x33, 0xCC, 0xCC, 0x33, 0xCC, 0x0C, 0x3C, 0xF0, 0x0C,
    0x3C, 0xF0, 0x0C, 0x30, 0xC0, 0x0C, 0x30, 0xC0, 0x0C, 0x30, 0xC0, 0x0C, 0x30, 0xC0, 0x0C,
    0xC3, 0x30, 0x0C, 0xC3, 0x30, 0x0C, 0x3C, 0x0C, 0x0C, 0x3C, 0x0C, 0x00, 0x00, 0x00, 0x00,
    0xC0, 0x00, 0x00, 0xC0, 0x00, 0x0F, 0xFF, 0xC0, 0x0F, 0xFF, 0xC0, 0x0C, 0x00, 0xC0, 0x0C,
    0x00, 0xC0, 0x0F, 0xFF, 0xC0, 0x0F, 0xFF, 0xC0, 0x0C, 0x00, 0xC0, 0x0C, 0x00, 0xC0, 0x0F,
    0xFF, 0xC0, 0x0F, 0xFF, 0xC0, 0x0C, 0x00, 0xC0, 0x0C, 0x00, 0xC0, 0x0F, 0xFF, 0xC0, 0x0F,
    0xFF, 0xC0, 0x33, 0x30, 0x30, 0x33, 0x30, 0x30, 0x33, 0x0C, 0xCC, 0x33, 0x0C, 0xCC, 0xC0,
    0xFF, 0xCC, 0xC0, 0xFF, 0xCC, 0x00, 0x00, 0x00, 0x00, 0x30, 0x00, 0x00, 0x30, 0x00, 0x3F,
    0xFF, 0xF0, 0x3F, 0xFF, 0xF0, 0x03, 0x03, 0x00, 0x03, 0x03, 0x00, 0xFF, 0xFF, 0xFC, 0xFF,
    0xFF, 0xFC, 0x0C, 0x00, 0xC0, 0x0C, 0x00, 0xC0, 0x0F, 0xFF, 0xC0, 0x0F, 0xFF, 0xC0, 0x0C,
    0x00, 0xC0, 0x0C, 0x00, 0xC0, 0x0F, 0xFF, 0xC0, 0x0F, 0xFF, 0xC0, 0x03, 0x30, 0x30, 0x03,
    0x30, 0x30, 0x33, 0x0C, 0xCC, 0x33, 0x0C, 0xCC, 0xC0, 0xFF, 0xCC, 0xC0, 0xFF, 0xCC, 0x00,
    0x00, 0x00, 0x00, 0x0C, 0xC0, 0x00, 0x0C, 0xC0, 0x00, 0x0C, 0x30, 0x00, 0x0C, 0x30, 0x3F,
    0xFF, 0xFC, 0x3F, 0xFF, 0xFC, 0x30, 0x0C, 0x00, 0x30, 0x0C, 0x00, 0x3F, 0xCC, 0x30, 0x3F,
    0xCC, 0x30, 0x30, 0xCC, 0x30, 0x30, 0xCC, 0x30, 0x30, 0xCC, 0xC0, 0x30, 0xCC, 0xC0, 0x30,
    0xC3, 0x00, 0x30, 0xC3, 0x00, 0x33, 0xC3, 0x0C, 0x33, 0xC3, 0x0C, 0x30, 0x0C, 0xCC, 0x30,
    0x0C, 0xCC, 0xC0, 0xF0, 0x3C, 0xC0, 0xF0, 0x3C, 0x00, 0x00, 0x00, 0x0C, 0x03, 0x30, 0x0C,
    0x03, 0x30, 0x0C, 0x03, 0x0C, 0x0C, 0x03, 0x0C, 0x0F, 0xC3, 0x00, 0x0F, 0xC3, 0x00, 0x0C,
    0x03, 0xFC, 0x0C, 0x03, 0xFC, 0x0C, 0x3F, 0x00, 0x0C, 0x3F, 0x00, 0x0C, 0x03, 0x0C, 0x0C,
    0x03, 0x0C, 0xFF, 0xC3, 0x30, 0xFF, 0xC3, 0x30, 0xC0, 0xC0, 0xC0, 0xC0, 0xC0, 0xC0, 0xC0,
    0xC0, 0xCC, 0xC0, 0xC0, 0xCC, 0xC0, 0xC3, 0x3C, 0xC0, 0xC3, 0x3C, 0xFF, 0xCC, 0x0C, 0xFF,
    0xCC, 0x0C, 0x00, 0x00, 0x00, 0x00, 0x0F, 0xF0, 0x00, 0x0F, 0xF0, 0x3F, 0xF0, 0x00, 0x3F,
    0xF0, 0x00, 0x00, 0x30, 0x00, 0x00, 0x30, 0x00, 0x00, 0x30, 0x00, 0x00, 0x30, 0x00, 0x3F,
    0xFF, 0xF0, 0x3F, 0xFF, 0xF0, 0x00, 0x30, 0x00, 0x00, 0x30, 0x00, 0x00, 0x30, 0x00, 0x00,
    0x30, 0x00, 0xFF, 0xFF, 0xFC, 0xFF, 0xFF, 0xFC, 0x00, 0x30, 0x00, 0x00, 0x30, 0x00, 0x00,
    0x30, 0x00, 0x00, 0x30, 0x00, 0x03, 0xF0, 0x00, 0x03, 0xF0, 0x00, 0x00, 0x00, 0x00, 0x0C,
    0x3F, 0xFC, 0x0C, 0x3F, 0xFC, 0x0C, 0x00, 0xC0, 0x0C, 0x00, 0xC0, 0xFF, 0x00, 0xC0, 0xFF,
    0x00, 0xC0, 0x0C, 0x00, 0xC0, 0x0C, 0x00, 0xC0, 0x0C, 0x00, 0xC0, 0x0C, 0x00, 0xC0, 0x0F,
    0x00, 0xC0, 0x0F, 0x00, 0xC0, 0xFC, 0x00, 0xC0, 0xFC, 0x00, 0xC0, 0x0C, 0x00, 0xC0, 0x0C,
    0x00, 0xC0, 0x0C, 0x00, 0xC0, 0x0C, 0x00, 0xC0, 0x0C, 0x00, 0xC0, 0x0C, 0x00, 0xC0, 0xFC,
    0x0F, 0xC0, 0xFC, 0x0F, 0xC0, 0x00, 0x00, 0x00, 0x30, 0xFF, 0xFC, 0x30, 0xFF, 0xFC, 0x30,
    0xC0, 0x00, 0x30, 0xC0, 0x00, 0xFC, 0xC0, 0x00, 0xFC, 0xC0, 0x00, 0x30, 0xFF, 0xF0, 0x30,
    0xFF, 0xF0, 0x30, 0xC0, 0x30, 0x30, 0xC0, 0x30, 0x3C, 0xC0, 0x30, 0x3C, 0xC0, 0x30, 0xF0,
    0xC0, 0x30, 0xF0, 0xC0, 0x30, 0x30, 0xFF, 0xF0, 0x30, 0xFF, 0xF0, 0x30, 0xC0, 0x00, 0x30,
    0xC0, 0x00, 0x30, 0xC0, 0x00, 0x30, 0xC0, 0x00, 0xF0, 0xFF, 0xFC, 0xF0, 0xFF, 0xFC, 0x00,
    0x00, 0x00, 0x30, 0xFF, 0xFC, 0x30, 0xFF, 0xFC, 0x30, 0xC0, 0x0C, 0x30, 0xC0, 0x0C, 0xFC,
    0x30, 0x30, 0xFC, 0x30, 0x30, 0x30, 0x0F, 0xC0, 0x30, 0x0F, 0xC0, 0x30, 0xF0, 0x3C, 0x30,
    0xF0, 0x3C, 0x3C, 0x03, 0x00, 0x3C, 0x03, 0x00, 0xF0, 0x3F, 0xF0, 0xF0, 0x3F, 0xF0, 0x30,
    0x03, 0x00, 0x30, 0x03, 0x00, 0x30, 0xFF, 0xFC, 0x30, 0xFF, 0xFC, 0x30, 0x03, 0x00, 0x30,
    0x03, 0x00, 0xF0, 0x03, 0x00, 0xF0, 0x03, 0x00, 0x00, 0x00, 0x00, 0x30, 0x03, 0x00, 0x30,
    0x03, 0x00, 0x30, 0xFF, 0xFC, 0x30, 0xFF, 0xFC, 0xFC, 0xC0, 0x0C, 0xFC, 0xC0, 0x0C, 0x30,
    0x03, 0x00, 0x30, 0x03, 0x00, 0x30, 0x03, 0x00, 0x30, 0x03, 0x00, 0x3C, 0xFF, 0xFC, 0x3C,
    0xFF, 0xFC, 0xF0, 0x0C, 0x30, 0xF0, 0x0C, 0x30, 0x30, 0x30, 0x30, 0x30, 0x30, 0x30, 0x30,
    0x0C, 0xC0, 0x30, 0x0C, 0xC0, 0x30, 0x03, 0xC0, 0x30, 0x03, 0xC0, 0xF0, 0xFC, 0x3C, 0xF0,
    0xFC, 0x3C, 0x00, 0x00, 0x00, 0x30, 0x0C, 0xC0, 0x30, 0x0C, 0xC0, 0x30, 0x0C, 0xC0, 0x30,
    0x0C, 0xC0, 0xFC, 0xCC, 0xCC, 0xFC, 0xCC, 0xCC, 0x30, 0x3C, 0xF0, 0x30, 0x3C, 0xF0, 0x30,
    0x0C, 0xC0, 0x30, 0x0C, 0xC0, 0x3C, 0x0C, 0xC0, 0x3C, 0x0C, 0xC0, 0xF0, 0x3C, 0xF0, 0xF0,
    0x3C, 0xF0, 0x30, 0xCC, 0xCC, 0x30, 0xCC, 0xCC, 0x30, 0x0C, 0xC0, 0x30, 0x0C, 0xC0, 0x30,
    0x30, 0xCC, 0x30, 0x30, 0xCC, 0xF3, 0xC0, 0xFC, 0xF3, 0xC0, 0xFC, 0x00, 0x00, 0x00, 0x30,
    0xFF, 0xFC, 0x30, 0xFF, 0xFC, 0x30, 0xC0, 0x0C, 0x30, 0xC0, 0x0C, 0xFC, 0xC0, 0x0C, 0xFC,
    0xC0, 0x0C, 0x30, 0xFF, 0xFC, 0x30, 0xFF, 0xFC, 0x30, 0xC0, 0xC0, 0x30, 0xC0, 0xC0, 0x3C,
    0xFF, 0xFC, 0x3C, 0xFF, 0xFC, 0xF0, 0xC0, 0xC0, 0xF0, 0xC0, 0xC0, 0x30, 0xCF, 0xFC, 0x30,
    0xCF, 0xFC, 0x30, 0xCC, 0x0C, 0x30, 0xCC, 0x0C, 0x30, 0xCC, 0x0C, 0x30, 0xCC, 0x0C, 0xF3,
    0x0F, 0xFC, 0xF3, 0x0F, 0xFC, 0x00, 0x00, 0x00, 0x30, 0x00, 0xF0, 0x30, 0x00, 0xF0, 0x33,
    0xFF, 0x00, 0x33, 0xFF, 0x00, 0xFC, 0xCC, 0x0C, 0xFC, 0xCC, 0x0C, 0x30, 0x33, 0x30, 0x30,
    0x33, 0x30, 0x33, 0xFF, 0xFC, 0x33, 0xFF, 0xFC, 0x3F, 0x00, 0x0C, 0x3F, 0x00, 0x0C, 0xF0,
    0xFF, 0xF0, 0xF0, 0xFF, 0xF0, 0x30, 0xC0, 0x30, 0x30, 0xC0, 0x30, 0x30, 0x30, 0xC0, 0x30,
    0x30, 0xC0, 0x30, 0x0F, 0x00, 0x30, 0x0F, 0x00, 0xF3, 0xF0, 0xFC, 0xF3, 0xF0, 0xFC, 0x00,
    0x00, 0x00, 0x30, 0x0C, 0xC0, 0x30, 0x0C, 0xC0, 0x30, 0x0C, 0xC0, 0x30, 0x0C, 0xC0, 0xFC,
    0xFC, 0xFC, 0xFC, 0xFC, 0xFC, 0x30, 0x0C, 0xC0, 0x30, 0x0C, 0xC0, 0x30, 0x0C, 0xC0, 0x30,
    0x0C, 0xC0, 0x3C, 0xFC, 0xFC, 0x3C, 0xFC, 0xFC, 0xF0, 0x0C, 0xC0, 0xF0, 0x0C, 0xC0, 0x30,
    0x0C, 0xC0, 0x30, 0x0C, 0xC0, 0x30, 0xFC, 0xFC, 0x30, 0xFC, 0xFC, 0x30, 0x30, 0xC0, 0x30,
    0x30, 0xC0, 0xF0, 0xC0, 0xC0, 0xF0, 0xC0, 0xC0, 0x00, 0x00, 0x00, 0x30, 0x3F, 0xF0, 0x30,
    0x3F, 0xF0, 0x30, 0x30, 0x30, 0x30, 0x30, 0x30, 0xFC, 0x3F, 0xF0, 0xFC, 0x3F, 0xF0, 0x30,
    0xFC, 0xFC, 0x30, 0xFC, 0xFC, 0x30, 0xCC, 0xCC, 0x30, 0xCC, 0xCC, 0x3C, 0xFC, 0xFC, 0x3C,
    0xFC, 0xFC, 0xF0, 0x03, 0x00, 0xF0, 0x03, 0x00, 0x30, 0xFF, 0xFC, 0x30, 0xFF, 0xFC, 0x30,
    0x0F, 0xC0, 0x30, 0x0F, 0xC0, 0x30, 0x33, 0x30, 0x30, 0x33, 0x30, 0xF0, 0xC3, 0x0C, 0xF0,
    0xC3, 0x0C, 0x00, 0x00, 0x00, 0x30, 0x03, 0x00, 0x30, 0x03, 0x00, 0x30, 0xFF, 0xFC, 0x30,
    0xFF, 0xFC, 0xFC, 0xC0, 0x0C, 0xFC, 0xC0, 0x0C, 0x30, 0x3C, 0xF0, 0x30, 0x3C, 0xF0, 0x30,
    0xCC, 0xCC, 0x30, 0xCC, 0xCC, 0x3C, 0x30, 0x30, 0x3C, 0x30, 0x30, 0xF0, 0xCF, 0xCC, 0xF0,
    0xCF, 0xCC, 0x30, 0x00, 0x00, 0x30, 0x00, 0x00, 0x30, 0xFF, 0xFC, 0x30, 0xFF, 0xFC, 0x30,
    0x33, 0x30, 0x30, 0x33, 0x30, 0xF0, 0xCF, 0x0C, 0xF0, 0xCF, 0x0C, 0x00, 0x00, 0x00, 0x03,
    0x03, 0x00, 0x03, 0x03, 0x00, 0xFF, 0xF3, 0x00, 0xFF, 0xF3, 0x00, 0x00, 0x03, 0xFC, 0x00,
    0x03, 0xFC, 0x30, 0xCC, 0x30, 0x30, 0xCC, 0x30, 0xC0, 0x33, 0x30, 0xC0, 0x33, 0x30, 0x30,
    0xC3, 0x30, 0x30, 0xC3, 0x30, 0x30, 0xC3, 0x30, 0x30, 0xC3, 0x30, 0x0C, 0xC3, 0x30, 0x0C,
    0xC3, 0x30, 0x03, 0x00, 0xC0, 0x03, 0x00, 0xC0, 0x0C, 0xC3, 0x30, 0x0C, 0xC3, 0x30, 0xF0,
    0x3C, 0x0C, 0xF0, 0x3C, 0x0C, 0x00, 0x00, 0x00, 0xC3, 0x33, 0x00, 0xC3, 0x33, 0x00, 0x33,
    0xC3, 0x00, 0x33, 0xC3, 0x00, 0xFF, 0xF3, 0xFC, 0xFF, 0xF3, 0xFC, 0x0F, 0x0C, 0x30, 0x0F,
    0x0C, 0x30, 0x33, 0xC3, 0x30, 0x33, 0xC3, 0x30, 0xC3, 0x33, 0x30, 0xC3, 0x33, 0x30, 0x0C,
    0x03, 0x30, 0x0C, 0x03, 0x30, 0xFF, 0xF3, 0x30, 0xFF, 0xF3, 0x30, 0x0C, 0x30, 0xC0, 0x0C,
    0x30, 0xC0, 0x0F, 0xC3, 0x30, 0x0F, 0xC3, 0x30, 0xF0, 0x3C, 0x0C, 0xF0, 0x3C, 0x0C, 0x00,
    0x00, 0x00, 0x03, 0x03, 0x00, 0x03, 0x03, 0x00, 0xFF, 0xFF, 0xFC, 0xFF, 0xFF, 0xFC, 0x33,
    0x33, 0x30, 0x33, 0x33, 0x30, 0x3F, 0xF3, 0x30, 0x3F, 0xF3, 0x30, 0x0F, 0xC0, 0xC0, 0x0F,
    0xC0, 0xC0, 0x33, 0x33, 0x30, 0x33, 0x33, 0x30, 0xFF, 0xFF, 0xFC, 0xFF, 0xFF, 0xFC, 0x00,
    0x30, 0x00, 0x00, 0x30, 0x00, 0x0C, 0x3F, 0xF0, 0x0C, 0x3F, 0xF0, 0x0C, 0x30, 0x00, 0x0C,
    0x30, 0x00, 0xFF, 0xFF, 0xFC, 0xFF, 0xFF, 0xFC, 0x00, 0x00, 0x00, 0x00, 0xC0, 0x00, 0x00,
    0xC0, 0x00, 0x00, 0x30, 0x00, 0x00, 0x30, 0x00, 0xFF, 0xFF, 0xFC, 0xFF, 0xFF, 0xFC, 0x0C,
    0x00, 0xC0, 0x0C, 0x00, 0xC0, 0x0C, 0x00, 0xC0, 0x0C, 0x00, 0xC0, 0x03, 0x03, 0x00, 0x03,
    0x03, 0x00, 0x03, 0x03, 0x00, 0x03, 0x03, 0x00, 0x00, 0xCC, 0x00, 0x00, 0xCC, 0x00, 0x00,
    0x30, 0x00, 0x00, 0x30, 0x00, 0x03, 0xCF, 0x00, 0x03, 0xCF, 0x00, 0xFC, 0x00, 0xFC, 0xFC,
    0x00, 0xFC, 0x00, 0x00, 0x00, 0xC3, 0x00, 0x3C, 0xC3, 0x00, 0x3C, 0xF3, 0x3F, 0xC0, 0xF3,
    0x3F, 0xC0, 0xCF, 0xCC, 0x00, 0xCF, 0xCC, 0x00, 0xC3, 0x0C, 0x00, 0xC3, 0x0C, 0x00, 0xFF,
    0xFF, 0xFC, 0xFF, 0xFF, 0xFC, 0xC3, 0x0C, 0x30, 0xC3, 0x0C, 0x30, 0xCF, 0xCC, 0x30, 0xCF,
    0xCC, 0x30, 0xF3, 0x3C, 0x30, 0xF3, 0x3C, 0x30, 0xC3, 0x0C, 0x30, 0xC3, 0x0C, 0x30, 0xC0,
    0x0C, 0x30, 0xC0, 0x0C, 0x30, 0xFF, 0xF0, 0x30, 0xFF, 0xF0, 0x30, 0x00, 0x00, 0x00, 0x03,
    0x00, 0x3C, 0x03, 0x00, 0x3C, 0xFF, 0xF3, 0xC0, 0xFF, 0xF3, 0xC0, 0x30, 0x33, 0x00, 0x30,
    0x33, 0x00, 0x0C, 0xC3, 0x00, 0x0C, 0xC3, 0x00, 0xFF, 0xF3, 0xFC, 0xFF, 0xF3, 0xFC, 0x03,
    0x03, 0x30, 0x03, 0x03, 0x30, 0xFF, 0xF3, 0x30, 0xFF, 0xF3, 0x30, 0x0F, 0xC3, 0x30, 0x0F,
    0xC3, 0x30, 0x33, 0x33, 0x30, 0x33, 0x33, 0x30, 0xC3, 0x0C, 0x30, 0xC3, 0x0C, 0x30, 0x03,
    0x0C, 0x30, 0x03, 0x0C, 0x30, 0x00, 0x00, 0x00, 0x00, 0xC0, 0x00, 0x00, 0xC0, 0x00, 0x00,
    0x30, 0x00, 0x00, 0x30, 0x00, 0xFF, 0xFF, 0xFC, 0xFF, 0xFF, 0xFC, 0x00, 0xC0, 0x00, 0x00,
    0xC0, 0x00, 0x00, 0xC0, 0x00, 0x00, 0xC0, 0x00, 0x00, 0xFF, 0xF0, 0x00, 0xFF, 0xF0, 0x00,
    0xC0, 0x30, 0x00, 0xC0, 0x30, 0x03, 0x00, 0x30, 0x03, 0x00, 0x30, 0x03, 0x00, 0x30, 0x03,
    0x00, 0x30, 0x0C, 0x00, 0x30, 0x0C, 0x00, 0x30, 0xF0, 0x03, 0xC0, 0xF0, 0x03, 0xC0, 0x00,
    0x00, 0x00, 0x3F, 0xFF, 0xF0, 0x3F, 0xFF, 0xF0, 0x00, 0x30, 0x00, 0x00, 0x30, 0x00, 0x00,
    0x30, 0x00, 0x00, 0x30, 0x00, 0x00, 0x30, 0x00, 0x00, 0x30, 0x00, 0xFF, 0xFF, 0xFC, 0xFF,
    0xFF, 0xFC, 0x00, 0xCC, 0x00, 0x00, 0xCC, 0x00, 0x00, 0xCC, 0x00, 0x00, 0xCC, 0x00, 0x03,
    0x0C, 0x00, 0x03, 0x0C, 0x00, 0x03, 0x0C, 0x0C, 0x03, 0x0C, 0x0C, 0x0C, 0x0C, 0x0C, 0x0C,
    0x0C, 0x0C, 0xF0, 0x0F, 0xFC, 0xF0, 0x0F, 0xFC, 0x00, 0x00, 0x00, 0x00, 0x00, 0x30, 0x00,
    0x00, 0x30, 0xFF, 0x00, 0x30, 0xFF, 0x00, 0x30, 0xC3, 0x3F, 0xFC, 0xC3, 0x3F, 0xFC, 0xC3,
    0x00, 0x30, 0xC3, 0x00, 0x30, 0xC3, 0x00, 0x30, 0xC3, 0x00, 0x30, 0xFF, 0x30, 0x30, 0xFF,
    0x30, 0x30, 0xC3, 0x0C, 0x30, 0xC3, 0x0C, 0x30, 0xC3, 0x0C, 0x30, 0xC3, 0x0C, 0x30, 0xC3,
    0x00, 0x30, 0xC3, 0x00, 0x30, 0xFF, 0x00, 0x30, 0xFF, 0x00, 0x30, 0x00, 0x03, 0xF0, 0x00,
    0x03, 0xF0, 0x00, 0x00, 0x00, 0xFF, 0x3F, 0xFC, 0xFF, 0x3F, 0xFC, 0xC3, 0x30, 0x0C, 0xC3,
    0x30, 0x0C, 0xC3, 0x30, 0x0C, 0xC3, 0x30, 0x0C, 0xC3, 0x3F, 0xFC, 0xC3, 0x3F, 0xFC, 0xFF,
    0x30, 0x0C, 0xFF, 0x30, 0x0C, 0xC3, 0x30, 0x0C, 0xC3, 0x30, 0x0C, 0xC3, 0x3F, 0xFC, 0xC3,
    0x3F, 0xFC, 0xC3, 0x30, 0x0C, 0xC3, 0x30, 0x0C, 0xFF, 0x30, 0x0C, 0xFF, 0x30, 0x0C, 0x00,
    0xC0, 0x0C, 0x00, 0xC0, 0x0C, 0x03, 0x00, 0xFC, 0x03, 0x00, 0xFC, 0x00, 0x00, 0x00, 0x3F,
    0xFF, 0xF0, 0x3F, 0xFF, 0xF0, 0x30, 0x00, 0x30, 0x30, 0x00, 0x30, 0x3F, 0xFF, 0xF0, 0x3F,
    0xFF, 0xF0, 0x30, 0x00, 0x30, 0x30, 0x00, 0x30, 0x3F, 0xFF, 0xF0, 0x3F, 0xFF, 0xF0, 0x0C,
    0x00, 0x00, 0x0C, 0x00, 0x00, 0x0F, 0xFF, 0xFC, 0x0F, 0xFF, 0xFC, 0x30, 0xC3, 0x0C, 0x30,
    0xC3, 0x0C, 0xC0, 0xC3, 0x0C, 0xC0, 0xC3, 0x0C, 0x03, 0x0C, 0x0C, 0x03, 0x0C, 0x0C, 0x0C,
    0x30, 0xF0, 0x0C, 0x30, 0xF0, 0x00, 0x00, 0x00, 0x3F, 0xFF, 0xF0, 0x3F, 0xFF, 0xF0, 0x30,
    0x00, 0x30, 0x30, 0x00, 0x30, 0x3F, 0xFF, 0xF0, 0x3F, 0xFF, 0xF0, 0x30, 0x00, 0x30, 0x30,
    0x00, 0x30, 0x3F, 0xFF, 0xF0, 0x3F, 0xFF, 0xF0, 0x00, 0x00, 0x00, 0x00, 0x00, 0x00, 0xFF,
    0xFF, 0xFC, 0xFF, 0xFF, 0xFC, 0x0C, 0x30, 0x00, 0x0C, 0x30, 0x00, 0x0C, 0x3F, 0xF0, 0x0C,
    0x3F, 0xF0, 0x33, 0xF0, 0x00, 0x33, 0xF0, 0x00, 0xC0, 0x0F, 0xFC, 0xC0, 0x0F, 0xFC, 0x00,
    0x00, 0x00, 0xFF, 0xFF, 0xFC, 0xFF, 0xFF, 0xFC, 0x00, 0x30, 0x00, 0x00, 0x30, 0x00, 0x3F,
    0xFF, 0xF0, 0x3F, 0xFF, 0xF0, 0x30, 0x30, 0x30, 0x30, 0x30, 0x30, 0x3F, 0xFF, 0xF0, 0x3F,
    0xFF, 0xF0, 0x30, 0x30, 0x30, 0x30, 0x30, 0x30, 0x3F, 0xFF, 0xF0, 0x3F, 0xFF, 0xF0, 0x30,
    0x30, 0x00, 0x30, 0x30, 0x00, 0x0C, 0x30, 0x00, 0x0C, 0x30, 0x00, 0x03, 0xC0, 0x00, 0x03,
    0xC0, 0x00, 0xFC, 0x3F, 0xFC, 0xFC, 0x3F, 0xFC, 0x00, 0x00, 0x00, 0x00, 0xC0, 0x00, 0x00,
    0xC0, 0x00, 0xFF, 0xFF, 0xFC, 0xFF, 0xFF, 0xFC, 0x03, 0x00, 0x00, 0x03, 0x00, 0x00, 0x0C,
    0x00, 0x00, 0x0C, 0x00, 0x00, 0x0F, 0xFF, 0xF0, 0x0F, 0xFF, 0xF0, 0x3C, 0x00, 0x30, 0x3C,
    0x00, 0x30, 0xCF, 0xFF, 0xF0, 0xCF, 0xFF, 0xF0, 0x0C, 0x00, 0x30, 0x0C, 0x00, 0x30, 0x0F,
    0xFF, 0xF0, 0x0F, 0xFF, 0xF0, 0x0C, 0x00, 0x30, 0x0C, 0x00, 0x30, 0x0C, 0x03, 0xF0, 0x0C,
    0x03, 0xF0, 0x00, 0x00, 0x00, 0x30, 0xC3, 0xFC, 0x30, 0xC3, 0xFC, 0xFF, 0xF3, 0x0C, 0xFF,
    0xF3, 0x0C, 0x30, 0xC3, 0x0C, 0x30, 0xC3, 0x0C, 0x3F, 0xC3, 0xFC, 0x3F, 0xC3, 0xFC, 0x30,
    0xC3, 0x0C, 0x30, 0xC3, 0x0C, 0x3F, 0xC3, 0x0C, 0x3F, 0xC3, 0x0C, 0x30, 0xC3, 0xFC, 0x30,
    0xC3, 0xFC, 0xFF, 0xF3, 0x0C, 0xFF, 0xF3, 0x0C, 0x00, 0x03, 0x0C, 0x00, 0x03, 0x0C, 0x30,
    0xCC, 0x0C, 0x30, 0xCC, 0x0C, 0xC0, 0x30, 0x3C, 0xC0, 0x30, 0x3C, 0x00, 0x00, 0x00, 0x00,
    0x30, 0x00, 0x00, 0x30, 0x00, 0x00, 0x30, 0x00, 0x00, 0x30, 0x00, 0x3F, 0xFF, 0xF0, 0x3F,
    0xFF, 0xF0, 0x00, 0x30, 0x00, 0x00, 0x30, 0x00, 0x00, 0x30, 0x00, 0x00, 0x30, 0x00, 0xFF,
    0xFF, 0xFC, 0xFF, 0xFF, 0xFC, 0x03, 0x33, 0x00, 0x03, 0x33, 0x00, 0x03, 0x33, 0x00, 0x03,
    0x33, 0x00, 0x0C, 0x30, 0xC0, 0x0C, 0x30, 0xC0, 0xF0, 0x30, 0x3C, 0xF0, 0x30, 0x3C, 0x00,
    0x30, 0x00, 0x00, 0x30, 0x00, 0x00, 0x00, 0x00, 0x00, 0x30, 0x00, 0x00, 0x30, 0x00, 0x00,
    0x30, 0x00, 0x00, 0x30, 0x00, 0xFF, 0xFF, 0xFC, 0xFF, 0xFF, 0xFC, 0x03, 0x33, 0x00, 0x03,
    0x33, 0x00, 0x03, 0x33, 0x00, 0x03, 0x33, 0x00, 0x03, 0x33, 0x00, 0x03, 0x33, 0x00, 0x0C,
    0x30, 0xC0, 0x0C, 0x30, 0xC0, 0x0C, 0x30, 0xC0, 0x0C, 0x30, 0xC0, 0x33, 0xFF, 0x30, 0x33,
    0xFF, 0x30, 0xC0, 0x30, 0x0C, 0xC0, 0x30, 0x0C, 0x00, 0x30, 0x00, 0x00, 0x30, 0x00, 0x00,
    0x00, 0x00, 0x0C, 0x3F, 0xC0, 0x0C, 0x3F, 0xC0, 0x0C, 0x30, 0xC0, 0x0C, 0x30, 0xC0, 0xFF,
    0x30, 0xC0, 0xFF, 0x30, 0xC0, 0x0C, 0x30, 0xC0, 0x0C, 0x30, 0xC0, 0x0C, 0x30, 0xC0, 0x0C,
    0x30, 0xC0, 0x3C, 0x30, 0xC0, 0x3C, 0x30, 0xC0, 0x3F, 0x30, 0xC0, 0x3F, 0x30, 0xC0, 0xCC,
    0x30, 0xC0, 0xCC, 0x30, 0xC0, 0x0C, 0x30, 0xCC, 0x0C, 0x30, 0xCC, 0x0C, 0x30, 0xCC, 0x0C,
    0x30, 0xCC, 0x0C, 0xC0, 0xFC, 0x0C, 0xC0, 0xFC, 0x00, 0x00, 0x00, 0x0C, 0xFF, 0xFC, 0x0C,
    0xFF, 0xFC, 0x0C, 0xC0, 0x0C, 0x0C, 0xC0, 0x0C, 0xFF, 0xC0, 0x0C, 0xFF, 0xC0, 0x0C, 0x0C,
    0xC0, 0x0C, 0x0C, 0xC0, 0x0C, 0x0C, 0x30, 0x30, 0x0C, 0x30, 0x30, 0x3C, 0x30, 0x30, 0x3C,
    0x30, 0x30, 0x3F, 0x30, 0x30, 0x3F, 0x30, 0x30, 0xCC, 0x0C, 0xC0, 0xCC, 0x0C, 0xC0, 0x0C,
    0x03, 0x00, 0x0C, 0x03, 0x00, 0x0C, 0x0C, 0xC0, 0x0C, 0x0C, 0xC0, 0x0C, 0xF0, 0x3C, 0x0C,
    0xF0, 0x3C, 0x00, 0x00, 0x00, 0x00, 0x30, 0x00, 0x00, 0x30, 0x00, 0xFF, 0xFF, 0xFC, 0xFF,
    0xFF, 0xFC, 0x00, 0x30, 0x00, 0x00, 0x30, 0x00, 0x3F, 0xFF, 0xF0, 0x3F, 0xFF, 0xF0, 0x30,
    0x30, 0x30, 0x30, 0x30, 0x30, 0x30, 0x30, 0x30, 0x30, 0x30, 0x30, 0x3F, 0xFF, 0xF0, 0x3F,
    0xFF, 0xF0, 0x03, 0x33, 0x00, 0x03, 0x33, 0x00, 0x0C, 0x30, 0xC0, 0x0C, 0x30, 0xC0, 0xF0,
    0x30, 0x3C, 0xF0, 0x30, 0x3C, 0x00, 0x30, 0x00, 0x00, 0x30, 0x00, 0x00, 0x00, 0x00, 0x0C,
    0x3F, 0xFC, 0x0C, 0x3F, 0xFC, 0x0C, 0x30, 0x00, 0x0C, 0x30, 0x00, 0xFF, 0x30, 0x00, 0xFF,
    0x30, 0x00, 0x0C, 0x3F, 0xFC, 0x0C, 0x3F, 0xFC, 0x0C, 0x30, 0x0C, 0x0C, 0x30, 0x0C, 0x3C,
    0x30, 0x0C, 0x3C, 0x30, 0x0C, 0x3F, 0x3C, 0x30, 0x3F, 0x3C, 0x30, 0xCC, 0x33, 0x30, 0xCC,
    0x33, 0x30, 0x0C, 0x30, 0xC0, 0x0C, 0x30, 0xC0, 0x0C, 0x33, 0x30, 0x0C, 0x33, 0x30, 0x0C,
    0xCC, 0x0C, 0x0C, 0xCC, 0x0C, 0x00, 0x00, 0x00, 0x0C, 0x30, 0x00, 0x0C, 0x30, 0x00, 0x0C,
    0x3F, 0xFC, 0x0C, 0x3F, 0xFC, 0xFF, 0x30, 0x0C, 0xFF, 0x30, 0x0C, 0x0C, 0xCC, 0x0C, 0x0C,
    0xCC, 0x0C, 0x0C, 0x0C, 0x0C, 0x0C, 0x0C, 0x0C, 0x3C, 0x0C, 0x0C, 0x3C, 0x0C, 0x0C, 0x3F,
    0x30, 0xCC, 0x3F, 0x30, 0xCC, 0xCC, 0x30, 0xCC, 0xCC, 0x30, 0xCC, 0x0C, 0xFF, 0x3C, 0x0C,
    0xFF, 0x3C, 0x0C, 0x00, 0x0C, 0x0C, 0x00, 0x0C, 0x0C, 0x00, 0xF0, 0x0C, 0x00, 0xF0, 0x00,
    0x00, 0x00, 0x3F, 0xFF, 0xF0, 0x3F, 0xFF, 0xF0, 0x30, 0x30, 0x30, 0x30, 0x30, 0x30, 0x3F,
    0xFF, 0xF0, 0x3F, 0xFF, 0xF0, 0x30, 0x30, 0x30, 0x30, 0x30, 0x30, 0x3F, 0xFF, 0xF0, 0x3F,
    0xFF, 0xF0, 0x00, 0x30, 0x00, 0x00, 0x30, 0x00, 0xFF, 0xFF, 0xFC, 0xFF, 0xFF, 0xFC, 0x03,
    0x33, 0x00, 0x03, 0x33, 0x00, 0x0C, 0x30, 0xC0, 0x0C, 0x30, 0xC0, 0xF0, 0x30, 0x3C, 0xF0,
    0x30, 0x3C, 0x00, 0x30, 0x00, 0x00, 0x30, 0x00, 0x00, 0x00, 0x00, 0x0C, 0x03, 0x00, 0x0C,
    0x03, 0x00, 0x0C, 0xFF, 0xFC, 0x0C, 0xFF, 0xFC, 0xFF, 0x0C, 0x00, 0xFF, 0x0C, 0x00, 0x0C,
    0x30, 0x30, 0x0C, 0x30, 0x30, 0x0C, 0xFF, 0xC0, 0x0C, 0xFF, 0xC0, 0x3C, 0x03, 0x00, 0x3C,
    0x03, 0x00, 0x3F, 0x0C, 0x0C, 0x3F, 0x0C, 0x0C, 0xCC, 0xF0, 0x30, 0xCC, 0xF0, 0x30, 0x0C,
    0x00, 0xC0, 0x0C, 0x00, 0xC0, 0x0C, 0x0F, 0x30, 0x0C, 0x0F, 0x30, 0x0C, 0xF0, 0x0C, 0x0C,
    0xF0, 0x0C, 0x00, 0x00, 0x00, 0xC0, 0x30, 0x00, 0xC0, 0x30, 0x00, 0x30, 0x30, 0x00, 0x30,
    0x30, 0x00, 0x30, 0x3F, 0xFC, 0x30, 0x3F, 0xFC, 0x00, 0xC0, 0x0C, 0x00, 0xC0, 0x0C, 0x03,
    0x03, 0x30, 0x03, 0x03, 0x30, 0x00, 0x03, 0x00, 0x00, 0x03, 0x00, 0x30, 0x03, 0x00, 0x30,
    0x03, 0x00, 0x30, 0x0C, 0xC0, 0x30, 0x0C, 0xC0, 0x30, 0x0C, 0xC0, 0x30, 0x0C, 0xC0, 0xC0,
    0x30, 0x30, 0xC0, 0x30, 0x30, 0xC3, 0xC0, 0x0C, 0xC3, 0xC0, 0x0C, 0x00, 0x00, 0x00, 0x0C,
    0x03, 0x00, 0x0C, 0x03, 0x00, 0xFF, 0xC3, 0x00, 0xFF, 0xC3, 0x00, 0x0C, 0x03, 0xFC, 0x0C,
    0x03, 0xFC, 0xFF, 0xCC, 0x0C, 0xFF, 0xCC, 0x0C, 0x00, 0x0C, 0xCC, 0x00, 0x0C, 0xCC, 0xFF,
    0xC0, 0xC0, 0xFF, 0xC0, 0xC0, 0x00, 0x00, 0xC0, 0x00, 0x00, 0xC0, 0xFF, 0xC0, 0xC0, 0xFF,
    0xC0, 0xC0, 0x0F, 0x03, 0x30, 0x0F, 0x03, 0x30, 0xCC, 0xC3, 0x30, 0xCC, 0xC3, 0x30, 0x3C,
    0x0C, 0x0C, 0x3C, 0x0C, 0x0C, 0x00, 0x00, 0x00, 0xFF, 0xFF, 0xFC, 0xFF, 0xFF, 0xFC, 0x00,
    0x30, 0x00, 0x00, 0x30, 0x00, 0x00, 0x30, 0x00, 0x00, 0x30, 0x00, 0x00, 0x30, 0x00, 0x00,
    0x30, 0x00, 0x0C, 0x30, 0x00, 0x0C, 0x30, 0x00, 0x0C, 0x3F, 0xF0, 0x0C, 0x3F, 0xF0, 0x0C,
    0x30, 0x00, 0x0C, 0x30, 0x00, 0x0C, 0x30, 0x00, 0x0C, 0x30, 0x00, 0x0C, 0x30, 0x00, 0x0C,
    0x30, 0x00, 0x0C, 0x30, 0x00, 0x0C, 0x30, 0x00, 0xFF, 0xFF, 0xFC, 0xFF, 0xFF, 0xFC, 0x00,
    0x00, 0x00, 0x03, 0x03, 0x00, 0x03, 0x03, 0x00, 0x03, 0x03, 0x00, 0x03, 0x03, 0x00, 0x03,
    0x03, 0x0C, 0x03, 0x03, 0x0C, 0x33, 0x03, 0x30, 0x33, 0x03, 0x30, 0x33, 0xF3, 0xC0, 0x33,
    0xF3, 0xC0, 0x33, 0x03, 0x00, 0x33, 0x03, 0x00, 0x33, 0x03, 0x00, 0x33, 0x03, 0x00, 0x33,
    0x03, 0x00, 0x33, 0x03, 0x00, 0x33, 0x03, 0x0C, 0x33, 0x03, 0x0C, 0x33, 0xF3, 0x0C, 0x33,
    0xF3, 0x0C, 0xFC, 0x00, 0xFC, 0xFC, 0x00, 0xFC, 0x00, 0x00, 0x00, 0x00, 0x30, 0xC0, 0x00,
    0x30, 0xC0, 0x00, 0x30, 0x30, 0x00, 0x30, 0x30, 0xFF, 0xFF, 0xFC, 0xFF, 0xFF, 0xFC, 0x00,
    0x30, 0x00, 0x00, 0x30, 0x00, 0x30, 0x30, 0x30, 0x30, 0x30, 0x30, 0x0C, 0x3C, 0xC0, 0x0C,
    0x3C, 0xC0, 0x00, 0x33, 0x00, 0x00, 0x33, 0x00, 0x00, 0xF0, 0xC0, 0x00, 0xF0, 0xC0, 0x0F,
    0x30, 0x30, 0x0F, 0x30, 0x30, 0xF0, 0x30, 0x0C, 0xF0, 0x30, 0x0C, 0x03, 0xF0, 0x00, 0x03,
    0xF0, 0x00, 0x00, 0x00, 0x00, 0x30, 0x3F, 0xC0, 0x30, 0x3F, 0xC0, 0x0C, 0x30, 0xC0, 0x0C,
    0x30, 0xC0, 0x00, 0x30, 0xC0, 0x00, 0x30, 0xC0, 0xC0, 0x30, 0xC0, 0xC0, 0x30, 0xC0, 0x33,
    0xC0, 0xFC, 0x33, 0xC0, 0xFC, 0x00, 0x00, 0x00, 0x00, 0x00, 0x00, 0x00, 0xFF, 0xF0, 0x00,
    0xFF, 0xF0, 0x30, 0xC0, 0x30, 0x30, 0xC0, 0x30, 0x30, 0x30, 0xC0, 0x30, 0x30, 0xC0, 0xC0,
    0x0F, 0x00, 0xC0, 0x0F, 0x00, 0xC3, 0xF0, 0xFC, 0xC3, 0xF0, 0xFC, 0x00, 0x00, 0x00, 0x30,
    0x03, 0x00, 0x30, 0x03, 0x00, 0x0C, 0x03, 0x00, 0x0C, 0x03, 0x00, 0x00, 0xFF, 0xF0, 0x00,
    0xFF, 0xF0, 0xC0, 0x03, 0x00, 0xC0, 0x03, 0x00, 0x30, 0x03, 0x00, 0x30, 0x03, 0x00, 0x03,
    0xFF, 0xFC, 0x03, 0xFF, 0xFC, 0x00, 0x0C, 0x00, 0x00, 0x0C, 0x00, 0x30, 0x30, 0x30, 0x30,
    0x30, 0x30, 0x30, 0x30, 0x30, 0x30, 0x30, 0x30, 0xC0, 0xC3, 0xCC, 0xC0, 0xC3, 0xCC, 0xC3,
    0xFC, 0x0C, 0xC3, 0xFC, 0x0C, 0x00, 0x00, 0x00, 0x30, 0xC3, 0x0C, 0x30, 0xC3, 0x0C, 0x0C,
    0x33, 0x30, 0x0C, 0x33, 0x30, 0x00, 0x03, 0x00, 0x00, 0x03, 0x00, 0xC0, 0xFF, 0xFC, 0xC0,
    0xFF, 0xFC, 0x30, 0xC0, 0x0C, 0x30, 0xC0, 0x0C, 0x00, 0xFF, 0xFC, 0x00, 0xFF, 0xFC, 0x00,
    0xC0, 0x0C, 0x00, 0xC0, 0x0C, 0x30, 0xFF, 0xFC, 0x30, 0xFF, 0xFC, 0x30, 0xC0, 0x0C, 0x30,
    0xC0, 0x0C, 0xC0, 0xC0, 0x0C, 0xC0, 0xC0, 0x0C, 0xC0, 0xC0, 0x3C, 0xC0, 0xC0, 0x3C, 0x00,
    0x00, 0x00, 0x33, 0x3F, 0xFC, 0x33, 0x3F, 0xFC, 0x33, 0x30, 0x00, 0x33, 0x30, 0x00, 0x33,
    0x30, 0x00, 0x33, 0x30, 0x00, 0x3F, 0xFF, 0xFC, 0x3F, 0xFF, 0xFC, 0x30, 0x30, 0x0C, 0x30,
    0x30, 0x0C, 0x30, 0x30, 0x0C, 0x30, 0x30, 0x0C, 0x3F, 0x3C, 0x30, 0x3F, 0x3C, 0x30, 0x33,
    0x33, 0x30, 0x33, 0x33, 0x30, 0x33, 0x30, 0xC0, 0x33, 0x30, 0xC0, 0x33, 0x33, 0x30, 0x33,
    0x33, 0x30, 0xC3, 0xCC, 0x0C, 0xC3, 0xCC, 0x0C, 0x00, 0x00, 0x00, 0x3F, 0xFF, 0xF0, 0x3F,
    0xFF, 0xF0, 0x30, 0x30, 0x30, 0x30, 0x30, 0x30, 0x30, 0x30, 0x30, 0x30, 0x30, 0x30, 0x3F,
    0xFF, 0xF0, 0x3F, 0xFF, 0xF0, 0x30, 0x30, 0x30, 0x30, 0x30, 0x30, 0x30, 0x30, 0x30, 0x30,
    0x30, 0x30, 0x3F, 0xFF, 0xF0, 0x3F, 0xFF, 0xF0, 0x30, 0x30, 0x30, 0x30, 0x30, 0x30, 0x30,
    0x30, 0x30, 0x30, 0x30, 0x30, 0x30, 0x30, 0x30, 0x30, 0x30, 0x30, 0xC0, 0x30, 0xF0, 0xC0,
    0x30, 0xF0, 0x00, 0x00, 0x00, 0x00, 0xC0, 0x00, 0x00, 0xC0, 0x00, 0xFF, 0xFF, 0xC0, 0xFF,
    0xFF, 0xC0, 0xC0, 0xC0, 0xC0, 0xC0, 0xC0, 0xC0, 0xC0, 0xC0, 0xC0, 0xC0, 0xC0, 0xC0, 0xFF,
    0xFF, 0xC0, 0xFF, 0xFF, 0xC0, 0xC0, 0xC0, 0xC0, 0xC0, 0xC0, 0xC0, 0xC0, 0xC0, 0xC0, 0xC0,
    0xC0, 0xC0, 0xFF, 0xFF, 0xC0, 0xFF, 0xFF, 0xC0, 0x00, 0xC0, 0x0C, 0x00, 0xC0, 0x0C, 0x00,
    0xC0, 0x0C, 0x00, 0xC0, 0x0C, 0x00, 0x3F, 0xFC, 0x00, 0x3F, 0xFC, 0x00, 0x00, 0x00, 0x0C,
    0x0C, 0x00, 0x0C, 0x0C, 0x00, 0x30, 0x0C, 0x00, 0x30, 0x0C, 0x00, 0xFF, 0xCF, 0xFC, 0xFF,
    0xCF, 0xFC, 0xC0, 0xF0, 0x0C, 0xC0, 0xF0, 0x0C, 0xC0, 0xC0, 0x0C, 0xC0, 0xC0, 0x0C, 0xC0,
    0xC3, 0x0C, 0xC0, 0xC3, 0x0C, 0xFF, 0xC0, 0xCC, 0xFF, 0xC0, 0xCC, 0xC0, 0xC0, 0xCC, 0xC0,
    0xC0, 0xCC, 0xC0, 0xC0, 0x0C, 0xC0, 0xC0, 0x0C, 0xC0, 0xC0, 0x0C, 0xC0, 0xC0, 0x0C, 0xFF,
    0xC0, 0xF0, 0xFF, 0xC0, 0xF0, 0x00, 0x00, 0x00, 0x30, 0x00, 0x00, 0x30, 0x00, 0x00, 0x3F,
    0xF3, 0xFC, 0x3F, 0xF3, 0xFC, 0x33, 0x03, 0x0C, 0x33, 0x03, 0x0C, 0xC3, 0x03, 0x0C, 0xC3,
    0x03, 0x0C, 0x03, 0x03, 0x0C, 0x03, 0x03, 0x0C, 0xFF, 0xF3, 0x0C, 0xFF, 0xF3, 0x0C, 0x03,
    0x03, 0x0C, 0x03, 0x03, 0x0C, 0x0C, 0xC3, 0x0C, 0x0C, 0xC3, 0x0C, 0x0C, 0x33, 0x0C, 0x0C,
    0x33, 0x0C, 0x30, 0x33, 0xFC, 0x30, 0x33, 0xFC, 0xC0, 0x00, 0x00, 0xC0, 0x00, 0x00, 0x00,
    0x00, 0x00, 0xFF, 0x3F, 0xF0, 0xFF, 0x3F, 0xF0, 0x0C, 0x00, 0x30, 0x0C, 0x00, 0x30, 0x0C,
    0x0C, 0x30, 0x0C, 0x0C, 0x30, 0x30, 0x0C, 0x30, 0x30, 0x0C, 0x30, 0x3F, 0x0C, 0x30, 0x3F,
    0x0C, 0x30, 0xF3, 0x0F, 0xFC, 0xF3, 0x0F, 0xFC, 0x33, 0x00, 0x0C, 0x33, 0x00, 0x0C, 0x33,
    0x00, 0x0C, 0x33, 0x00, 0x0C, 0x33, 0x3F, 0xCC, 0x33, 0x3F, 0xCC, 0x3F, 0x00, 0x0C, 0x3F,
    0x00, 0x0C, 0x00, 0x03, 0xF0, 0x00, 0x03, 0xF0, 0x00, 0x00, 0x00, 0xFF, 0x0C, 0x00, 0xFF,
    0x0C, 0x00, 0x0C, 0x0F, 0xF0, 0x0C, 0x0F, 0xF0, 0x0C, 0x30, 0x30, 0x0C, 0x30, 0x30, 0x30,
    0xFF, 0xFC, 0x30, 0xFF, 0xFC, 0x3F, 0x30, 0xCC, 0x3F, 0x30, 0xCC, 0xF3, 0x3F, 0xFC, 0xF3,
    0x3F, 0xFC, 0x33, 0x30, 0xCC, 0x33, 0x30, 0xCC, 0x33, 0x3F, 0xFC, 0x33, 0x3F, 0xFC, 0x33,
    0x30, 0x0C, 0x33, 0x30, 0x0C, 0x3F, 0x30, 0x0C, 0x3F, 0x30, 0x0C, 0x00, 0xC0, 0x3C, 0x00,
    0xC0, 0x3C, 0x00, 0x00, 0x00, 0x03, 0xC3, 0x00, 0x03, 0xC3, 0x00, 0xFC, 0x03, 0x00, 0xFC,
    0x03, 0x00, 0x0C, 0x03, 0x00, 0x0C, 0x03, 0x00, 0x0C, 0x03, 0x00, 0x0C, 0x03, 0x00, 0xFF,
    0xC3, 0x00, 0xFF, 0xC3, 0x00, 0x0C, 0x0C, 0x00, 0x0C, 0x0C, 0x00, 0x3F, 0x0C, 0x30, 0x3F,
    0x0C, 0x30, 0x3C, 0xCC, 0x30, 0x3C, 0xCC, 0x30, 0xCC, 0x30, 0x0C, 0xCC, 0x30, 0x0C, 0x0C,
    0x30, 0xFC, 0x0C, 0x30, 0xFC, 0x0C, 0xFF, 0x0C, 0x0C, 0xFF, 0x0C, 0x00, 0x00, 0x00, 0x03,
    0x03, 0x00, 0x03, 0x03, 0x00, 0xFC, 0x0F, 0xFC, 0xFC, 0x0F, 0xFC, 0x0C, 0xF0, 0x0C, 0x0C,
    0xF0, 0x0C, 0x0C, 0x0C, 0x30, 0x0C, 0x0C, 0x30, 0xFF, 0x03, 0xC0, 0xFF, 0x03, 0xC0, 0x0C,
    0xFC, 0x00, 0x0C, 0xFC, 0x00, 0x3C, 0x0F, 0xFC, 0x3C, 0x0F, 0xFC, 0x3C, 0xF0, 0x0C, 0x3C,
    0xF0, 0x0C, 0xCF, 0x0C, 0x30, 0xCF, 0x0C, 0x30, 0x0C, 0x03, 0xC0, 0x0C, 0x03, 0xC0, 0x0C,
    0xFC, 0x00, 0x0C, 0xFC, 0x00, 0x00, 0x00, 0x00, 0x00, 0x30, 0x00, 0x00, 0x30, 0x00, 0xFF,
    0xFF, 0xFC, 0xFF, 0xFF, 0xFC, 0xC3, 0x03, 0x0C, 0xC3, 0x03, 0x0C, 0x0C, 0x03, 0x00, 0x0C,
    0x03, 0x00, 0xF0, 0x03, 0xFC, 0xF0, 0x03, 0xFC, 0x00, 0x00, 0x00, 0x00, 0x00, 0x00, 0x3F,
    0xFF, 0xF0, 0x3F, 0xFF, 0xF0, 0x00, 0x30, 0x00, 0x00, 0x30, 0x00, 0x00, 0x30, 0x00, 0x00,
    0x30, 0x00, 0x00, 0x30, 0x00, 0x00, 0x30, 0x00, 0xFF, 0xFF, 0xFC, 0xFF, 0xFF, 0xFC, 0x00,
    0x00, 0x00, 0x00, 0xC0, 0x00, 0x00, 0xC0, 0x00, 0x00, 0x30, 0x00, 0x00, 0x30, 0x00, 0xFF,
    0xFF, 0xFC, 0xFF, 0xFF, 0xFC, 0x00, 0x00, 0x00, 0x00, 0x00, 0x00, 0x0C, 0x00, 0xC0, 0x0C,
    0x00, 0xC0, 0x0C, 0x00, 0xC0, 0x0C, 0x00, 0xC0, 0x03, 0x00, 0xC0, 0x03, 0x00, 0xC0, 0x03,
    0x03, 0x00, 0x03, 0x03, 0x00, 0x03, 0x03, 0x00, 0x03, 0x03, 0x00, 0x00, 0x0C, 0x00, 0x00,
    0x0C, 0x00, 0xFF, 0xFF, 0xFC, 0xFF, 0xFF, 0xFC, 0x00, 0x00, 0x00, 0x00, 0x30, 0x00, 0x00,
    0x30, 0x00, 0x3F, 0xFF, 0xF0, 0x3F, 0xFF, 0xF0, 0x03, 0x03, 0x00, 0x03, 0x03, 0x00, 0xFF,
    0xFF, 0xFC, 0xFF, 0xFF, 0xFC, 0x0C, 0x00, 0xC0, 0x0C, 0x00, 0xC0, 0x0F, 0xFF, 0xC0, 0x0F,
    0xFF, 0xC0, 0x0C, 0x00, 0xC0, 0x0C, 0x00, 0xC0, 0x0F, 0xFF, 0xC0, 0x0F, 0xFF, 0xC0, 0x00,
    0x30, 0x00, 0x00, 0x30, 0x00, 0xFF, 0xFF, 0xFC, 0xFF, 0xFF, 0xFC, 0x00, 0x30, 0x00, 0x00,
    0x30, 0x00, 0x00, 0x00, 0x00, 0x30, 0x0C, 0x00, 0x30, 0x0C, 0x00, 0x3F, 0xCF, 0xFC, 0x3F,
    0xCF, 0xFC, 0xC3, 0x30, 0xC0, 0xC3, 0x30, 0xC0, 0x3F, 0xFF, 0xF0, 0x3F, 0xFF, 0xF0, 0x00,
    0x30, 0x30, 0x00, 0x30, 0x30, 0x3F, 0xFF, 0xF0, 0x3F, 0xFF, 0xF0, 0x30, 0x30, 0x00, 0x30,
    0x30, 0x00, 0x3F, 0xFF, 0xFC, 0x3F, 0xFF, 0xFC, 0x03, 0x30, 0x0C, 0x03, 0x30, 0x0C, 0x0C,
    0x30, 0x0C, 0x0C, 0x30, 0x0C, 0xF0, 0x30, 0xF0, 0xF0, 0x30, 0xF0, 0x00, 0x00, 0x00, 0x30,
    0x0C, 0x00, 0x30, 0x0C, 0x00, 0x3F, 0xCF, 0xFC, 0x3F, 0xCF, 0xFC, 0xC3, 0x30, 0xC0, 0xC3,
    0x30, 0xC0, 0x00, 0xCC, 0x00, 0x00, 0xCC, 0x00, 0x0F, 0x03, 0xC0, 0x0F, 0x03, 0xC0, 0xF3,
    0xFF, 0x3C, 0xF3, 0xFF, 0x3C, 0x00, 0x00, 0x30, 0x00, 0x00, 0x30, 0x30, 0xC0, 0xC0, 0x30,
    0xC0, 0xC0, 0x0C, 0x30, 0xC0, 0x0C, 0x30, 0xC0, 0x00, 0x03, 0x00, 0x00, 0x03, 0x00, 0xFF,
    0xFF, 0xFC, 0xFF, 0xFF, 0xFC, 0x00, 0x00, 0x00, 0x0C, 0x03, 0x00, 0x0C, 0x03, 0x00, 0x0C,
    0x03, 0x00, 0x0C, 0x03, 0x00, 0x30, 0xFF, 0xFC, 0x30, 0xFF, 0xFC, 0xC3, 0x03, 0x00, 0xC3,
    0x03, 0x00, 0xFC, 0x03, 0x00, 0xFC, 0x03, 0x00, 0x0C, 0x3F, 0xF0, 0x0C, 0x3F, 0xF0, 0x30,
    0x00, 0x00, 0x30, 0x00, 0x00, 0xFF, 0x3F, 0xF0, 0xFF, 0x3F, 0xF0, 0x00, 0x30, 0x30, 0x00,
    0x30, 0x30, 0x0F, 0x30, 0x30, 0x0F, 0x30, 0x30, 0xF0, 0x3F, 0xF0, 0xF0, 0x3F, 0xF0, 0x00,
    0x00, 0x00, 0x30, 0x30, 0x00, 0x30, 0x30, 0x00, 0x30, 0x3F, 0xC0, 0x30, 0x3F, 0xC0, 0xC0,
    0xC0, 0xC0, 0xC0, 0xC0, 0xC0, 0xC3, 0xFF, 0xFC, 0xC3, 0xFF, 0xFC, 0xFC, 0xC3, 0x0C, 0xFC,
    0xC3, 0x0C, 0x30, 0xC3, 0x0C, 0x30, 0xC3, 0x0C, 0xC0, 0xFF, 0xFC, 0xC0, 0xFF, 0xFC, 0xFC,
    0xC0, 0x00, 0xFC, 0xC0, 0x00, 0x00, 0xC0, 0x0C, 0x00, 0xC0, 0x0C, 0x0C, 0xC0, 0x0C, 0x0C,
    0xC0, 0x0C, 0xF0, 0x3F, 0xFC, 0xF0, 0x3F, 0xFC, 0x00, 0x00, 0x00, 0x30, 0xC0, 0xC0, 0x30,
    0xC0, 0xC0, 0x30, 0xCC, 0xCC, 0x30, 0xCC, 0xCC, 0xC0, 0xC3, 0xF0, 0xC0, 0xC3, 0xF0, 0xCC,
    0xC0, 0xC0, 0xCC, 0xC0, 0xC0, 0xF0, 0xCF, 0xFC, 0xF0, 0xCF, 0xFC, 0x30, 0xC0, 0xC0, 0x30,
    0xC0, 0xC0, 0xC0, 0xC3, 0xF0, 0xC0, 0xC3, 0xF0, 0xFC, 0xCC, 0xCC, 0xFC, 0xCC, 0xCC, 0x00,
    0xC0, 0xC0, 0x00, 0xC0, 0xC0, 0x0C, 0xC0, 0x00, 0x0C, 0xC0, 0x00, 0xF0, 0xFF, 0xFC, 0xF0,
    0xFF, 0xFC, 0x00, 0x00, 0x00, 0x30, 0x03, 0x00, 0x30, 0x03, 0x00, 0x30, 0x3F, 0xF0, 0x30,
    0x3F, 0xF0, 0xC0, 0x03, 0x00, 0xC0, 0x03, 0x00, 0xCC, 0xFF, 0xFC, 0xCC, 0xFF, 0xFC, 0xF0,
    0x30, 0x0C, 0xF0, 0x30, 0x0C, 0x30, 0xCC, 0xC0, 0x30, 0xCC, 0xC0, 0xC0, 0x30, 0xC0, 0xC0,
    0x30, 0xC0, 0xFC, 0xFF, 0xFC, 0xFC, 0xFF, 0xFC, 0x00, 0x03, 0x00, 0x00, 0x03, 0x00, 0x0C,
    0x0C, 0x30, 0x0C, 0x0C, 0x30, 0xF0, 0xF0, 0x0C, 0xF0, 0xF0, 0x0C, 0x00, 0x00, 0x00, 0xFF,
    0xFF, 0xFC, 0xFF, 0xFF, 0xFC, 0xC3, 0x03, 0x0C, 0xC3, 0x03, 0x0C, 0xFF, 0xFF, 0xFC, 0xFF,
    0xFF, 0xFC, 0x00, 0x30, 0x00, 0x00, 0x30, 0x00, 0xFF, 0xFF, 0xFC, 0xFF, 0xFF, 0xFC, 0x00,
    0x30, 0x00, 0x00, 0x30, 0x00, 0x0F, 0xFF, 0xC0, 0x0F, 0xFF, 0xC0, 0x0C, 0x00, 0xC0, 0x0C,
    0x00, 0xC0, 0x0F, 0xFF, 0xC0, 0x0F, 0xFF, 0xC0, 0x0C, 0x00, 0xC0, 0x0C, 0x00, 0xC0, 0xFF,
    0xFF, 0xFC, 0xFF, 0xFF, 0xFC, 0x00, 0x00, 0x00, 0x3F, 0xFF, 0xF0, 0x3F, 0xFF, 0xF0, 0x30,
    0xCC, 0x30, 0x30, 0xCC, 0x30, 0x3F, 0xFF, 0xF0, 0x3F, 0xFF, 0xF0, 0x00, 0xC0, 0x0C, 0x00,
    0xC0, 0x0C, 0x3F, 0xFF, 0x30, 0x3F, 0xFF, 0x30, 0x00, 0xC0, 0xC0, 0x00, 0xC0, 0xC0, 0xFF,
    0xFF, 0xFC, 0xFF, 0xFF, 0xFC, 0x0C, 0x00, 0x30, 0x0C, 0x00, 0x30, 0x3F, 0xFF, 0xF0, 0x3F,
    0xFF, 0xF0, 0xCC, 0x00, 0x30, 0xCC, 0x00, 0x30, 0x0F, 0xFF, 0xF0, 0x0F, 0xFF, 0xF0, 0x00,
    0x00, 0x00, 0xFF, 0xCC, 0x30, 0xFF, 0xCC, 0x30, 0xC3, 0x0C, 0xC0, 0xC3, 0x0C, 0xC0, 0xFF,
    0x3F, 0xFC, 0xFF, 0x3F, 0xFC, 0xC3, 0x30, 0x0C, 0xC3, 0x30, 0x0C, 0xC3, 0x30, 0x0C, 0xC3,
    0x30, 0x0C, 0xFF, 0x30, 0x0C, 0xFF, 0x30, 0x0C, 0xC3, 0x3F, 0xFC, 0xC3, 0x3F, 0xFC, 0xC3,
    0x03, 0x00, 0xC3, 0x03, 0x00, 0xFF, 0x30, 0x30, 0xFF, 0x30, 0x30, 0xC3, 0xCC, 0x0C, 0xC3,
    0xCC, 0x0C, 0x03, 0x03, 0xF0, 0x03, 0x03, 0xF0, 0x00, 0x00, 0x00, 0x03, 0x03, 0x00, 0x03,
    0x03, 0x00, 0xFF, 0xFF, 0xFC, 0xFF, 0xFF, 0xFC, 0x03, 0x03, 0x00, 0x03, 0x03, 0x00, 0x00,
    0x00, 0x00, 0x00, 0x00, 0x00, 0x3F, 0xFF, 0xF0, 0x3F, 0xFF, 0xF0, 0x00, 0xC0, 0x30, 0x00,
    0xC0, 0x30, 0x00, 0xC0, 0x30, 0x00, 0xC0, 0x30, 0x00, 0xC0, 0x30, 0x00, 0xC0, 0x30, 0x00,
    0xC3, 0xC0, 0x00, 0xC3, 0xC0, 0x00, 0xC0, 0x00, 0x00, 0xC0, 0x00, 0x00, 0xC0, 0x00, 0x00,
    0xC0, 0x00, 0x00, 0x00, 0x00, 0x03, 0x03, 0x00, 0x03, 0x03, 0x00, 0xFF, 0xFF, 0xFC, 0xFF,
    0xFF, 0xFC, 0x03, 0x03, 0x00, 0x03, 0x03, 0x00, 0x00, 0x00, 0x00, 0x00, 0x00, 0x00, 0x03,
    0x0C, 0x00, 0x03, 0x0C, 0x00, 0x0C, 0x0C, 0x0C, 0x0C, 0x0C, 0x0C, 0x3C, 0x0C, 0xF0, 0x3C,
    0x0C, 0xF0, 0xCC, 0xFF, 0x00, 0xCC, 0xFF, 0x00, 0x0C, 0x0C, 0x00, 0x0C, 0x0C, 0x00, 0x0C,
    0x0C, 0x0C, 0x0C, 0x0C, 0x0C, 0x0C, 0x03, 0xFC, 0x0C, 0x03, 0xFC, 0x00, 0x00, 0x00, 0x03,
    0x03, 0x00, 0x03, 0x03, 0x00, 0xFF, 0xFF, 0xFC, 0xFF, 0xFF, 0xFC, 0x03, 0x03, 0x00, 0x03,
    0x03, 0x00, 0x30, 0x00, 0x00, 0x30, 0x00, 0x00, 0x0C, 0xFF, 0xF0, 0x0C, 0xFF, 0xF0, 0xC0,
    0xC0, 0x30, 0xC0, 0xC0, 0x30, 0x30, 0xC0, 0x30, 0x30, 0xC0, 0x30, 0x00, 0xC3, 0xF0, 0x00,
    0xC3, 0xF0, 0x0C, 0xC0, 0x00, 0x0C, 0xC0, 0x00, 0x30, 0xC0, 0x0C, 0x30, 0xC0, 0x0C, 0xC0,
    0x3F, 0xFC, 0xC0, 0x3F, 0xFC, 0x00, 0x00, 0x00, 0x03, 0x03, 0x00, 0x03, 0x03, 0x00, 0xFF,
    0xFF, 0xFC, 0xFF, 0xFF, 0xFC, 0x03, 0x03, 0x00, 0x03, 0x03, 0x00, 0x00, 0x03, 0xF0, 0x00,
    0x03, 0xF0, 0x3F, 0xFC, 0x00, 0x3F, 0xFC, 0x00, 0x30, 0xC0, 0x30, 0x30, 0xC0, 0x30, 0x0C,
    0x30, 0xC0, 0x0C, 0x30, 0xC0, 0xFF, 0xFF, 0xFC, 0xFF, 0xFF, 0xFC, 0x03, 0x33, 0x00, 0x03,
    0x33, 0x00, 0x0C, 0x30, 0xC0, 0x0C, 0x30, 0xC0, 0xF0, 0x30, 0x3C, 0xF0, 0x30, 0x3C, 0x00,
    0x00, 0x00, 0x0C, 0x3F, 0xF0, 0x0C, 0x3F, 0xF0, 0x30, 0x00, 0x00, 0x30, 0x00, 0x00, 0xC0,
    0x00, 0x00, 0xC0, 0x00, 0x00, 0x0C, 0xFF, 0xFC, 0x0C, 0xFF, 0xFC, 0x30, 0x00, 0xC0, 0x30,
    0x00, 0xC0, 0xF0, 0x00, 0xC0, 0xF0, 0x00, 0xC0, 0x30, 0x00, 0xC0, 0x30, 0x00, 0xC0, 0x30,
    0x00, 0xC0, 0x30, 0x00, 0xC0, 0x30, 0x00, 0xC0, 0x30, 0x00, 0xC0, 0x30, 0x00, 0xC0, 0x30,
    0x00, 0xC0, 0x30, 0x0F, 0xC0, 0x30, 0x0F, 0xC0, 0x00, 0x00, 0x00, 0x0C, 0x0F, 0xFC, 0x0C,
    0x0F, 0xFC, 0x0F, 0xC3, 0x0C, 0x0F, 0xC3, 0x0C, 0x30, 0xC3, 0x0C, 0x30, 0xC3, 0x0C, 0xFF,
    0xFC, 0x3C, 0xFF, 0xFC, 0x3C, 0x33, 0x30, 0x00, 0x33, 0x30, 0x00, 0x3F, 0xF3, 0x30, 0x3F,
    0xF3, 0x30, 0x33, 0x33, 0xFC, 0x33, 0x33, 0xFC, 0x3F, 0xFC, 0x30, 0x3F, 0xFC, 0x30, 0x30,
    0x33, 0xFC, 0x30, 0x33, 0xFC, 0x30, 0x30, 0x30, 0x30, 0x30, 0x30, 0xC0, 0xF0, 0x30, 0xC0,
    0xF0, 0x30, 0x00, 0x00, 0x00, 0x00, 0xC0, 0x00, 0x00, 0xC0, 0x00, 0x00, 0x30, 0x00, 0x00,
    0x30, 0x00, 0xFF, 0xFF, 0xFC, 0xFF, 0xFF, 0xFC, 0x00, 0x00, 0x00, 0x00, 0x00, 0x00, 0x3F,
    0xFF, 0xF0, 0x3F, 0xFF, 0xF0, 0x00, 0x00, 0x00, 0x00, 0x00, 0x00, 0x3F, 0xFF, 0xF0, 0x3F,
    0xFF, 0xF0, 0x00, 0x00, 0x00, 0x00, 0x00, 0x00, 0x3F, 0xFF, 0xF0, 0x3F, 0xFF, 0xF0, 0x30,
    0x00, 0x30, 0x30, 0x00, 0x30, 0x3F, 0xFF, 0xF0, 0x3F, 0xFF, 0xF0, 0x00, 0x00, 0x00, 0x33,
    0x0C, 0x00, 0x33, 0x0C, 0x00, 0xFF, 0xFF, 0xFC, 0xFF, 0xFF, 0xFC, 0x33, 0x33, 0x30, 0x33,
    0x33, 0x30, 0x3F, 0x33, 0xC0, 0x3F, 0x33, 0xC0, 0x00, 0xCC, 0x30, 0x00, 0xCC, 0x30, 0xFF,
    0xFF, 0xFC, 0xFF, 0xFF, 0xFC, 0x00, 0x00, 0x00, 0x00, 0x00, 0x00, 0x3F, 0xFF, 0xF0, 0x3F,
    0xFF, 0xF0, 0x0C, 0x00, 0xC0, 0x0C, 0x00, 0xC0, 0x0C, 0x00, 0xC0, 0x0C, 0x00, 0xC0, 0x0F,
    0xFF, 0xC0, 0x0F, 0xFF, 0xC0, 0x00, 0x00, 0x00, 0x30, 0x03, 0x00, 0x30, 0x03, 0x00, 0x0C,
    0x03, 0x00, 0x0C, 0x03, 0x00, 0x00, 0x03, 0x00, 0x00, 0x03, 0x00, 0x00, 0x03, 0x00, 0x00,
    0x03, 0x00, 0xFC, 0x03, 0x00, 0xFC, 0x03, 0x00, 0x0C, 0x03, 0x00, 0x0C, 0x03, 0x00, 0x0C,
    0x0C, 0xC0, 0x0C, 0x0C, 0xC0, 0x0C, 0x0C, 0xC0, 0x0C, 0x0C, 0xC0, 0x0C, 0x30, 0x30, 0x0C,
    0x30, 0x30, 0x0F, 0x30, 0x30, 0x0F, 0x30, 0x30, 0x0C, 0xC0, 0x0C, 0x0C, 0xC0, 0x0C, 0x00,
    0x00, 0x00, 0xC0, 0x0C, 0x00, 0xC0, 0x0C, 0x00, 0x30, 0xC3, 0x0C, 0x30, 0xC3, 0x0C, 0x00,
    0xC3, 0x0C, 0x00, 0xC3, 0x0C, 0x00, 0xC0, 0x0C, 0x00, 0xC0, 0x0C, 0xF0, 0x30, 0x30, 0xF0,
    0x30, 0x30, 0x30, 0x30, 0x30, 0x30, 0x30, 0x30, 0x30, 0x30, 0x30, 0x30, 0x30, 0x30, 0x30,
    0x0C, 0xC0, 0x30, 0x0C, 0xC0, 0x33, 0x03, 0x00, 0x33, 0x03, 0x00, 0x3C, 0x0C, 0xC0, 0x3C,
    0x0C, 0xC0, 0x30, 0xF0, 0x3C, 0x30, 0xF0, 0x3C, 0x00, 0x00, 0x00, 0xC0, 0xC0, 0x00, 0xC0,
    0xC0, 0x00, 0x30, 0xFF, 0xF0, 0x30, 0xFF, 0xF0, 0x03, 0x03, 0x00, 0x03, 0x03, 0x00, 0x00,
    0x03, 0x00, 0x00, 0x03, 0x00, 0xF0, 0x03, 0x00, 0xF0, 0x03, 0x00, 0x33, 0xFF, 0xFC, 0x33,
    0xFF, 0xFC, 0x30, 0x03, 0x00, 0x30, 0x03, 0x00, 0x30, 0x03, 0x00, 0x30, 0x03, 0x00, 0x30,
    0x03, 0x00, 0x30, 0x03, 0x00, 0x3C, 0x03, 0x00, 0x3C, 0x03, 0x00, 0x30, 0x03, 0x00, 0x30,
    0x03, 0x00, 0x00, 0x00, 0x00, 0xC0, 0x3F, 0xC0, 0xC0, 0x3F, 0xC0, 0x30, 0x30, 0xC0, 0x30,
    0x30, 0xC0, 0x00, 0x30, 0xC0, 0x00, 0x30, 0xC0, 0x00, 0x30, 0xC0, 0x00, 0x30, 0xC0, 0xF3,
    0xC0, 0xFC, 0xF3, 0xC0, 0xFC, 0x30, 0x00, 0x00, 0x30, 0x00, 0x00, 0x30, 0xFF, 0xF0, 0x30,
    0xFF, 0xF0, 0x30, 0xC0, 0x30, 0x30, 0xC0, 0x30, 0x30, 0x30, 0xC0, 0x30, 0x30, 0xC0, 0x3C,
    0x0F, 0x00, 0x3C, 0x0F, 0x00, 0x33, 0xF0, 0xFC, 0x33, 0xF0, 0xFC, 0x00, 0x00, 0x00, 0xC3,
    0xFF, 0xFC, 0xC3, 0xFF, 0xFC, 0x30, 0x03, 0x00, 0x30, 0x03, 0x00, 0x00, 0x03, 0x00, 0x00,
    0x03, 0x00, 0x00, 0x03, 0x00, 0x00, 0x03, 0x00, 0xF0, 0xC3, 0x00, 0xF0, 0xC3, 0x00, 0x30,
    0xC3, 0xFC, 0x30, 0xC3, 0xFC, 0x30, 0xC3, 0x00, 0x30, 0xC3, 0x00, 0x30, 0xC3, 0x00, 0x30,
    0xC3, 0x00, 0x30, 0xC3, 0x00, 0x30, 0xC3, 0x00, 0x3C, 0xC3, 0x00, 0x3C, 0xC3, 0x00, 0x33,
    0xFF, 0xFC, 0x33, 0xFF, 0xFC, 0x00, 0x00, 0x00, 0xC0, 0x00, 0xF0, 0xC0, 0x00, 0xF0, 0x30,
    0xFF, 0x00, 0x30, 0xFF, 0x00, 0x00, 0x03, 0x00, 0x00, 0x03, 0x00, 0x00, 0x03, 0x00, 0x00,
    0x03, 0x00, 0xF0, 0xFF, 0xFC, 0xF0, 0xFF, 0xFC, 0x30, 0x03, 0x00, 0x30, 0x03, 0x00, 0x30,
    0x03, 0x00, 0x30, 0x03, 0x00, 0x30, 0x3F, 0xF0, 0x30, 0x3F, 0xF0, 0x33, 0x30, 0x30, 0x33,
    0x30, 0x30, 0x3C, 0x30, 0x30, 0x3C, 0x30, 0x30, 0x30, 0x3F, 0xF0, 0x30, 0x3F, 0xF0, 0x00,
    0x00, 0x00, 0xC0, 0xFF, 0xFC, 0xC0, 0xFF, 0xFC, 0x30, 0x0C, 0x00, 0x30, 0x0C, 0x00, 0x00,
    0xFF, 0xF0, 0x00, 0xFF, 0xF0, 0x00, 0x30, 0x30, 0x00, 0x30, 0x30, 0xF0, 0x30, 0x30, 0xF0,
    0x30, 0x30, 0x33, 0xFF, 0xFC, 0x33, 0xFF, 0xFC, 0x30, 0x00, 0x00, 0x30, 0x00, 0x00, 0x30,
    0xFF, 0xFC, 0x30, 0xFF, 0xFC, 0x30, 0xC0, 0x0C, 0x30, 0xC0, 0x0C, 0x3C, 0xC0, 0x0C, 0x3C,
    0xC0, 0x0C, 0x30, 0xFF, 0xFC, 0x30, 0xFF, 0xFC, 0x00, 0x00, 0x00, 0xC0, 0xFF, 0xF0, 0xC0,
    0xFF, 0xF0, 0x30, 0xC0, 0x30, 0x30, 0xC0, 0x30, 0x00, 0xC0, 0x30, 0x00, 0xC0, 0x30, 0x00,
    0xFF, 0xF0, 0x00, 0xFF, 0xF0, 0xF0, 0x00, 0x00, 0xF0, 0x00, 0x00, 0x30, 0xFF, 0xF0, 0x30,
    0xFF, 0xF0, 0x30, 0x03, 0x00, 0x30, 0x03, 0x00, 0x33, 0xFF, 0xFC, 0x33, 0xFF, 0xFC, 0x30,
    0x03, 0x00, 0x30, 0x03, 0x00, 0x3C, 0x0C, 0xC0, 0x3C, 0x0C, 0xC0, 0x33, 0xF0, 0x3C, 0x33,
    0xF0, 0x3C, 0x00, 0x00, 0x00, 0xC0, 0x03, 0x00, 0xC0, 0x03, 0x00, 0x30, 0xFF, 0xF0, 0x30,
    0xFF, 0xF0, 0x00, 0x03, 0x00, 0x00, 0x03, 0x00, 0x00, 0xFF, 0xF0, 0x00, 0xFF, 0xF0, 0xF0,
    0x03, 0x00, 0xF0, 0x03, 0x00, 0x33, 0xFF, 0xFC, 0x33, 0xFF, 0xFC, 0x30, 0xC0, 0x30, 0x30,
    0xC0, 0x30, 0x30, 0xFF, 0xF0, 0x30, 0xFF, 0xF0, 0x33, 0xC0, 0x30, 0x33, 0xC0, 0x30, 0x3C,
    0xFF, 0xF0, 0x3C, 0xFF, 0xF0, 0x30, 0xC0, 0x30, 0x30, 0xC0, 0x30, 0x00, 0x00, 0x00, 0xC0,
    0x03, 0x00, 0xC0, 0x03, 0x00, 0x30, 0xFF, 0xF0, 0x30, 0xFF, 0xF0, 0x00, 0x03, 0x00, 0x00,
    0x03, 0x00, 0x03, 0xFF, 0xFC, 0x03, 0xFF, 0xFC, 0xF0, 0x30, 0x0C, 0xF0, 0x30, 0x0C, 0x33,
    0x0C, 0xC0, 0x33, 0x0C, 0xC0, 0x30, 0xC0, 0xC0, 0x30, 0xC0, 0xC0, 0x33, 0xFF, 0xFC, 0x33,
    0xFF, 0xFC, 0x30, 0x03, 0x00, 0x30, 0x03, 0x00, 0x3C, 0x3C, 0x30, 0x3C, 0x3C, 0x30, 0x33,
    0xC0, 0x0C, 0x33, 0xC0, 0x0C, 0x00, 0x00, 0x00, 0x0F, 0xFF, 0x00, 0x0F, 0xFF, 0x00, 0x30,
    0x03, 0x00, 0x30, 0x03, 0x00, 0xFF, 0xFF, 0xF0, 0xFF, 0xFF, 0xF0, 0x30, 0x30, 0x30, 0x30,
    0x30, 0x30, 0x3F, 0xFF, 0xF0, 0x3F, 0xFF, 0xF0, 0x03, 0xF0, 0x0C, 0x03, 0xF0, 0x0C, 0xFC,
    0x3C, 0x30, 0xFC, 0x3C, 0x30, 0x03, 0xC3, 0xC0, 0x03, 0xC3, 0xC0, 0xFC, 0x3F, 0x30, 0xFC,
    0x3F, 0x30, 0x03, 0xC3, 0x0C, 0x03, 0xC3, 0x0C, 0xFC, 0x3C, 0x00, 0xFC, 0x3C, 0x00, 0x00,
    0x00, 0x00, 0x03, 0x0C, 0x00, 0x03, 0x0C, 0x00, 0xFF, 0xFF, 0xF0, 0xFF, 0xFF, 0xF0, 0x03,
    0x0C, 0x30, 0x03, 0x0C, 0x30, 0xFF, 0xFF, 0xFC, 0xFF, 0xFF, 0xFC, 0xC3, 0x0C, 0x0C, 0xC3,
    0x0C, 0x0C, 0xFF, 0xFF, 0xFC, 0xFF, 0xFF, 0xFC, 0x30, 0x00, 0x30, 0x30, 0x00, 0x30, 0x30,
    0x30, 0x30, 0x30, 0x30, 0x30, 0x30, 0x30, 0x30, 0x30, 0x30, 0x30, 0x03, 0xCF, 0x00, 0x03,
    0xCF, 0x00, 0xFC, 0x00, 0xFC, 0xFC, 0x00, 0xFC, 0x00, 0x00, 0x00, 0x03, 0x0F, 0xFC, 0x03,
    0x0F, 0xFC, 0x3F, 0xF3, 0x0C, 0x3F, 0xF3, 0x0C, 0x03, 0x03, 0x0C, 0x03, 0x03, 0x0C, 0x03,
    0x0C, 0x3C, 0x03, 0x0C, 0x3C, 0xFF, 0xF0, 0x00, 0xFF, 0xF0, 0x00, 0x03, 0x0F, 0xFC, 0x03,
    0x0F, 0xFC, 0x33, 0x0C, 0x0C, 0x33, 0x0C, 0x0C, 0x33, 0xFC, 0x0C, 0x33, 0xFC, 0x0C, 0x33,
    0x0F, 0xFC, 0x33, 0x0F, 0xFC, 0xCF, 0x00, 0x00, 0xCF, 0x00, 0x00, 0xC0, 0xFF, 0xFC, 0xC0,
    0xFF, 0xFC, 0x00, 0x00, 0x00, 0x00, 0xC0, 0x00, 0x00, 0xC0, 0x00, 0x0F, 0xFF, 0xC0, 0x0F,
    0xFF, 0xC0, 0x0C, 0x00, 0xC0, 0x0C, 0x00, 0xC0, 0x0F, 0xFF, 0xC0, 0x0F, 0xFF, 0xC0, 0x0C,
    0x00, 0xC0, 0x0C, 0x00, 0xC0, 0x0F, 0xFF, 0xCC, 0x0F, 0xFF, 0xCC, 0x0C, 0x00, 0xF0, 0x0C,
    0x00, 0xF0, 0xFF, 0xFF, 0xC0, 0xFF, 0xFF, 0xC0, 0x00, 0x30, 0xC0, 0x00, 0x30, 0xC0, 0x03,
    0xC0, 0xC0, 0x03, 0xC0, 0xC0, 0xFC, 0x0F, 0xC0, 0xFC, 0x0F, 0xC0, 0x00, 0x00, 0x00, 0x0C,
    0x03, 0x00, 0x0C, 0x03, 0x00, 0xFF, 0x0C, 0xC0, 0xFF, 0x0C, 0xC0, 0x30, 0x30, 0x30, 0x30,
    0x30, 0x30, 0xCC, 0xCF, 0xCC, 0xCC, 0xCF, 0xCC, 0xCC, 0x00, 0x00, 0xCC, 0x00, 0x00, 0xFF,
    0xFC, 0xCC, 0xFF, 0xFC, 0xCC, 0x0C, 0xCC, 0xCC, 0x0C, 0xCC, 0xCC, 0x0F, 0xFC, 0xCC, 0x0F,
    0xFC, 0xCC, 0xFC, 0xCC, 0xCC, 0xFC, 0xCC, 0xCC, 0x0C, 0xFC, 0x0C, 0x0C, 0xFC, 0x0C, 0x0C,
    0xCC, 0x3C, 0x0C, 0xCC, 0x3C, 0x00, 0x00, 0x00, 0xC0, 0x00, 0xF0, 0xC0, 0x00, 0xF0, 0x30,
    0xFF, 0x00, 0x30, 0xFF, 0x00, 0x00, 0x03, 0x00, 0x00, 0x03, 0x00, 0x00, 0x03, 0x00, 0x00,
    0x03, 0x00, 0xF3, 0xFF, 0xFC, 0xF3, 0xFF, 0xFC, 0x30, 0x03, 0x00, 0x30, 0x03, 0x00, 0x30,
    0x03, 0x00, 0x30, 0x03, 0x00, 0x30, 0x03, 0x00, 0x30, 0x03, 0x00, 0x30, 0x03, 0x00, 0x30,
    0x03, 0x00, 0xCC, 0x00, 0x00, 0xCC, 0x00, 0x00, 0xC3, 0xFF, 0xFC, 0xC3, 0xFF, 0xFC, 0x00,
    0x00, 0x00, 0xC0, 0x00, 0xC0, 0xC0, 0x00, 0xC0, 0x30, 0x00, 0xC0, 0x30, 0x00, 0xC0, 0x03,
    0xFF, 0xFC, 0x03, 0xFF, 0xFC, 0x00, 0x00, 0xC0, 0x00, 0x00, 0xC0, 0xF0, 0xC0, 0xC0, 0xF0,
    0xC0, 0xC0, 0x30, 0x30, 0xC0, 0x30, 0x30, 0xC0, 0x30, 0x30, 0xC0, 0x30, 0x30, 0xC0, 0x30,
    0x00, 0xC0, 0x30, 0x00, 0xC0, 0x30, 0x0F, 0xC0, 0x30, 0x0F, 0xC0, 0xCC, 0x00, 0x00, 0xCC,
    0x00, 0x00, 0xC3, 0xFF, 0xFC, 0xC3, 0xFF, 0xFC, 0x00, 0x00, 0x00, 0xC0, 0xFF, 0xFC, 0xC0,
    0xFF, 0xFC, 0x30, 0xC0, 0x00, 0x30, 0xC0, 0x00, 0x00, 0xC0, 0x00, 0x00, 0xC0, 0x00, 0x00,
    0xFF, 0xFC, 0x00, 0xFF, 0xFC, 0xF0, 0xC0, 0x0C, 0xF0, 0xC0, 0x0C, 0x30, 0xF0, 0x0C, 0x30,
    0xF0, 0x0C, 0x30, 0xCC, 0x30, 0x30, 0xCC, 0x30, 0x30, 0xC3, 0xC0, 0x30, 0xC3, 0xC0, 0x33,
    0x3C, 0x3C, 0x33, 0x3C, 0x3C, 0xCC, 0x00, 0x00, 0xCC, 0x00, 0x00, 0xC3, 0xFF, 0xFC, 0xC3,
    0xFF, 0xFC, 0x00, 0x00, 0x00, 0xC0, 0x30, 0xC0, 0xC0, 0x30, 0xC0, 0x30, 0x30, 0xC0, 0x30,
    0x30, 0xC0, 0x03, 0xFF, 0xFC, 0x03, 0xFF, 0xFC, 0x00, 0x30, 0xC0, 0x00, 0x30, 0xC0, 0xF0,
    0x30, 0xC0, 0xF0, 0x30, 0xC0, 0x33, 0xFF, 0xFC, 0x33, 0xFF, 0xFC, 0x30, 0x30, 0xC0, 0x30,
    0x30, 0xC0, 0x30, 0x30, 0xC0, 0x30, 0x30, 0xC0, 0x30, 0xC0, 0xC0, 0x30, 0xC0, 0xC0, 0xCC,
    0x00, 0x00, 0xCC, 0x00, 0x00, 0xC3, 0xFF, 0xFC, 0xC3, 0xFF, 0xFC, 0x00, 0x00, 0x00, 0xC0,
    0xFF, 0xF0, 0xC0, 0xFF, 0xF0, 0x30, 0xC0, 0x30, 0x30, 0xC0, 0x30, 0x00, 0xFF, 0xF0, 0x00,
    0xFF, 0xF0, 0x00, 0xC0, 0x30, 0x00, 0xC0, 0x30, 0xF0, 0xFF, 0xF0, 0xF0, 0xFF, 0xF0, 0x30,
    0xCC, 0x0C, 0x30, 0xCC, 0x0C, 0x30, 0xC3, 0x30, 0x30, 0xC3, 0x30, 0x30, 0xCC, 0xC0, 0x30,
    0xCC, 0xC0, 0x30, 0xF0, 0x3C, 0x30, 0xF0, 0x3C, 0xCC, 0x00, 0x00, 0xCC, 0x00, 0x00, 0xC3,
    0xFF, 0xFC, 0xC3, 0xFF, 0xFC, 0x00, 0x00, 0x00, 0xC0, 0x30, 0x30, 0xC0, 0x30, 0x30, 0x30,
    0x0C, 0xC0, 0x30, 0x0C, 0xC0, 0x00, 0xFF, 0xFC, 0x00, 0xFF, 0xFC, 0x00, 0x03, 0x00, 0x00,
    0x03, 0x00, 0xF0, 0x03, 0x00, 0xF0, 0x03, 0x00, 0x30, 0xFF, 0xFC, 0x30, 0xFF, 0xFC, 0x30,
    0x03, 0x00, 0x30, 0x03, 0x00, 0x30, 0x0C, 0xC0, 0x30, 0x0C, 0xC0, 0x30, 0xF0, 0x3C, 0x30,
    0xF0, 0x3C, 0xCC, 0x00, 0x00, 0xCC, 0x00, 0x00, 0xC3, 0xFF, 0xFC, 0xC3, 0xFF, 0xFC, 0x00,
    0x00, 0x00, 0xC0, 0xC3, 0x00, 0xC0, 0xC3, 0x00, 0x30, 0xFF, 0xF0, 0x30, 0xFF, 0xF0, 0x03,
    0x03, 0x00, 0x03, 0x03, 0x00, 0x00, 0x03, 0x00, 0x00, 0x03, 0x00, 0xF3, 0xFF, 0xFC, 0xF3,
    0xFF, 0xFC, 0x30, 0x30, 0xC0, 0x30, 0x30, 0xC0, 0x30, 0x30, 0xC0, 0x30, 0x30, 0xC0, 0x30,
    0xC0, 0xCC, 0x30, 0xC0, 0xCC, 0x33, 0x00, 0xFC, 0x33, 0x00, 0xFC, 0xCC, 0x00, 0x00, 0xCC,
    0x00, 0x00, 0xC3, 0xFF, 0xFC, 0xC3, 0xFF, 0xFC, 0x00, 0x00, 0x00, 0x03, 0x03, 0xFC, 0x03,
    0x03, 0xFC, 0x3F, 0xF3, 0x0C, 0x3F, 0xF3, 0x0C, 0x00, 0x03, 0x0C, 0x00, 0x03, 0x0C, 0x30,
    0x33, 0x30, 0x30, 0x33, 0x30, 0x0C, 0xC3, 0x30, 0x0C, 0xC3, 0x30, 0xFF, 0xFF, 0x0C, 0xFF,
    0xFF, 0x0C, 0x00, 0x03, 0x0C, 0x00, 0x03, 0x0C, 0x3F, 0xF3, 0x0C, 0x3F, 0xF3, 0x0C, 0x30,
    0x33, 0xF0, 0x30, 0x33, 0xF0, 0x30, 0x33, 0x00, 0x30, 0x33, 0x00, 0x3F, 0xF3, 0x00, 0x3F,
    0xF3, 0x00, 0x00, 0x00, 0x00, 0xFF, 0xCF, 0xFC, 0xFF, 0xCF, 0xFC, 0x33, 0x00, 0x0C, 0x33,
    0x00, 0x0C, 0x33, 0x00, 0x0C, 0x33, 0x00, 0x0C, 0xFF, 0xC0, 0x0C, 0xFF, 0xC0, 0x0C, 0xCC,
    0xC0, 0x0C, 0xCC, 0xC0, 0x0C, 0xCC, 0xCF, 0xFC, 0xCC, 0xCF, 0xFC, 0xF3, 0xCC, 0x00, 0xF3,
    0xCC, 0x00, 0xC0, 0xCC, 0x00, 0xC0, 0xCC, 0x00, 0xFF, 0xCC, 0x0C, 0xFF, 0xCC, 0x0C, 0xC0,
    0xCC, 0x0C, 0xC0, 0xCC, 0x0C, 0xFF, 0xC3, 0xFC, 0xFF, 0xC3, 0xFC, 0x00, 0x00, 0x00, 0x3F,
    0xFF, 0xF0, 0x3F, 0xFF, 0xF0, 0x30, 0x00, 0x30, 0x30, 0x00, 0x30, 0x3F, 0xFF, 0xF0, 0x3F,
    0xFF, 0xF0, 0x30, 0x00, 0x30, 0x30, 0x00, 0x30, 0xFF, 0xFF, 0xFC, 0xFF, 0xFF, 0xFC, 0x30,
    0x30, 0x30, 0x30, 0x30, 0x30, 0x3F, 0xFF, 0xF0, 0x3F, 0xFF, 0xF0, 0x30, 0x30, 0x30, 0x30,
    0x30, 0x30, 0x3F, 0xFF, 0xF0, 0x3F, 0xFF, 0xF0, 0x00, 0x30, 0x00, 0x00, 0x30, 0x00, 0xFF,
    0xFF, 0xFC, 0xFF, 0xFF, 0xFC, 0x00, 0x00, 0x00, 0x00, 0x30, 0x00, 0x00, 0x30, 0x00, 0x00,
    0xCC, 0x00, 0x00, 0xCC, 0x00, 0x0F, 0x03, 0xC0, 0x0F, 0x03, 0xC0, 0xF0, 0x00, 0x3C, 0xF0,
    0x00, 0x3C, 0x0F, 0xFF, 0xC0, 0x0F, 0xFF, 0xC0, 0x00, 0x30, 0x00, 0x00, 0x30, 0x00, 0x00,
    0x30, 0x00, 0x00, 0x30, 0x00, 0x3F, 0xFF, 0xF0, 0x3F, 0xFF, 0xF0, 0x0C, 0x30, 0xC0, 0x0C,
    0x30, 0xC0, 0x03, 0x33, 0x00, 0x03, 0x33, 0x00, 0xFF, 0xFF, 0xFC, 0xFF, 0xFF, 0xFC, 0x00,
    0x00, 0x00, 0x30, 0x3F, 0xFC, 0x30, 0x3F, 0xFC, 0x3F, 0x30, 0x0C, 0x3F, 0x30, 0x0C, 0xC0,
    0x30, 0x0C, 0xC0, 0x30, 0x0C, 0xFF, 0x3F, 0xFC, 0xFF, 0x3F, 0xFC, 0x30, 0x30, 0x0C, 0x30,
    0x30, 0x0C, 0x30, 0x30, 0x0C, 0x30, 0x30, 0x0C, 0xFF, 0x3F, 0xFC, 0xFF, 0x3F, 0xFC, 0x30,
    0x30, 0x0C, 0x30, 0x30, 0x0C, 0x33, 0x30, 0x0C, 0x33, 0x30, 0x0C, 0x3C, 0x30, 0x0C, 0x3C,
    0x30, 0x0C, 0x30, 0xC0, 0x3C, 0x30, 0xC0, 0x3C, 0x00, 0x00, 0x00, 0x30, 0x03, 0x30, 0x30,
    0x03, 0x30, 0x3F, 0x03, 0x0C, 0x3F, 0x03, 0x0C, 0xC0, 0x03, 0xFC, 0xC0, 0x03, 0xFC, 0xFF,
    0x3F, 0x00, 0xFF, 0x3F, 0x00, 0x30, 0x03, 0x00, 0x30, 0x03, 0x00, 0x30, 0x03, 0xFC, 0x30,
    0x03, 0xFC, 0xFF, 0x3F, 0x00, 0xFF, 0x3F, 0x00, 0x30, 0x03, 0x0C, 0x30, 0x03, 0x0C, 0x33,
    0x00, 0xF0, 0x33, 0x00, 0xF0, 0x3C, 0x03, 0xCC, 0x3C, 0x03, 0xCC, 0x30, 0xFC, 0x3C, 0x30,
    0xFC, 0x3C, 0x00, 0x00, 0x00, 0x30, 0xC3, 0x0C, 0x30, 0xC3, 0x0C, 0x3C, 0x33, 0x30, 0x3C,
    0x33, 0x30, 0xC0, 0x03, 0x00, 0xC0, 0x03, 0x00, 0xFC, 0xFF, 0xFC, 0xFC, 0xFF, 0xFC, 0x30,
    0xC0, 0x0C, 0x30, 0xC0, 0x0C, 0x30, 0xC3, 0x0C, 0x30, 0xC3, 0x0C, 0xFC, 0xC3, 0x0C, 0xFC,
    0xC3, 0x0C, 0x30, 0xC3, 0x0C, 0x30, 0xC3, 0x0C, 0x30, 0x0C, 0xC0, 0x30, 0x0C, 0xC0, 0x3C,
    0x30, 0x30, 0x3C, 0x30, 0x30, 0x30, 0xC0, 0x0C, 0x30, 0xC0, 0x0C, 0x00, 0x00, 0x00, 0x30,
    0x30, 0xC0, 0x30, 0x30, 0xC0, 0x3C, 0xFF, 0xF0, 0x3C, 0xFF, 0xF0, 0xC0, 0x30, 0xC0, 0xC0,
    0x30, 0xC0, 0xFC, 0x30, 0xC0, 0xFC, 0x30, 0xC0, 0x33, 0xFF, 0xFC, 0x33, 0xFF, 0xFC, 0x30,
    0x00, 0x00, 0x30, 0x00, 0x00, 0xFC, 0xFF, 0xF0, 0xFC, 0xFF, 0xF0, 0x30, 0xC0, 0x30, 0x30,
    0xC0, 0x30, 0x30, 0xFF, 0xF0, 0x30, 0xFF, 0xF0, 0x3C, 0xC0, 0x30, 0x3C, 0xC0, 0x30, 0x30,
    0xFF, 0xF0, 0x30, 0xFF, 0xF0, 0x00, 0x00, 0x00, 0x30, 0x00, 0xC0, 0x30, 0x00, 0xC0, 0x3F,
    0xCF, 0xFC, 0x3F, 0xCF, 0xFC, 0xC0, 0xC0, 0xCC, 0xC0, 0xC0, 0xCC, 0xFC, 0xFF, 0xFC, 0xFC,
    0xFF, 0xFC, 0x33, 0x00, 0xCC, 0x33, 0x00, 0xCC, 0x33, 0xCF, 0xFC, 0x33, 0xCF, 0xFC, 0xFC,
    0xC0, 0xC0, 0xFC, 0xC0, 0xC0, 0x30, 0xCF, 0xFC, 0x30, 0xCF, 0xFC, 0x33, 0xC0, 0xC0, 0x33,
    0xC0, 0xC0, 0x3C, 0xF0, 0xC0, 0x3C, 0xF0, 0xC0, 0x33, 0x0F, 0xFC, 0x33, 0x0F, 0xFC, 0x00,
    0x00, 0x00, 0x0C, 0x00, 0xC0, 0x0C, 0x00, 0xC0, 0x0C, 0x03, 0x00, 0x0C, 0x03, 0x00, 0x0C,
    0x0C, 0x00, 0x0C, 0x0C, 0x00, 0x0C, 0xF0, 0x00, 0x0C, 0xF0, 0x00, 0x0C, 0x00, 0x00, 0x0C,
    0x00, 0x00, 0xFF, 0xFF, 0xFC, 0xFF, 0xFF, 0xFC, 0x0C, 0x30, 0x00, 0x0C, 0x30, 0x00, 0x0C,
    0x0C, 0x00, 0x0C, 0x0C, 0x00, 0x0C, 0x03, 0x00, 0x0C, 0x03, 0x00, 0x0C, 0xC0, 0xC0, 0x0C,
    0xC0, 0xC0, 0x0F, 0x00, 0x3C, 0x0F, 0x00, 0x3C, 0x00, 0x00, 0x00, 0xC3, 0xFF, 0xFC, 0xC3,
    0xFF, 0xFC, 0x30, 0x00, 0x0C, 0x30, 0x00, 0x0C, 0x00, 0x30, 0x0C, 0x00, 0x30, 0x0C, 0xC0,
    0x30, 0x0C, 0xC0, 0x30, 0x0C, 0xCF, 0xFF, 0xCC, 0xCF, 0xFF, 0xCC, 0xC0, 0x30, 0x0C, 0xC0,
    0x30, 0x0C, 0xC0, 0xFC, 0x0C, 0xC0, 0xFC, 0x0C, 0xC3, 0x33, 0x0C, 0xC3, 0x33, 0x0C, 0xCC,
    0x30, 0xCC, 0xCC, 0x30, 0xCC, 0xC0, 0x30, 0x0C, 0xC0, 0x30, 0x0C, 0xC0, 0x00, 0xFC, 0xC0,
    0x00, 0xFC, 0x00, 0x00, 0x00, 0xC3, 0xFF, 0xFC, 0xC3, 0xFF, 0xFC, 0x30, 0x00, 0x0C, 0x30,
    0x00, 0x0C, 0x03, 0x03, 0x0C, 0x03, 0x03, 0x0C, 0xC0, 0xCC, 0x0C, 0xC0, 0xCC, 0x0C, 0xC3,
    0xFF, 0x0C, 0xC3, 0xFF, 0x0C, 0xC3, 0x03, 0x0C, 0xC3, 0x03, 0x0C, 0xC3, 0x03, 0x0C, 0xC3,
    0x03, 0x0C, 0xC3, 0xFF, 0x0C, 0xC3, 0xFF, 0x0C, 0xC0, 0xCC, 0x0C, 0xC0, 0xCC, 0x0C, 0xC3,
    0x0C, 0xCC, 0xC3, 0x0C, 0xCC, 0xCC, 0x0F, 0xCC, 0xCC, 0x0F, 0xCC, 0x00, 0x00, 0x00, 0xFF,
    0x03, 0x00, 0xFF, 0x03, 0x00, 0xC3, 0x03, 0x00, 0xC3, 0x03, 0x00, 0xC3, 0x03, 0x00, 0xC3,
    0x03, 0x00, 0xCC, 0x03, 0x00, 0xCC, 0x03, 0x00, 0xCC, 0x03, 0x00, 0xCC, 0x03, 0x00, 0xC3,
    0x03, 0x00, 0xC3, 0x03, 0x00, 0xC3, 0x0C, 0xC0, 0xC3, 0x0C, 0xC0, 0xC3, 0x0C, 0xC0, 0xC3,
    0x0C, 0xC0, 0xFC, 0x30, 0x30, 0xFC, 0x30, 0x30, 0xC0, 0x30, 0x30, 0xC0, 0x30, 0x30, 0xC0,
    0xC0, 0x0C, 0xC0, 0xC0, 0x0C, 0x00, 0x00, 0x00, 0xFC, 0xFF, 0xF0, 0xFC, 0xFF, 0xF0, 0xCC,
    0xC0, 0x30, 0xCC, 0xC0, 0x30, 0xCC, 0xFF, 0xF0, 0xCC, 0xFF, 0xF0, 0xCC, 0xC0, 0x30, 0xCC,
    0xC0, 0x30, 0xF0, 0xC0, 0x30, 0xF0, 0xC0, 0x30, 0xCC, 0xFF, 0xF0, 0xCC, 0xFF, 0xF0, 0xCC,
    0xC3, 0x0C, 0xCC, 0xC3, 0x0C, 0xCC, 0xC3, 0x30, 0xCC, 0xC3, 0x30, 0xFC, 0xC0, 0xC0, 0xFC,
    0xC0, 0xC0, 0xC0, 0xCC, 0x30, 0xC0, 0xCC, 0x30, 0xC0, 0xF0, 0x0C, 0xC0, 0xF0, 0x0C, 0x00,
    0x00, 0x00, 0xFC, 0x0F, 0xC0, 0xFC, 0x0F, 0xC0, 0xCC, 0x30, 0x30, 0xCC, 0x30, 0x30, 0xCF,
    0xC0, 0x0C, 0xCF, 0xC0, 0x0C, 0xCC, 0x3F, 0xF0, 0xCC, 0x3F, 0xF0, 0xF0, 0x03, 0x00, 0xF0,
    0x03, 0x00, 0xCC, 0x03, 0x00, 0xCC, 0x03, 0x00, 0xCC, 0xFF, 0xFC, 0xCC, 0xFF, 0xFC, 0xCC,
    0x03, 0x00, 0xCC, 0x03, 0x00, 0xFC, 0xC3, 0x30, 0xFC, 0xC3, 0x30, 0xC3, 0x03, 0x0C, 0xC3,
    0x03, 0x0C, 0xC0, 0x0F, 0x00, 0xC0, 0x0F, 0x00, 0x00, 0x00, 0x00, 0xFC, 0x03, 0x00, 0xFC,
    0x03, 0x00, 0xCF, 0x3F, 0xFC, 0xCF, 0x3F, 0xFC, 0xCC, 0xC3, 0x00, 0xCC, 0xC3, 0x00, 0xCC,
    0x0F, 0xF0, 0xCC, 0x0F, 0xF0, 0xF0, 0x3C, 0x30, 0xF0, 0x3C, 0x30, 0xCF, 0xCF, 0xF0, 0xCF,
    0xCF, 0xF0, 0xCC, 0xCC, 0x30, 0xCC, 0xCC, 0x30, 0xCC, 0xCF, 0xF0, 0xCC, 0xCF, 0xF0, 0xFC,
    0xCC, 0x30, 0xFC, 0xCC, 0x30, 0xC3, 0x30, 0x00, 0xC3, 0x30, 0x00, 0xC3, 0x0F, 0xFC, 0xC3,
    0x0F, 0xFC, 0x00, 0x00, 0x00, 0x03, 0x0F, 0xFC, 0x03, 0x0F, 0xFC, 0xFF, 0xF0, 0xC0, 0xFF,
    0xF0, 0xC0, 0xCC, 0x3F, 0xFC, 0xCC, 0x3F, 0xFC, 0x0F, 0xCC, 0x0C, 0x0F, 0xCC, 0x0C, 0xF0,
    0xCC, 0xCC, 0xF0, 0xCC, 0xCC, 0x0F, 0x0C, 0xCC, 0x0F, 0x0C, 0xCC, 0xF0, 0xFC, 0xCC, 0xF0,
    0xFC, 0xCC, 0x3F, 0xCC, 0xCC, 0x3F, 0xCC, 0xCC, 0x30, 0xC0, 0xC0, 0x30, 0xC0, 0xC0, 0x30,
    0xC3, 0x30, 0x30, 0xC3, 0x30, 0x3F, 0xCC, 0x0C, 0x3F, 0xCC, 0x0C, 0x00, 0x00, 0x00, 0xFC,
    0x03, 0x00, 0xFC, 0x03, 0x00, 0x0C, 0x0C, 0xC0, 0x0C, 0x0C, 0xC0, 0xCC, 0x30, 0x30, 0xCC,
    0x30, 0x30, 0xCC, 0xC0, 0x0C, 0xCC, 0xC0, 0x0C, 0xCC, 0x3F, 0xF0, 0xCC, 0x3F, 0xF0, 0xFF,
    0x00, 0x00, 0xFF, 0x00, 0x00, 0x03, 0xCC, 0x0C, 0x03, 0xCC, 0x0C, 0x0F, 0x33, 0x30, 0x0F,
    0x33, 0x30, 0xF3, 0x33, 0x30, 0xF3, 0x33, 0x30, 0x03, 0x00, 0xC0, 0x03, 0x00, 0xC0, 0x3C,
    0xFF, 0xFC, 0x3C, 0xFF, 0xFC, 0x00, 0x00, 0x00, 0x00, 0x30, 0x00, 0x00, 0x30, 0x00, 0xFF,
    0xFF, 0xFC, 0xFF, 0xFF, 0xFC, 0x0C, 0x00, 0xC0, 0x0C, 0x00, 0xC0, 0x0F, 0xFF, 0xC0, 0x0F,
    0xFF, 0xC0, 0x00, 0x00, 0x00, 0x00, 0x00, 0x00, 0xFF, 0xFF, 0xFC, 0xFF, 0xFF, 0xFC, 0xC0,
    0x00, 0x0C, 0xC0, 0x00, 0x0C, 0xC3, 0xFF, 0x0C, 0xC3, 0xFF, 0x0C, 0xC3, 0x03, 0x0C, 0xC3,
    0x03, 0x0C, 0xC3, 0xFF, 0x0C, 0xC3, 0xFF, 0x0C, 0xC0, 0x00, 0x3C, 0xC0, 0x00, 0x3C, 0x00,
    0x00, 0x00, 0x00, 0x30, 0x00, 0x00, 0x30, 0x00, 0x00, 0xFC, 0x00, 0x00, 0xFC, 0x00, 0x00,
    0xFC, 0x00, 0x00, 0xFC, 0x00, 0x00, 0xFC, 0x00, 0x00, 0xFC, 0x00, 0x00, 0x30, 0x00, 0x00,
    0x30, 0x00, 0x00, 0x30, 0x00, 0x00, 0x30, 0x00, 0x00, 0x30, 0x00, 0x00, 0x30, 0x00, 0x00,
    0x00, 0x00, 0x00, 0x00, 0x00, 0x00, 0x30, 0x00, 0x00, 0x30, 0x00, 0x00, 0x00, 0x00, 0x00,
    0x00, 0x30, 0x00, 0x00, 0x30, 0x00, 0x00, 0xC0, 0x00, 0x00, 0xC0, 0x00, 0x00, 0xC0, 0x00,
    0x00, 0xC0, 0x00, 0x03, 0x00, 0x00, 0x03, 0x00, 0x00, 0x03, 0x00, 0x00, 0x03, 0x00, 0x00,
    0x03, 0x00, 0x00, 0x03, 0x00, 0x00, 0x03, 0x00, 0x00, 0x03, 0x00, 0x00, 0x03, 0x00, 0x00,
    0x03, 0x00, 0x00, 0x00, 0xC0, 0x00, 0x00, 0xC0, 0x00, 0x00, 0xC0, 0x00, 0x00, 0xC0, 0x00,
    0x00, 0x30, 0x00, 0x00, 0x30, 0x00, 0x00, 0x00, 0x30, 0x00, 0x00, 0x30, 0x00, 0x00, 0x0C,
    0x00, 0x00, 0x0C, 0x00, 0x00, 0x0C, 0x00, 0x00, 0x0C, 0x00, 0x00, 0x03, 0x00, 0x00, 0x03,
    0x00, 0x00, 0x03, 0x00, 0x00, 0x03, 0x00, 0x00, 0x03, 0x00, 0x00, 0x03, 0x00, 0x00, 0x03,
    0x00, 0x00, 0x03, 0x00, 0x00, 0x03, 0x00, 0x00, 0x03, 0x00, 0x00, 0x0C, 0x00, 0x00, 0x0C,
    0x00, 0x00, 0x0C, 0x00, 0x00, 0x0C, 0x00, 0x00, 0x30, 0x00, 0x00, 0x30, 0x00, 0x00, 0x00,
    0x00, 0x00, 0x0F, 0x00, 0x00, 0x0F, 0x00, 0x00, 0x0F, 0x00, 0x00, 0x0F, 0x00, 0x00, 0x03,
    0x00, 0x00, 0x03, 0x00, 0x00, 0x0C, 0x00, 0x00, 0x0C, 0x00, 0x00, 0x00, 0x00, 0x00, 0x00,
    0xFC, 0x00, 0x00, 0xFC, 0x00, 0x03, 0x03, 0x00, 0x03, 0x03, 0x00, 0x03, 0x0F, 0x00, 0x03,
    0x0F, 0x00, 0x03, 0x33, 0x00, 0x03, 0x33, 0x00, 0x03, 0x33, 0x00, 0x03, 0x33, 0x00, 0x03,
    0xC3, 0x00, 0x03, 0xC3, 0x00, 0x03, 0x03, 0x00, 0x03, 0x03, 0x00, 0x00, 0xFC, 0x00, 0x00,
    0xFC, 0x00, 0x00, 0x30, 0x00, 0x00, 0x30, 0x00, 0x03, 0xF0, 0x00, 0x03, 0xF0, 0x00, 0x00,
    0x30, 0x00, 0x00, 0x30, 0x00, 0x00, 0x30, 0x00, 0x00, 0x30, 0x00, 0x00, 0x30, 0x00, 0x00,
    0x30, 0x00, 0x00, 0x30, 0x00, 0x00, 0x30, 0x00, 0x00, 0x30, 0x00, 0x00, 0x30, 0x00, 0x03,
    0xFF, 0x00, 0x03, 0xFF, 0x00, 0x00, 0xFC, 0x00, 0x00, 0xFC, 0x00, 0x03, 0x03, 0x00, 0x03,
    0x03, 0x00, 0x00, 0x03, 0x00, 0x00, 0x03, 0x00, 0x00, 0x0C, 0x00, 0x00, 0x0C, 0x00, 0x00,
    0x30, 0x00, 0x00, 0x30, 0x00, 0x00, 0xC0, 0x00, 0x00, 0xC0, 0x00, 0x03, 0x00, 0x00, 0x03,
    0x00, 0x00, 0x03, 0xFF, 0x00, 0x03, 0xFF, 0x00, 0x00, 0xFC, 0x00, 0x00, 0xFC, 0x00, 0x03,
    0x03, 0x00, 0x03, 0x03, 0x00, 0x00, 0x03, 0x00, 0x00, 0x03, 0x00, 0x00, 0x3C, 0x00, 0x00,
    0x3C, 0x00, 0x00, 0x03, 0x00, 0x00, 0x03, 0x00, 0x00, 0x03, 0x00, 0x00, 0x03, 0x00, 0x03,
    0x03, 0x00, 0x03, 0x03, 0x00, 0x00, 0xFC, 0x00, 0x00, 0xFC, 0x00, 0x00, 0x3C, 0x00, 0x00,
    0x3C, 0x00, 0x00, 0xCC, 0x00, 0x00, 0xCC, 0x00, 0x00, 0xCC, 0x00, 0x00, 0xCC, 0x00, 0x03,
    0x0C, 0x00, 0x03, 0x0C, 0x00, 0x03, 0x0C, 0x00, 0x03, 0x0C, 0x00, 0x03, 0xFF, 0x00, 0x03,
    0xFF, 0x00, 0x00, 0x0C, 0x00, 0x00, 0x0C, 0x00, 0x00, 0x0C, 0x00, 0x00, 0x0C, 0x00, 0x03,
    0xFF, 0x00, 0x03, 0xFF, 0x00, 0x03, 0x00, 0x00, 0x03, 0x00, 0x00, 0x03, 0x00, 0x00, 0x03,
    0x00, 0x00, 0x03, 0xFC, 0x00, 0x03, 0xFC, 0x00, 0x00, 0x03, 0x00, 0x00, 0x03, 0x00, 0x00,
    0x03, 0x00, 0x00, 0x03, 0x00, 0x03, 0x03, 0x00, 0x03, 0x03, 0x00, 0x00, 0xFC, 0x00, 0x00,
    0xFC, 0x00, 0x00, 0xFC, 0x00, 0x00, 0xFC, 0x00, 0x03, 0x03, 0x00, 0x03, 0x03, 0x00, 0x03,
    0x00, 0x00, 0x03, 0x00, 0x00, 0x03, 0xFC, 0x00, 0x03, 0xFC, 0x00, 0x03, 0x03, 0x00, 0x03,
    0x03, 0x00, 0x03, 0x03, 0x00, 0x03, 0x03, 0x00, 0x03, 0x03, 0x00, 0x03, 0x03, 0x00, 0x00,
    0xFC, 0x00, 0x00, 0xFC, 0x00, 0x03, 0xFF, 0x00, 0x03, 0xFF, 0x00, 0x00, 0x03, 0x00, 0x00,
    0x03, 0x00, 0x00, 0x03, 0x00, 0x00, 0x03, 0x00, 0x00, 0x0C, 0x00, 0x00, 0x0C, 0x00, 0x00,
    0x0C, 0x00, 0x00, 0x0C, 0x00, 0x00, 0x30, 0x00, 0x00, 0x30, 0x00, 0x00, 0x30, 0x00, 0x00,
    0x30, 0x00, 0x00, 0x30, 0x00, 0x00, 0x30, 0x00, 0x00, 0xFC, 0x00, 0x00, 0xFC, 0x00, 0x03,
    0x03, 0x00, 0x03, 0x03, 0x00, 0x03, 0x03, 0x00, 0x03, 0x03, 0x00, 0x00, 0xFC, 0x00, 0x00,
    0xFC, 0x00, 0x03, 0x03, 0x00, 0x03, 0x03, 0x00, 0x03, 0x03, 0x00, 0x03, 0x03, 0x00, 0x03,
    0x03, 0x00, 0x03, 0x03, 0x00, 0x00, 0xFC, 0x00, 0x00, 0xFC, 0x00, 0x00, 0xFC, 0x00, 0x00,
    0xFC, 0x00, 0x03, 0x03, 0x00, 0x03, 0x03, 0x00, 0x03, 0x03, 0x00, 0x03, 0x03, 0x00, 0x03,
    0x03, 0x00, 0x03, 0x03, 0x00, 0x00, 0xFF, 0x00, 0x00, 0xFF, 0x00, 0x00, 0x03, 0x00, 0x00,
    0x03, 0x00, 0x03, 0x03, 0x00, 0x03, 0x03, 0x00, 0x00, 0xFC, 0x00, 0x00, 0xFC, 0x00, 0x00,
    0x3C, 0x00, 0x00, 0x3C, 0x00, 0x00, 0x3C, 0x00, 0x00, 0x3C, 0x00, 0x00, 0x00, 0x00, 0x00,
    0x00, 0x00, 0x00, 0x00, 0x00, 0x00, 0x00, 0x00, 0x00, 0x00, 0x00, 0x00, 0x00, 0x00, 0x00,
    0x00, 0x00, 0x00, 0x00, 0x00, 0x00, 0x3C, 0x00, 0x00, 0x3C, 0x00, 0x00, 0x3C, 0x00, 0x00,
    0x3C, 0x00, 0x00, 0x00, 0x00, 0x00, 0x3C, 0x00, 0x00, 0x3C, 0x00, 0x00, 0x3C, 0x00, 0x00,
    0x3C, 0x00, 0x00, 0x00, 0x00, 0x00, 0x00, 0x00, 0x00, 0x00, 0x00, 0x00, 0x00, 0x00, 0x00,
    0x00, 0x00, 0x00, 0x00, 0x00, 0x00, 0x3C, 0x00, 0x00, 0x3C, 0x00, 0x00, 0x3C, 0x00, 0x00,
    0x3C, 0x00, 0x00, 0x0C, 0x00, 0x00, 0x0C, 0x00, 0x00, 0x30, 0x00, 0x00, 0x30, 0x00, 0x00,
    0x00, 0x00, 0x00, 0xFC, 0x00, 0x00, 0xFC, 0x00, 0x03, 0x03, 0x00, 0x03, 0x03, 0x00, 0x03,
    0x03, 0x00, 0x03, 0x03, 0x00, 0x00, 0x03, 0x00, 0x00, 0x03, 0x00, 0x00, 0x0C, 0x00, 0x00,
    0x0C, 0x00, 0x00, 0x30, 0x00, 0x00, 0x30, 0x00, 0x00, 0x30, 0x00, 0x00, 0x30, 0x00, 0x00,
    0x00, 0x00, 0x00, 0x00, 0x00, 0x00, 0x30, 0x00, 0x00, 0x30, 0x00, 0x00, 0x00, 0x00, 0x0F,
    0xC0, 0x0C, 0x0F, 0xC0, 0x0C, 0x30, 0x30, 0x30, 0x30, 0x30, 0x30, 0xC0, 0x0F, 0xC0, 0xC0,
    0x0F, 0xC0, 0x00, 0x00, 0x00, 0x00, 0x00, 0x00, 0x00, 0x00, 0x00, 0x00, 0x00, 0x00,
};
static const TableGlyph gfx_g1_glyphs[] = {
  {0x0020u,0u,0u,12,0,20,12,1},
  {0x0021u,0u,24u,12,0,36,12,16},
  {0x0022u,24u,24u,12,0,36,12,16},
  {0x0023u,48u,24u,12,0,36,12,16},
  {0x0024u,72u,32u,12,0,38,12,21},
  {0x0025u,104u,24u,12,0,36,12,16},
  {0x0026u,128u,24u,12,0,36,12,16},
  {0x0027u,152u,24u,12,0,36,12,16},
  {0x0028u,176u,32u,12,0,38,12,21},
  {0x0029u,208u,32u,12,0,38,12,21},
  {0x002Au,240u,18u,12,0,32,12,12},
  {0x002Bu,258u,18u,12,0,32,12,12},
  {0x002Cu,276u,11u,12,0,22,12,7},
  {0x002Du,287u,12u,12,0,28,12,8},
  {0x002Eu,299u,3u,12,0,22,12,2},
  {0x002Fu,302u,32u,12,0,38,12,21},
  {0x0030u,334u,24u,12,0,36,12,16},
  {0x0031u,358u,24u,12,0,36,12,16},
  {0x0032u,382u,24u,12,0,36,12,16},
  {0x0033u,406u,24u,12,0,36,12,16},
  {0x0034u,430u,24u,12,0,36,12,16},
  {0x0035u,454u,24u,12,0,36,12,16},
  {0x0036u,478u,24u,12,0,36,12,16},
  {0x0037u,502u,24u,12,0,36,12,16},
  {0x0038u,526u,24u,12,0,36,12,16},
  {0x0039u,550u,24u,12,0,36,12,16},
  {0x003Au,574u,18u,12,0,32,12,12},
  {0x003Bu,592u,26u,12,0,32,12,17},
  {0x003Cu,618u,21u,12,0,34,12,14},
  {0x003Du,639u,15u,12,0,30,12,10},
  {0x003Eu,654u,21u,12,0,34,12,14},
  {0x003Fu,675u,24u,12,0,36,12,16},
  {0x0040u,699u,29u,12,0,36,12,19},
  {0x0042u,728u,24u,12,0,36,12,16},
  {0x0043u,752u,24u,12,0,36,12,16},
  {0x0052u,776u,24u,12,0,36,12,16},
  {0x005Bu,800u,32u,12,0,38,12,21},
  {0x005Cu,832u,32u,12,0,38,12,21},
  {0x005Du,864u,32u,12,0,38,12,21},
  {0x005Eu,896u,24u,12,0,36,12,16},
  {0x005Fu,920u,8u,12,0,20,12,5},
  {0x0060u,928u,24u,12,0,36,12,16},
  {0x0061u,952u,18u,12,0,32,12,12},
  {0x0062u,970u,24u,12,0,36,12,16},
  {0x0063u,994u,18u,12,0,32,12,12},
  {0x0064u,1012u,24u,12,0,36,12,16},
  {0x0065u,1036u,18u,12,0,32,12,12},
  {0x0066u,1054u,24u,12,0,36,12,16},
  {0x0067u,1078u,26u,12,0,32,12,17},
  {0x0068u,1104u,24u,12,0,36,12,16},
  {0x0069u,1128u,24u,12,0,36,12,16},
  {0x006Au,1152u,32u,12,0,36,12,21},
  {0x006Bu,1184u,24u,12,0,36,12,16},
  {0x006Cu,1208u,24u,12,0,36,12,16},
  {0x006Du,1232u,18u,12,0,32,12,12},
  {0x006Eu,1250u,18u,12,0,32,12,12},
  {0x006Fu,1268u,18u,12,0,32,12,12},
  {0x0070u,1286u,26u,12,0,32,12,17},
  {0x0071u,1312u,26u,12,0,32,12,17},
  {0x0072u,1338u,18u,12,0,32,12,12},
  {0x0073u,1356u,18u,12,0,32,12,12},
  {0x0074u,1374u,24u,12,0,36,12,16},
  {0x0075u,1398u,18u,12,0,32,12,12},
  {0x0076u,1416u,18u,12,0,32,12,12},
  {0x0077u,1434u,18u,12,0,32,12,12},
  {0x0078u,1452u,18u,12,0,32,12,12},
  {0x0079u,1470u,26u,12,0,32,12,17},
  {0x007Au,1496u,18u,12,0,32,12,12},
  {0x007Bu,1514u,32u,12,0,38,12,21},
  {0x007Cu,1546u,32u,12,0,38,12,21},
  {0x007Du,1578u,32u,12,0,38,12,21},
  {0x007Eu,1610u,15u,12,0,30,12,10},
  {0x00A3u,1625u,24u,12,0,36,12,16},
  {0x00A5u,1649u,24u,12,0,36,12,16},
  {0x00B0u,1673u,27u,12,0,38,12,18},
  {0x00B1u,1700u,18u,12,0,32,12,12},
  {0x00B7u,1718u,12u,12,0,28,12,8},
  {0x2014u,1730u,24u,24,0,28,24,8},
  {0x2026u,1754u,3u,12,0,22,12,2},
  {0x2030u,1757u,57u,24,0,36,24,19},
  {0x20ACu,1814u,75u,24,0,40,24,25},
  {0x2190u,1889u,36u,24,0,32,24,12},
  {0x2191u,1925u,69u,24,0,38,24,23},
  {0x2192u,1994u,36u,24,0,32,24,12},
  {0x2193u,2030u,69u,24,0,38,24,23},
  {0x25A0u,2099u,69u,24,0,38,24,23},
  {0x25A1u,2168u,69u,24,0,38,24,23},
  {0x25B2u,2237u,57u,24,0,36,24,19},
  {0x25BCu,2294u,57u,24,0,36,24,19},
  {0x25C6u,2351u,69u,24,0,38,24,23},
  {0x25CBu,2420u,69u,24,0,38,24,23},
  {0x25CFu,2489u,69u,24,0,38,24,23},
  {0x2605u,2558u,69u,24,0,38,24,23},
  {0x2713u,2627u,75u,24,0,40,24,25},
  {0x2717u,2702u,75u,24,0,40,24,25},
  {0x3001u,2777u,21u,24,0,22,24,7},
  {0x3002u,2798u,27u,24,0,24,24,9},
  {0x300Au,2825u,69u,24,0,38,24,23},
  {0x300Bu,2894u,69u,24,0,38,24,23},
  {0x300Cu,2963u,54u,24,0,38,24,18},
  {0x300Du,3017u,51u,24,0,32,24,17},
  {0x300Eu,3068u,54u,24,0,38,24,18},
  {0x300Fu,3122u,51u,24,0,32,24,17},
  {0x3010u,3173u,69u,24,0,38,24,23},
  {0x3011u,3242u,69u,24,0,38,24,23},
  {0x4E00u,3311u,24u,24,0,28,24,8},
  {0x4E0Au,3335u,69u,24,0,38,24,23},
  {0x4E0Bu,3404u,69u,24,0,38,24,23},
  {0x4E0Du,3473u,69u,24,0,38,24,23},
  {0x4E2Au,3542u,69u,24,0,38,24,23},
  {0x4E2Du,3611u,69u,24,0,38,24,23},
  {0x4E3Bu,3680u,69u,24,0,38,24,23},
  {0x4EA4u,3749u,69u,24,0,38,24,23},
  {0x4EC5u,3818u,69u,24,0,38,24,23},
  {0x4ED8u,3887u,69u,24,0,38,24,23},
  {0x4EF6u,3956u,69u,24,0,38,24,23},
  {0x4EFDu,4025u,69u,24,0,38,24,23},
  {0x4F1Au,4094u,69u,24,0,38,24,23},
  {0x4F4Du,4163u,69u,24,0,38,24,23},
  {0x4F5Cu,4232u,69u,24,0,38,24,23},
  {0x4F60u,4301u,69u,24,0,38,24,23},
  {0x4FE1u,4370u,69u,24,0,38,24,23},
  {0x504Fu,4439u,69u,24,0,38,24,23},
  {0x5141u,4508u,69u,24,0,38,24,23},
  {0x5165u,4577u,69u,24,0,38,24,23},
  {0x5168u,4646u,69u,24,0,38,24,23},
  {0x516Cu,4715u,69u,24,0,38,24,23},
  {0x5173u,4784u,69u,24,0,38,24,23},
  {0x5185u,4853u,69u,24,0,38,24,23},
  {0x518Du,4922u,69u,24,0,38,24,23},
  {0x51B3u,4991u,69u,24,0,38,24,23},
  {0x51C6u,5060u,69u,24,0,38,24,23},
  {0x51CFu,5129u,69u,24,0,38,24,23},
  {0x51FAu,5198u,69u,24,0,38,24,23},
  {0x5220u,5267u,69u,24,0,38,24,23},
  {0x529Fu,5336u,69u,24,0,38,24,23},
  {0x52A0u,5405u,69u,24,0,38,24,23},
  {0x52A8u,5474u,69u,24,0,38,24,23},
  {0x5305u,5543u,69u,24,0,38,24,23},
  {0x5339u,5612u,69u,24,0,38,24,23},
  {0x534Fu,5681u,69u,24,0,38,24,23},
  {0x5355u,5750u,69u,24,0,38,24,23},
  {0x5373u,5819u,69u,24,0,38,24,23},
  {0x53D1u,5888u,69u,24,0,38,24,23},
  {0x53D6u,5957u,69u,24,0,38,24,23},
  {0x53EAu,6026u,69u,24,0,38,24,23},
  {0x53EFu,6095u,69u,24,0,38,24,23},
  {0x5426u,6164u,69u,24,0,38,24,23},
  {0x542Bu,6233u,69u,24,0,38,24,23},
  {0x542Fu,6302u,69u,24,0,38,24,23},
  {0x544Au,6371u,69u,24,0,38,24,23},
  {0x56DEu,6440u,69u,24,0,38,24,23},
  {0x56F4u,6509u,69u,24,0,38,24,23},
  {0x56FAu,6578u,69u,24,0,38,24,23},
  {0x56FEu,6647u,69u,24,0,38,24,23},
  {0x5728u,6716u,69u,24,0,38,24,23},
  {0x578Bu,6785u,69u,24,0,38,24,23},
  {0x589Eu,6854u,69u,24,0,38,24,23},
  {0x58F0u,6923u,69u,24,0,38,24,23},
  {0x5907u,6992u,69u,24,0,38,24,23},
  {0x590Du,7061u,69u,24,0,38,24,23},
  {0x591Au,7130u,69u,24,0,38,24,23},
  {0x5931u,7199u,69u,24,0,38,24,23},
  {0x5B58u,7268u,69u,24,0,38,24,23},
  {0x5B8Cu,7337u,69u,24,0,38,24,23},
  {0x5B9Au,7406u,69u,24,0,38,24,23},
  {0x5BB9u,7475u,69u,24,0,38,24,23},
  {0x5BC6u,7544u,69u,24,0,38,24,23},
  {0x5BF9u,7613u,69u,24,0,38,24,23},
  {0x5BFCu,7682u,69u,24,0,38,24,23},
  {0x5C06u,7751u,69u,24,0,38,24,23},
  {0x5C11u,7820u,69u,24,0,38,24,23},
  {0x5DF2u,7889u,69u,24,0,38,24,23},
  {0x5E01u,7958u,69u,24,0,38,24,23},
  {0x5EA6u,8027u,69u,24,0,38,24,23},
  {0x5F00u,8096u,69u,24,0,38,24,23},
  {0x6062u,8165u,69u,24,0,38,24,23},
  {0x606Fu,8234u,69u,24,0,38,24,23},
  {0x610Fu,8303u,69u,24,0,38,24,23},
  {0x6210u,8372u,69u,24,0,38,24,23},
  {0x6218u,8441u,69u,24,0,38,24,23},
  {0x624Bu,8510u,69u,24,0,38,24,23},
  {0x6253u,8579u,69u,24,0,38,24,23},
  {0x62D2u,8648u,69u,24,0,38,24,23},
  {0x62E9u,8717u,69u,24,0,38,24,23},
  {0x6309u,8786u,69u,24,0,38,24,23},
  {0x6311u,8855u,69u,24,0,38,24,23},
  {0x636Eu,8924u,69u,24,0,38,24,23},
  {0x6388u,8993u,69u,24,0,38,24,23},
  {0x6392u,9062u,69u,24,0,38,24,23},
  {0x64CDu,9131u,69u,24,0,38,24,23},
  {0x64E6u,9200u,69u,24,0,38,24,23},
  {0x6548u,9269u,69u,24,0,38,24,23},
  {0x6570u,9338u,69u,24,0,38,24,23},
  {0x6574u,9407u,69u,24,0,38,24,23},
  {0x6587u,9476u,69u,24,0,38,24,23},
  {0x65ADu,9545u,69u,24,0,38,24,23},
  {0x65B0u,9614u,69u,24,0,38,24,23},
  {0x65B9u,9683u,69u,24,0,38,24,23},
  {0x65E0u,9752u,69u,24,0,38,24,23},
  {0x65F6u,9821u,69u,24,0,38,24,23},
  {0x660Eu,9890u,69u,24,0,38,24,23},
  {0x6613u,9959u,69u,24,0,38,24,23},
  {0x662Fu,10028u,69u,24,0,38,24,23},
  {0x66F4u,10097u,69u,24,0,38,24,23},
  {0x6709u,10166u,69u,24,0,38,24,23},
  {0x671Fu,10235u,69u,24,0,38,24,23},
  {0x672Au,10304u,69u,24,0,38,24,23},
  {0x672Cu,10373u,69u,24,0,38,24,23},
  {0x673Au,10442u,69u,24,0,38,24,23},
  {0x6743u,10511u,69u,24,0,38,24,23},
  {0x675Fu,10580u,69u,24,0,38,24,23},
  {0x677Fu,10649u,69u,24,0,38,24,23},
  {0x6784u,10718u,69u,24,0,38,24,23},
  {0x679Cu,10787u,69u,24,0,38,24,23},
  {0x6838u,10856u,69u,24,0,38,24,23},
  {0x6B21u,10925u,69u,24,0,38,24,23},
  {0x6B3Eu,10994u,69u,24,0,38,24,23},
  {0x6B63u,11063u,69u,24,0,38,24,23},
  {0x6B64u,11132u,69u,24,0,38,24,23},
  {0x6C42u,11201u,69u,24,0,38,24,23},
  {0x6CA1u,11270u,69u,24,0,38,24,23},
  {0x6CD5u,11339u,69u,24,0,38,24,23},
  {0x6D88u,11408u,69u,24,0,38,24,23},
  {0x7248u,11477u,69u,24,0,38,24,23},
  {0x7528u,11546u,69u,24,0,38,24,23},
  {0x7535u,11615u,69u,24,0,38,24,23},
  {0x7684u,11684u,69u,24,0,38,24,23},
  {0x77E5u,11753u,69u,24,0,38,24,23},
  {0x7801u,11822u,69u,24,0,38,24,23},
  {0x786Eu,11891u,69u,24,0,38,24,23},
  {0x79C1u,11960u,69u,24,0,38,24,23},
  {0x79FBu,12029u,69u,24,0,38,24,23},
  {0x7A7Au,12098u,69u,24,0,38,24,23},
  {0x7ACBu,12167u,69u,24,0,38,24,23},
  {0x7AE0u,12236u,69u,24,0,38,24,23},
  {0x7B2Cu,12305u,69u,24,0,38,24,23},
  {0x7B7Eu,12374u,69u,24,0,38,24,23},
  {0x7ED3u,12443u,69u,24,0,38,24,23},
  {0x7EDDu,12512u,69u,24,0,38,24,23},
  {0x7EE7u,12581u,69u,24,0,38,24,23},
  {0x7EEDu,12650u,69u,24,0,38,24,23},
  {0x7F6Eu,12719u,69u,24,0,38,24,23},
  {0x7F72u,12788u,69u,24,0,38,24,23},
  {0x806Au,12857u,69u,24,0,38,24,23},
  {0x8282u,12926u,69u,24,0,38,24,23},
  {0x82B1u,12995u,69u,24,0,38,24,23},
  {0x8303u,13064u,69u,24,0,38,24,23},
  {0x83DCu,13133u,69u,24,0,38,24,23},
  {0x884Cu,13202u,69u,24,0,38,24,23},
  {0x89E3u,13271u,69u,24,0,38,24,23},
  {0x8A00u,13340u,69u,24,0,38,24,23},
  {0x8B66u,13409u,69u,24,0,38,24,23},
  {0x8BA4u,13478u,69u,24,0,38,24,23},
  {0x8BAEu,13547u,69u,24,0,38,24,23},
  {0x8BB8u,13616u,69u,24,0,38,24,23},
  {0x8BBEu,13685u,69u,24,0,38,24,23},
  {0x8BC1u,13754u,69u,24,0,38,24,23},
  {0x8BDDu,13823u,69u,24,0,38,24,23},
  {0x8BEDu,13892u,69u,24,0,38,24,23},
  {0x8BEFu,13961u,69u,24,0,38,24,23},
  {0x8BF7u,14030u,69u,24,0,38,24,23},
  {0x8BFBu,14099u,69u,24,0,38,24,23},
  {0x8C61u,14168u,69u,24,0,38,24,23},
  {0x8D39u,14237u,69u,24,0,38,24,23},
  {0x8D85u,14306u,69u,24,0,38,24,23},
  {0x8EABu,14375u,69u,24,0,38,24,23},
  {0x8F93u,14444u,69u,24,0,38,24,23},
  {0x8FC1u,14513u,69u,24,0,38,24,23},
  {0x8FC7u,14582u,69u,24,0,38,24,23},
  {0x8FD4u,14651u,69u,24,0,38,24,23},
  {0x8FDBu,14720u,69u,24,0,38,24,23},
  {0x9000u,14789u,69u,24,0,38,24,23},
  {0x9001u,14858u,69u,24,0,38,24,23},
  {0x9009u,14927u,69u,24,0,38,24,23},
  {0x90E8u,14996u,69u,24,0,38,24,23},
  {0x914Du,15065u,69u,24,0,38,24,23},
  {0x91CFu,15134u,69u,24,0,38,24,23},
  {0x91D1u,15203u,69u,24,0,38,24,23},
  {0x94A5u,15272u,69u,24,0,38,24,23},
  {0x94B1u,15341u,69u,24,0,38,24,23},
  {0x9501u,15410u,69u,24,0,38,24,23},
  {0x9519u,15479u,69u,24,0,38,24,23},
  {0x952Eu,15548u,69u,24,0,38,24,23},
  {0x957Fu,15617u,69u,24,0,38,24,23},
  {0x95F2u,15686u,69u,24,0,38,24,23},
  {0x9605u,15755u,69u,24,0,38,24,23},
  {0x961Fu,15824u,69u,24,0,38,24,23},
  {0x9650u,15893u,69u,24,0,38,24,23},
  {0x9664u,15962u,69u,24,0,38,24,23},
  {0x968Fu,16031u,69u,24,0,38,24,23},
  {0x989Du,16100u,69u,24,0,38,24,23},
  {0x9A8Cu,16169u,69u,24,0,38,24,23},
  {0x9AD8u,16238u,69u,24,0,38,24,23},
  {0xFF01u,16307u,57u,24,0,36,24,19},
  {0xFF08u,16364u,69u,24,0,38,24,23},
  {0xFF09u,16433u,69u,24,0,38,24,23},
  {0xFF0Cu,16502u,27u,24,0,24,24,9},
  {0xFF10u,16529u,48u,24,0,36,24,16},
  {0xFF11u,16577u,48u,24,0,36,24,16},
  {0xFF12u,16625u,48u,24,0,36,24,16},
  {0xFF13u,16673u,48u,24,0,36,24,16},
  {0xFF14u,16721u,48u,24,0,36,24,16},
  {0xFF15u,16769u,48u,24,0,36,24,16},
  {0xFF16u,16817u,48u,24,0,36,24,16},
  {0xFF17u,16865u,48u,24,0,36,24,16},
  {0xFF18u,16913u,48u,24,0,36,24,16},
  {0xFF19u,16961u,48u,24,0,36,24,16},
  {0xFF1Au,17009u,51u,24,0,34,24,17},
  {0xFF1Bu,17060u,57u,24,0,34,24,19},
  {0xFF1Fu,17117u,57u,24,0,36,24,19},
  {0xFF5Eu,17174u,30u,24,0,30,24,10},
};static const TableFont gfx_t1 = {
    gfx_g1_glyphs, 312, gfx_g1_bitmap,
    24, 20, 43, 24
};

static const uint8_t gfx_g2_bitmap[] = {
    0x44, 0x44, 0x44, 0x40, 0x40, 0x51, 0x45, 0x00, 0x00, 0x00, 0x00, 0x00, 0x48, 0x93, 0xF2,
    0x44, 0x89, 0x3F, 0x24, 0x48, 0x21, 0xCA, 0xA8, 0xA1, 0xC2, 0x8A, 0xA9, 0xC2, 0x00, 0x44,
    0xA4, 0x48, 0x08, 0x10, 0x20, 0x24, 0x4A, 0x44, 0x30, 0x91, 0x21, 0x86, 0x52, 0xA2, 0x44,
    0x74, 0x44, 0x40, 0x00, 0x00, 0x00, 0x10, 0x82, 0x10, 0x41, 0x04, 0x10, 0x20, 0x81, 0x00,
    0x40, 0x82, 0x04, 0x10, 0x41, 0x04, 0x20, 0x84, 0x00, 0x22, 0xA7, 0x2A, 0x20, 0x00, 0x20,
    0x8F, 0x88, 0x20, 0x00, 0x44, 0x80, 0xF8, 0x00, 0x00, 0x40, 0x08, 0x21, 0x04, 0x20, 0x82,
    0x10, 0x42, 0x08, 0x00, 0x72, 0x28, 0xA6, 0xAB, 0x28, 0xA2, 0x70, 0x21, 0x82, 0x08, 0x20,
    0x82, 0x08, 0x70, 0x72, 0x20, 0x82, 0x10, 0x84, 0x20, 0xF8, 0x72, 0x20, 0x82, 0x30, 0x20,
    0xA2, 0x70, 0x10, 0xC3, 0x14, 0x52, 0x4F, 0x84, 0x10, 0xFA, 0x08, 0x20, 0xF0, 0x20, 0xA2,
    0x70, 0x72, 0x28, 0x20, 0xF2, 0x28, 0xA2, 0x70, 0xF8, 0x20, 0x84, 0x10, 0x82, 0x08, 0x20,
    0x72, 0x28, 0xA2, 0x72, 0x28, 0xA2, 0x70, 0x72, 0x28, 0xA2, 0x78, 0x20, 0xA2, 0x70, 0x40,
    0x00, 0x04, 0x40, 0x00, 0x04, 0x48, 0x11, 0x11, 0x04, 0x10, 0x40, 0xF8, 0x0F, 0x80, 0x00,
    0x82, 0x08, 0x22, 0x22, 0x00, 0x72, 0x20, 0x82, 0x10, 0x82, 0x00, 0x20, 0x38, 0x44, 0x9A,
    0xAA, 0xAA, 0xAA, 0xAA, 0xB6, 0x40, 0x3C, 0xF9, 0x0A, 0x14, 0x2F, 0x90, 0xA1, 0x42, 0xF8,
    0x38, 0x8A, 0x04, 0x08, 0x10, 0x20, 0x22, 0x38, 0xF9, 0x0A, 0x14, 0x2F, 0x92, 0x22, 0x44,
    0x84, 0x71, 0x04, 0x10, 0x41, 0x04, 0x10, 0x41, 0x07, 0x00, 0x82, 0x04, 0x10, 0x20, 0x82,
    0x04, 0x10, 0x20, 0x80, 0x70, 0x41, 0x04, 0x10, 0x41, 0x04, 0x10, 0x47, 0x00, 0x21, 0x48,
    0x80, 0x00, 0x00, 0x00, 0x00, 0x03, 0xE0, 0x41, 0x00, 0x00, 0x00, 0x00, 0x00, 0x70, 0x27,
    0xA2, 0x89, 0xE0, 0x82, 0x08, 0x3C, 0x8A, 0x28, 0xA2, 0xF0, 0x72, 0x28, 0x20, 0x89, 0xC0,
    0x08, 0x20, 0x9E, 0x8A, 0x28, 0xA2, 0x78, 0x72, 0x2F, 0xA0, 0x89, 0xC0, 0x32, 0x11, 0xE4,
    0x21, 0x08, 0x40, 0x7A, 0x28, 0xA2, 0x89, 0xE0, 0x9C, 0x82, 0x08, 0x2C, 0xCA, 0x28, 0xA2,
    0x88, 0x40, 0x0C, 0x44, 0x44, 0xE0, 0x20, 0x0E, 0x22, 0x22, 0x22, 0xC0, 0x82, 0x08, 0x22,
    0xB3, 0x0A, 0x24, 0x88, 0xC4, 0x44, 0x44, 0x44, 0x60, 0xEC, 0x92, 0x92, 0x92, 0x92, 0x92,
    0xB3, 0x28, 0xA2, 0x8A, 0x20, 0x72, 0x28, 0xA2, 0x89, 0xC0, 0xF2, 0x28, 0xA2, 0x8B, 0xC8,
    0x20, 0x7A, 0x28, 0xA2, 0x89, 0xE0, 0x82, 0xB6, 0x21, 0x08, 0x40, 0x72, 0x26, 0x04, 0x89,
    0xC0, 0x42, 0x11, 0xE4, 0x21, 0x08, 0x30, 0x8A, 0x28, 0xA2, 0x99, 0xA0, 0x8A, 0x25, 0x14,
    0x20, 0x80, 0x92, 0x92, 0xAA, 0xAA, 0x44, 0x44, 0x89, 0x42, 0x08, 0x52, 0x20, 0x8A, 0x28,
    0x94, 0x50, 0x82, 0x30, 0xF8, 0x42, 0x10, 0x83, 0xE0, 0x18, 0x40, 0x81, 0x02, 0x08, 0x08,
    0x10, 0x20, 0x40, 0x60, 0x44, 0x44, 0x44, 0x44, 0x44, 0x40, 0x60, 0x20, 0x40, 0x81, 0x01,
    0x04, 0x08, 0x10, 0x21, 0x80, 0x42, 0xA1, 0x00, 0x00, 0x00, 0x72, 0x28, 0x20, 0x43, 0xC4,
    0x20, 0xF8, 0x8A, 0x25, 0x14, 0xF8, 0x8F, 0x88, 0x20, 0x64, 0xA4, 0xC0, 0x00, 0x00, 0x00,
    0x00, 0x20, 0x8F, 0x88, 0x23, 0xE0, 0x06, 0x00, 0x60, 0x00, 0x00, 0x00, 0x00, 0x00, 0xFF,
    0xE0, 0x00, 0x00, 0x00, 0x00, 0x00, 0x00, 0x66, 0x66, 0x66, 0x00, 0x00, 0x00, 0x00, 0x00,
    0x22, 0x05, 0x20, 0x24, 0x00, 0x40, 0x08, 0x01, 0x00, 0x12, 0x82, 0x54, 0x22, 0x80, 0xFF,
    0xF8, 0x01, 0x80, 0x18, 0x01, 0x80, 0x18, 0x01, 0x80, 0x18, 0x01, 0x80, 0x18, 0x01, 0x80,
    0x1F, 0xFF, 0x20, 0x04, 0x00, 0xFF, 0xE4, 0x00, 0x20, 0x00, 0x00, 0x00, 0x00, 0x04, 0x00,
    0xE0, 0x15, 0x00, 0x40, 0x04, 0x00, 0x40, 0x04, 0x00, 0x40, 0x04, 0x00, 0x40, 0x04, 0x00,
    0x00, 0x80, 0x04, 0xFF, 0xE0, 0x04, 0x00, 0x80, 0x00, 0x00, 0x00, 0x04, 0x00, 0x40, 0x04,
    0x00, 0x40, 0x04, 0x00, 0x40, 0x04, 0x00, 0x40, 0x15, 0x00, 0xE0, 0x04, 0x00, 0xFF, 0xEF,
    0xFE, 0xFF, 0xEF, 0xFE, 0xFF, 0xEF, 0xFE, 0xFF, 0xEF, 0xFE, 0xFF, 0xEF, 0xFE, 0xFF, 0xE0,
    0xFF, 0xE8, 0x02, 0x80, 0x28, 0x02, 0x80, 0x28, 0x02, 0x80, 0x28, 0x02, 0x80, 0x28, 0x02,
    0xFF, 0xE0, 0x04, 0x00, 0xE0, 0x0E, 0x01, 0xF0, 0x1F, 0x03, 0xF8, 0x3F, 0x87, 0xFC, 0x7F,
    0xC0, 0x7F, 0xC7, 0xFC, 0x3F, 0x83, 0xF8, 0x1F, 0x01, 0xF0, 0x0E, 0x00, 0xE0, 0x04, 0x00,
    0x04, 0x00, 0xE0, 0x1F, 0x03, 0xF8, 0x7F, 0xCF, 0xFE, 0x7F, 0xC3, 0xF8, 0x1F, 0x00, 0xE0,
    0x04, 0x00, 0x0E, 0x03, 0x18, 0x40, 0x44, 0x04, 0x80, 0x28, 0x02, 0x80, 0x24, 0x04, 0x40,
    0x43, 0x18, 0x0E, 0x00, 0x0E, 0x03, 0xF8, 0x7F, 0xC7, 0xFC, 0xFF, 0xEF, 0xFE, 0xFF, 0xE7,
    0xFC, 0x7F, 0xC3, 0xF8, 0x0E, 0x00, 0x04, 0x00, 0x40, 0x0E, 0x00, 0xE0, 0xFF, 0xE3, 0xF8,
    0x1F, 0x01, 0xF0, 0x3B, 0x83, 0x18, 0x40, 0x40, 0xFF, 0xF8, 0x01, 0x80, 0x18, 0x01, 0x80,
    0x18, 0x01, 0x80, 0x18, 0x01, 0x80, 0x18, 0x01, 0x80, 0x1F, 0xFF, 0xFF, 0xF8, 0x01, 0x80,
    0x18, 0x01, 0x80, 0x18, 0x01, 0x80, 0x18, 0x01, 0x80, 0x18, 0x01, 0x80, 0x1F, 0xFF, 0x40,
    0x03, 0x00, 0x10, 0x00, 0x30, 0x04, 0x80, 0x48, 0x03, 0x00, 0x02, 0x40, 0x24, 0x04, 0x80,
    0x48, 0x09, 0x00, 0x90, 0x09, 0x00, 0x48, 0x04, 0x80, 0x24, 0x02, 0x40, 0x48, 0x04, 0x80,
    0x24, 0x02, 0x40, 0x12, 0x01, 0x20, 0x12, 0x02, 0x40, 0x24, 0x04, 0x80, 0x48, 0x00, 0x03,
    0xC0, 0x20, 0x02, 0x00, 0x20, 0x02, 0x00, 0x20, 0x02, 0x00, 0x20, 0x00, 0x00, 0x00, 0x08,
    0x00, 0x80, 0x08, 0x00, 0x80, 0x08, 0x00, 0x80, 0x08, 0x07, 0x80, 0x07, 0xC0, 0x44, 0x05,
    0xC0, 0x50, 0x05, 0x00, 0x50, 0x05, 0x00, 0x70, 0x00, 0x00, 0x00, 0x1C, 0x01, 0x40, 0x14,
    0x01, 0x40, 0x14, 0x07, 0x40, 0x44, 0x07, 0xC0, 0x07, 0xC0, 0x78, 0x07, 0x00, 0x70, 0x06,
    0x00, 0x60, 0x06, 0x00, 0x70, 0x07, 0x00, 0x78, 0x07, 0xC0, 0x7C, 0x03, 0xC0, 0x1C, 0x01,
    0xC0, 0x0C, 0x00, 0xC0, 0x0C, 0x01, 0xC0, 0x1C, 0x03, 0xC0, 0x7C, 0x00, 0xFF, 0xE0, 0x00,
    0x00, 0x00, 0x00, 0x00, 0x00, 0x04, 0x00, 0x40, 0x04, 0x00, 0x40, 0x07, 0xC0, 0x40, 0x04,
    0x00, 0x40, 0x04, 0x00, 0x40, 0xFF, 0xE0, 0xFF, 0xE0, 0x40, 0x04, 0x00, 0x40, 0x05, 0x00,
    0x48, 0x04, 0x40, 0x40, 0x04, 0x00, 0x40, 0x04, 0x00, 0xFF, 0xE0, 0x20, 0x04, 0x00, 0xC0,
    0x15, 0x02, 0x48, 0xC4, 0x40, 0x42, 0x04, 0x00, 0x40, 0x04, 0x00, 0x04, 0x00, 0xA0, 0x11,
    0x02, 0x08, 0xC4, 0x60, 0x40, 0x04, 0x00, 0x40, 0x04, 0x00, 0x40, 0x04, 0x00, 0x04, 0x00,
    0x40, 0xFF, 0xE8, 0x42, 0x84, 0x28, 0x42, 0xFF, 0xE0, 0x40, 0x04, 0x00, 0x40, 0x04, 0x00,
    0x08, 0x00, 0x40, 0xFF, 0xE0, 0x40, 0x04, 0x00, 0x40, 0x7F, 0xC0, 0x40, 0x04, 0x00, 0x40,
    0xFF, 0xE0, 0x04, 0x0F, 0xFE, 0x00, 0x01, 0x10, 0x20, 0x8D, 0x16, 0x0A, 0x00, 0x40, 0x0A,
    0x03, 0x18, 0xC0, 0x60, 0x2F, 0xE2, 0x82, 0x48, 0x24, 0x82, 0xC4, 0x44, 0x44, 0x44, 0x44,
    0x28, 0x41, 0x04, 0x28, 0x4C, 0x60, 0x20, 0x82, 0x08, 0x4F, 0xE4, 0x08, 0xC0, 0x84, 0x88,
    0x44, 0x84, 0x48, 0x40, 0x84, 0x08, 0x43, 0x80, 0x29, 0x02, 0x90, 0x4F, 0xE5, 0x10, 0xC1,
    0x04, 0x10, 0x5F, 0xE4, 0x10, 0x41, 0x04, 0x10, 0x41, 0x00, 0x24, 0x82, 0x48, 0x48, 0x44,
    0x84, 0xD0, 0x24, 0xFC, 0x44, 0x44, 0x44, 0x48, 0x44, 0x84, 0x51, 0x80, 0x04, 0x00, 0xA0,
    0x31, 0x8C, 0x06, 0x3F, 0x80, 0x00, 0x00, 0x0F, 0xFE, 0x10, 0x02, 0x08, 0x7F, 0x40, 0x22,
    0x02, 0x10, 0x5F, 0xE4, 0x00, 0xC8, 0x44, 0x84, 0x44, 0x44, 0x48, 0x44, 0x84, 0x10, 0x5F,
    0xE0, 0x24, 0x02, 0x40, 0x47, 0xE4, 0xA0, 0xD2, 0x04, 0x3E, 0x42, 0x04, 0x20, 0x43, 0xE4,
    0x20, 0x42, 0x00, 0x28, 0x02, 0xFE, 0x48, 0x25, 0x12, 0xC1, 0x04, 0x54, 0x45, 0x44, 0x92,
    0x51, 0x24, 0x10, 0x43, 0x00, 0x22, 0x02, 0x10, 0x5F, 0xE4, 0x00, 0xCF, 0xC4, 0x00, 0x4F,
    0xC4, 0x00, 0x4F, 0xC4, 0x84, 0x4F, 0xC0, 0x21, 0x02, 0xFE, 0x48, 0x24, 0xFE, 0xC8, 0x04,
    0xFE, 0x4A, 0xA4, 0xAA, 0x4F, 0xE4, 0xAA, 0x52, 0xA0, 0x04, 0x00, 0x80, 0x11, 0x02, 0x08,
    0x7F, 0xC1, 0x14, 0x11, 0x01, 0x10, 0x11, 0x22, 0x12, 0xC1, 0xE0, 0x10, 0x00, 0x80, 0x04,
    0x00, 0x40, 0x0A, 0x00, 0xA0, 0x11, 0x01, 0x10, 0x20, 0x84, 0x04, 0x80, 0x20, 0x04, 0x00,
    0xA0, 0x31, 0x8C, 0x06, 0x3F, 0x80, 0x40, 0x04, 0x07, 0xFC, 0x04, 0x00, 0x40, 0xFF, 0xE0,
    0x11, 0x01, 0x10, 0x20, 0x82, 0x08, 0x40, 0x48, 0x82, 0x08, 0x01, 0x08, 0x10, 0x82, 0x34,
    0x7C, 0x40, 0x20, 0x81, 0x10, 0x7F, 0xC0, 0x40, 0x04, 0x00, 0x40, 0xFF, 0xE0, 0xA0, 0x11,
    0x02, 0x08, 0xC0, 0x60, 0x04, 0x00, 0x40, 0xFF, 0xE8, 0x42, 0x84, 0x28, 0xA2, 0x91, 0x2A,
    0x0A, 0x80, 0x28, 0x02, 0x80, 0xE0, 0xFF, 0xE0, 0x40, 0x7F, 0xC4, 0x44, 0x7F, 0xC4, 0x44,
    0x44, 0x4F, 0xFE, 0x40, 0x44, 0x04, 0x41, 0xC0, 0x82, 0x04, 0x20, 0x4F, 0xC0, 0x24, 0x02,
    0x40, 0x24, 0x5F, 0xE4, 0x20, 0x45, 0x08, 0x88, 0xB0, 0x60, 0x85, 0x04, 0x48, 0x4F, 0xE1,
    0x88, 0x0F, 0xE0, 0x88, 0x48, 0x84, 0xFE, 0x48, 0x88, 0x88, 0x8F, 0xE0, 0x80, 0xA4, 0x0A,
    0x4F, 0xE0, 0x88, 0x0E, 0xA0, 0x8A, 0x4E, 0xA4, 0xA4, 0x4E, 0x48, 0x8A, 0x93, 0x20, 0x04,
    0x04, 0x44, 0x44, 0x44, 0x44, 0x7F, 0xC0, 0x40, 0x04, 0x08, 0x42, 0x84, 0x28, 0x42, 0xFF,
    0xE0, 0xEE, 0x2A, 0xAA, 0xAA, 0xAA, 0xAA, 0xAA, 0xAF, 0xFA, 0xAA, 0xAA, 0xAA, 0xAA, 0x2A,
    0xA2, 0x76, 0xE0, 0x02, 0x0F, 0x20, 0x2F, 0xE2, 0x22, 0x22, 0x22, 0x22, 0x22, 0x23, 0x22,
    0xC4, 0x20, 0x42, 0x08, 0xC0, 0x20, 0x02, 0x1E, 0xFD, 0x22, 0x52, 0x25, 0x22, 0x52, 0x25,
    0x22, 0x52, 0x45, 0x24, 0x52, 0x99, 0xE0, 0x01, 0x07, 0x90, 0x07, 0xE0, 0x12, 0xF9, 0x22,
    0x12, 0x41, 0x24, 0x92, 0x9A, 0x2E, 0xA2, 0x04, 0xC0, 0x20, 0x03, 0xFC, 0x40, 0x4B, 0xE4,
    0x22, 0x42, 0x24, 0x3E, 0x42, 0x1C, 0x20, 0x02, 0x02, 0x1F, 0xE0, 0xFF, 0xE8, 0x90, 0x89,
    0x08, 0x90, 0x89, 0x09, 0x12, 0x91, 0x2A, 0x1E, 0x80, 0x08, 0x00, 0xFF, 0xE0, 0x44, 0x04,
    0x40, 0x5F, 0x8E, 0x48, 0x44, 0x84, 0xCC, 0x54, 0xA4, 0x4A, 0x48, 0x84, 0x88, 0x53, 0x00,
    0x20, 0x81, 0x10, 0x7F, 0xC4, 0x44, 0x7F, 0xC4, 0x44, 0x7F, 0xC0, 0x40, 0xFF, 0xE0, 0x40,
    0x04, 0x00, 0xFB, 0xE8, 0xA2, 0x8A, 0x2F, 0xA2, 0x8A, 0x28, 0xA2, 0xFA, 0x29, 0x22, 0x92,
    0x2A, 0xAE, 0xCA, 0x00, 0x49, 0x04, 0x88, 0x88, 0x0F, 0xFE, 0x10, 0x01, 0xF8, 0x28, 0x82,
    0x50, 0x42, 0x04, 0xD8, 0xB0, 0x60, 0xFC, 0x04, 0xBE, 0x7A, 0x24, 0xA2, 0x4A, 0x27, 0xA2,
    0x49, 0x44, 0x94, 0x5C, 0x8E, 0x94, 0x0A, 0x20, 0x7F, 0xC4, 0x04, 0x40, 0x44, 0x04, 0x40,
    0x47, 0xFC, 0x00, 0x00, 0x00, 0x20, 0x84, 0x04, 0x80, 0x20, 0xFF, 0xE0, 0x04, 0x00, 0x43,
    0xE4, 0x22, 0x42, 0x24, 0x22, 0x43, 0xE4, 0x00, 0x40, 0x04, 0x01, 0xC0, 0xFF, 0xE0, 0x20,
    0x0C, 0x03, 0x58, 0xC4, 0x60, 0x40, 0x00, 0x07, 0xFC, 0x40, 0x44, 0x04, 0x7F, 0xC0, 0x0E,
    0x03, 0x18, 0xC4, 0x60, 0x20, 0x7F, 0xC0, 0x08, 0x01, 0x07, 0xFC, 0x40, 0x44, 0x04, 0x7F,
    0xC0, 0x02, 0x03, 0xFE, 0x20, 0x22, 0x02, 0x3F, 0xE2, 0x00, 0x3F, 0xE3, 0x02, 0x50, 0x25,
    0x02, 0x9F, 0xE0, 0x44, 0x07, 0xFC, 0x84, 0x00, 0x40, 0xFF, 0xE0, 0x00, 0x7F, 0xC4, 0x04,
    0x40, 0x44, 0x04, 0x7F, 0xC0, 0xFF, 0xE8, 0x02, 0x80, 0x29, 0xF2, 0x91, 0x29, 0x12, 0x91,
    0x29, 0xF2, 0x80, 0x28, 0x02, 0xFF, 0xE0, 0xFF, 0xE8, 0x42, 0xBF, 0xA8, 0x42, 0x9F, 0x28,
    0x42, 0xBF, 0xA8, 0x4A, 0x85, 0xA8, 0x42, 0xFF, 0xE0, 0xFF, 0xE8, 0x42, 0x84, 0x2B, 0xFA,
    0x84, 0x29, 0xF2, 0x91, 0x29, 0x12, 0x9F, 0x28, 0x02, 0xFF, 0xE0, 0xFF, 0xE8, 0x82, 0x8F,
    0x2B, 0x12, 0x8E, 0x2F, 0x1E, 0x8C, 0x28, 0x32, 0x98, 0x28, 0x62, 0xFF, 0xE0, 0x08, 0x00,
    0x80, 0xFF, 0xE1, 0x00, 0x11, 0x02, 0x10, 0x6F, 0xEA, 0x10, 0x21, 0x02, 0x10, 0x2F, 0xE0,
    0xFE, 0x22, 0x4A, 0x24, 0xAF, 0xEA, 0x24, 0xA4, 0x42, 0x80, 0x60, 0x40, 0x7F, 0xC0, 0x40,
    0xFF, 0xE0, 0x44, 0x45, 0xFE, 0x51, 0x2F, 0x56, 0x5F, 0xE4, 0x00, 0x4F, 0xC6, 0x84, 0xCF,
    0xC0, 0x84, 0x0F, 0xC0, 0x04, 0x0F, 0xFE, 0x04, 0x07, 0xFC, 0x00, 0x07, 0xFC, 0x44, 0x47,
    0xFC, 0x40, 0x04, 0x00, 0x80, 0x00, 0x10, 0x03, 0xF8, 0xD1, 0x00, 0xE0, 0x31, 0x8C, 0x06,
    0x7F, 0xC4, 0x44, 0x7F, 0xC4, 0x44, 0x7F, 0xC0, 0x40, 0x07, 0xFE, 0xA0, 0x43, 0xFC, 0x20,
    0x43, 0xFC, 0x08, 0x01, 0xFC, 0x70, 0x80, 0xF0, 0xF0, 0xE0, 0x04, 0x00, 0xF8, 0x70, 0x80,
    0x90, 0x06, 0x81, 0x9E, 0xE2, 0x21, 0xC2, 0x02, 0x40, 0x18, 0x3E, 0x00, 0x24, 0x02, 0x40,
    0x3F, 0xC4, 0x40, 0x84, 0x00, 0x40, 0xFF, 0xE0, 0xA0, 0x11, 0x02, 0x08, 0xC0, 0x60, 0x08,
    0x0F, 0xFE, 0x10, 0x02, 0x7C, 0x20, 0x86, 0x10, 0xA1, 0x02, 0xFE, 0x21, 0x02, 0x10, 0x23,
    0x00, 0x04, 0x0F, 0xFE, 0x80, 0x2B, 0xFA, 0x00, 0x00, 0x00, 0xFF, 0xE1, 0x10, 0x11, 0x02,
    0x12, 0xC1, 0xE0, 0x04, 0x0F, 0xFE, 0x80, 0x20, 0x00, 0x7F, 0xC0, 0x40, 0x24, 0x02, 0x7C,
    0x24, 0x05, 0xC0, 0x83, 0xE0, 0x04, 0x0F, 0xFE, 0x91, 0x26, 0x4C, 0x0A, 0x03, 0x18, 0xC0,
    0x63, 0xF8, 0x20, 0x82, 0x08, 0x3F, 0x80, 0x04, 0x0F, 0xFE, 0x89, 0x25, 0x24, 0x9C, 0x23,
    0x08, 0xDF, 0x80, 0x00, 0x44, 0x44, 0x44, 0x7F, 0xC0, 0x00, 0x4F, 0x04, 0x17, 0xE9, 0x04,
    0x50, 0x45, 0x44, 0x22, 0x42, 0x24, 0x50, 0x45, 0x04, 0x81, 0xC0, 0x7F, 0xC4, 0x04, 0x7F,
    0xC4, 0x00, 0x40, 0x23, 0xFE, 0x00, 0x8F, 0xFE, 0x20, 0x81, 0x08, 0x03, 0x80, 0x21, 0xE2,
    0xE2, 0xA2, 0x46, 0x18, 0x2E, 0x02, 0x04, 0x6F, 0xEA, 0x04, 0x24, 0x42, 0x24, 0x20, 0xC0,
    0x04, 0x00, 0x40, 0x24, 0x82, 0x44, 0x44, 0x28, 0x42, 0x04, 0x80, 0x10, 0x06, 0x01, 0x80,
    0xE0, 0x00, 0x7F, 0xC0, 0x04, 0x00, 0x44, 0x04, 0x40, 0x47, 0xFC, 0x40, 0x04, 0x00, 0x40,
    0x24, 0x02, 0x3F, 0xE0, 0x03, 0xEF, 0xC0, 0x04, 0x00, 0x40, 0x7F, 0xC4, 0x44, 0x44, 0x44,
    0x44, 0x44, 0xC0, 0x40, 0x04, 0x00, 0x02, 0x07, 0xFE, 0x48, 0x87, 0xFE, 0x48, 0x84, 0xF8,
    0x40, 0x05, 0xFC, 0x48, 0x84, 0x70, 0xB8, 0xE0, 0xFF, 0xE2, 0x08, 0x20, 0x82, 0x08, 0x20,
    0x8F, 0xFE, 0x20, 0x82, 0x08, 0x40, 0x84, 0x08, 0x80, 0x80, 0x24, 0x02, 0xFE, 0xA4, 0x0B,
    0x48, 0xA4, 0xAA, 0x5A, 0x26, 0xC2, 0x48, 0x24, 0x82, 0x94, 0x26, 0x20, 0x08, 0x03, 0xF8,
    0x20, 0x83, 0xF8, 0x20, 0x83, 0xF8, 0x20, 0x83, 0xF8, 0x54, 0x45, 0x2A, 0x8F, 0xA0, 0x04,
    0x07, 0xFC, 0x11, 0x0F, 0xFE, 0x20, 0x83, 0xF8, 0x20, 0x83, 0xF8, 0x14, 0x45, 0x2A, 0x8F,
    0xA0, 0x02, 0x80, 0x24, 0x7F, 0xE4, 0x20, 0x7A, 0x44, 0xA4, 0x4A, 0x84, 0x90, 0x59, 0x24,
    0x2A, 0x8C, 0x60, 0x21, 0x42, 0x12, 0x39, 0x02, 0x1E, 0x27, 0x02, 0x12, 0xF9, 0x48, 0x88,
    0x88, 0xA8, 0x96, 0xFA, 0x20, 0x03, 0xC7, 0xC0, 0x04, 0x00, 0x40, 0x7F, 0xC0, 0x40, 0x04,
    0x0F, 0xFE, 0x04, 0x00, 0x40, 0x1C, 0x00, 0x27, 0xE2, 0x08, 0xF0, 0x82, 0x08, 0x20, 0x83,
    0x08, 0xE0, 0x82, 0x08, 0x20, 0x82, 0x08, 0xE3, 0x80, 0x4F, 0xE4, 0x80, 0xE8, 0x04, 0xFC,
    0x48, 0x46, 0x84, 0xC8, 0x44, 0xFC, 0x48, 0x04, 0x80, 0xCF, 0xE0, 0x4F, 0xE4, 0x82, 0xE4,
    0x44, 0x38, 0x4C, 0x66, 0x10, 0xC7, 0xC4, 0x10, 0x4F, 0xE4, 0x10, 0xC1, 0x00, 0x41, 0x04,
    0xFE, 0xE8, 0x24, 0x10, 0x41, 0x06, 0xFE, 0xC2, 0x44, 0x44, 0x42, 0x84, 0x18, 0xCE, 0x60,
    0x42, 0x84, 0x28, 0xEA, 0xA4, 0x6C, 0x42, 0x86, 0x28, 0xC6, 0xC4, 0xAA, 0x42, 0x84, 0x4A,
    0xD8, 0xE0, 0x4F, 0xE4, 0x82, 0xE8, 0x24, 0xFE, 0x48, 0x86, 0xFE, 0xC8, 0x84, 0xBE, 0x4A,
    0x24, 0xA2, 0xD3, 0xE0, 0x40, 0xC5, 0xF0, 0xEA, 0x24, 0x54, 0x5F, 0xE7, 0x02, 0xCF, 0xC4,
    0x84, 0x44, 0x84, 0x30, 0xDC, 0xE0, 0x42, 0x84, 0x28, 0xEE, 0xE4, 0x28, 0x42, 0x86, 0xEE,
    0xC2, 0x84, 0x28, 0x4E, 0xE4, 0x28, 0xC2, 0x80, 0x47, 0xC4, 0x44, 0xE7, 0xC4, 0xEE, 0x4A,
    0xA6, 0xEE, 0xC1, 0x04, 0xFE, 0x43, 0x84, 0x54, 0xC9, 0x20, 0x41, 0x04, 0xFE, 0xE8, 0x24,
    0x6C, 0x4A, 0xA6, 0x44, 0xCB, 0xA4, 0x00, 0x4F, 0xE4, 0x54, 0xCB, 0x20, 0x11, 0x0F, 0xD0,
    0x01, 0xE4, 0xA4, 0x85, 0x44, 0x94, 0x49, 0x42, 0x94, 0x10, 0x82, 0x94, 0xC6, 0x20, 0x95,
    0x05, 0x90, 0xFD, 0xE3, 0x24, 0x59, 0x49, 0x54, 0x21, 0x4F, 0xD4, 0x24, 0x83, 0x94, 0xC6,
    0x20, 0x11, 0x0F, 0xFE, 0x55, 0x47, 0xD4, 0x38, 0x85, 0x54, 0xFF, 0xE0, 0x40, 0x27, 0xC2,
    0x40, 0xFF, 0xE0, 0x08, 0x00, 0x40, 0xFF, 0xE2, 0x08, 0x20, 0x81, 0x10, 0x11, 0x00, 0xA0,
    0x04, 0x01, 0xB0, 0xE0, 0xE0, 0x90, 0x6D, 0x78, 0xBA, 0x09, 0x20, 0xFF, 0xE9, 0x24, 0xBA,
    0x4D, 0x64, 0x92, 0x48, 0x24, 0xFC, 0x40, 0x10, 0x6F, 0xD8, 0x45, 0x02, 0x90, 0xFD, 0xE1,
    0x14, 0xFD, 0x41, 0x14, 0x55, 0x49, 0x24, 0x32, 0x40, 0x08, 0x00, 0x40, 0xFF, 0xE0, 0x80,
    0x08, 0x00, 0xFC, 0x08, 0x41, 0x04, 0x10, 0x42, 0x04, 0xC1, 0x80, 0x7F, 0xC0, 0x40, 0x04,
    0x00, 0x40, 0xFF, 0xE0, 0xA0, 0x0A, 0x01, 0x20, 0x12, 0x22, 0x22, 0xC3, 0xE0, 0x00, 0x4F,
    0x04, 0x97, 0xE9, 0x04, 0x90, 0x4F, 0x44, 0x92, 0x49, 0x24, 0x90, 0x4F, 0x04, 0x01, 0xC0,
    0xF7, 0xE9, 0x42, 0x94, 0x29, 0x7E, 0xF4, 0x29, 0x42, 0x97, 0xE9, 0x42, 0xF4, 0x20, 0x82,
    0x10, 0xE0, 0x7F, 0xC4, 0x04, 0x7F, 0xC4, 0x04, 0x7F, 0xC2, 0x00, 0x3F, 0xE4, 0x92, 0x89,
    0x21, 0x22, 0x24, 0xC0, 0x7F, 0xC4, 0x04, 0x7F, 0xC4, 0x04, 0x7F, 0xC0, 0x00, 0xFF, 0xE2,
    0x40, 0x27, 0xC5, 0xC0, 0x83, 0xE0, 0xFF, 0xE0, 0x40, 0x7F, 0xC4, 0x44, 0x7F, 0xC4, 0x44,
    0x7F, 0xC4, 0x40, 0x24, 0x01, 0x80, 0xE7, 0xE0, 0x08, 0x0F, 0xFE, 0x10, 0x02, 0x00, 0x3F,
    0xC6, 0x04, 0xBF, 0xC2, 0x04, 0x3F, 0xC2, 0x04, 0x21, 0xC0, 0x49, 0xEF, 0xD2, 0x49, 0x27,
    0x9E, 0x49, 0x27, 0x92, 0x49, 0xEF, 0xD2, 0x01, 0x24, 0xA2, 0x84, 0x60, 0x04, 0x00, 0x40,
    0x7F, 0xC0, 0x40, 0x04, 0x0F, 0xFE, 0x15, 0x01, 0x50, 0x24, 0x8C, 0x46, 0x04, 0x00, 0x04,
    0x00, 0x40, 0xFF, 0xE1, 0x50, 0x15, 0x01, 0x50, 0x24, 0x82, 0x48, 0x5F, 0x48, 0x42, 0x04,
    0x00, 0x27, 0x82, 0x48, 0xF4, 0x82, 0x48, 0x24, 0x86, 0x48, 0x74, 0x8A, 0x48, 0x24, 0xA2,
    0x4A, 0x28, 0xE0, 0x2F, 0xE2, 0x82, 0xF8, 0x22, 0x82, 0x24, 0x46, 0x44, 0x74, 0x4A, 0x28,
    0x21, 0x02, 0x28, 0x2C, 0x60, 0x04, 0x0F, 0xFE, 0x04, 0x07, 0xFC, 0x44, 0x44, 0x44, 0x7F,
    0xC1, 0x50, 0x24, 0x8C, 0x46, 0x04, 0x00, 0x20, 0x62, 0x78, 0xF4, 0x02, 0x40, 0x27, 0xE6,
    0x42, 0x76, 0x2A, 0x54, 0x24, 0x82, 0x54, 0x2A, 0x20, 0x24, 0x02, 0x7E, 0xF4, 0x22, 0xA2,
    0x22, 0x26, 0x22, 0x74, 0xAA, 0x4A, 0x2F, 0x62, 0x02, 0x20, 0xC0, 0x7F, 0xC4, 0x44, 0x7F,
    0xC4, 0x44, 0x7F, 0xC0, 0x40, 0xFF, 0xE1, 0x50, 0x24, 0x8C, 0x46, 0x04, 0x00, 0x21, 0x02,
    0xFE, 0xF2, 0x02, 0x44, 0x2F, 0x86, 0x10, 0x72, 0x2A, 0xC4, 0x20, 0x82, 0x34, 0x2C, 0x20,
    0x84, 0x04, 0x40, 0x47, 0xE0, 0x82, 0x11, 0x40, 0x10, 0x41, 0x04, 0x28, 0x42, 0x88, 0x44,
    0x98, 0x20, 0x21, 0x0F, 0x90, 0x21, 0xEF, 0xA2, 0x02, 0xAF, 0x88, 0x00, 0x8F, 0x88, 0x31,
    0x4A, 0x94, 0x62, 0x20, 0xFF, 0xE0, 0x40, 0x04, 0x00, 0x40, 0x24, 0x02, 0x7C, 0x24, 0x02,
    0x40, 0x24, 0x02, 0x40, 0xFF, 0xE0, 0x11, 0x01, 0x10, 0x11, 0x25, 0x14, 0x5D, 0x85, 0x10,
    0x51, 0x05, 0x10, 0x51, 0x25, 0xD2, 0xE0, 0xE0, 0x04, 0x80, 0x44, 0xFF, 0xE0, 0x40, 0x44,
    0x42, 0x68, 0x05, 0x00, 0xC8, 0x34, 0x4C, 0x42, 0x1C, 0x00, 0x47, 0x82, 0x48, 0x04, 0x88,
    0x48, 0x58, 0xE0, 0x00, 0x0F, 0xC4, 0x84, 0x44, 0x88, 0x30, 0x9C, 0xE0, 0x41, 0x02, 0x10,
    0x0F, 0xC8, 0x10, 0x41, 0x01, 0xFE, 0x02, 0x04, 0x44, 0x44, 0x48, 0x9A, 0x9E, 0x20, 0x49,
    0x22, 0x54, 0x01, 0x08, 0xFE, 0x48, 0x20, 0xFE, 0x08, 0x24, 0xFE, 0x48, 0x28, 0x82, 0x88,
    0x60, 0x50, 0x65, 0x78, 0x54, 0x07, 0xC0, 0x47, 0xE4, 0x42, 0x76, 0x25, 0x54, 0x54, 0x85,
    0x54, 0x9A, 0x20, 0x7F, 0xC4, 0x44, 0x44, 0x47, 0xFC, 0x44, 0x44, 0x44, 0x7F, 0xC4, 0x44,
    0x44, 0x44, 0x44, 0x84, 0xC0, 0x08, 0x0F, 0xF8, 0x88, 0x88, 0x88, 0xFF, 0x88, 0x88, 0x88,
    0x8F, 0xF8, 0x08, 0x20, 0x82, 0x07, 0xE0, 0x22, 0x04, 0x20, 0xFB, 0xE8, 0xC2, 0x88, 0x28,
    0x92, 0xF8, 0xA8, 0x8A, 0x88, 0x28, 0x82, 0xF8, 0xC0, 0x40, 0x07, 0xDE, 0x51, 0x29, 0x12,
    0x11, 0x2F, 0xD2, 0x11, 0x22, 0x92, 0x25, 0x24, 0x5E, 0x80, 0x00, 0xF7, 0xC2, 0x04, 0x22,
    0x44, 0x24, 0x72, 0x4D, 0x3E, 0x50, 0x25, 0x02, 0x57, 0xA7, 0x02, 0x01, 0xC0, 0xF2, 0x02,
    0x3C, 0x24, 0x44, 0xFE, 0x75, 0x2D, 0x7E, 0x55, 0x25, 0x7E, 0x55, 0x27, 0x52, 0x09, 0x60,
    0x19, 0x0E, 0x10, 0x21, 0x02, 0x10, 0xF9, 0x02, 0x20, 0x72, 0x46, 0xA4, 0xA4, 0x22, 0x4E,
    0x2F, 0x20, 0x11, 0x0E, 0x3E, 0x2C, 0x22, 0x24, 0xF1, 0x82, 0xE0, 0x63, 0xE6, 0xC2, 0xB2,
    0x42, 0x18, 0x2E, 0x00, 0x04, 0x0F, 0xFE, 0x80, 0x21, 0x10, 0x20, 0x8C, 0x06, 0x7F, 0xC0,
    0x40, 0x04, 0x00, 0x40, 0xFF, 0xE0, 0x08, 0x00, 0x40, 0xFF, 0xE0, 0x00, 0x20, 0x82, 0x08,
    0x10, 0x81, 0x10, 0x11, 0x00, 0x20, 0xFF, 0xE0, 0x04, 0x07, 0xFC, 0x11, 0x0F, 0xFE, 0x20,
    0x83, 0xF8, 0x20, 0x83, 0xF8, 0x04, 0x0F, 0xFE, 0x04, 0x00, 0x42, 0x07, 0xBE, 0x94, 0x87,
    0xFC, 0x04, 0x47, 0xFC, 0x44, 0x07, 0xFE, 0x14, 0x22, 0x42, 0xC4, 0xC0, 0x42, 0x07, 0xBE,
    0x94, 0x80, 0xA0, 0x31, 0x8D, 0xF6, 0x00, 0x44, 0x88, 0x24, 0x80, 0x10, 0xFF, 0xE0, 0x21,
    0x02, 0x10, 0x4F, 0xE9, 0x10, 0xE1, 0x02, 0x7C, 0x40, 0x0F, 0x7C, 0x04, 0x43, 0x44, 0xC7,
    0xC0, 0x44, 0x04, 0x78, 0x88, 0x89, 0xFE, 0xE9, 0x24, 0x92, 0x8F, 0xEE, 0x80, 0x08, 0x22,
    0x82, 0xC7, 0xE0, 0x48, 0x84, 0xAA, 0x89, 0xCA, 0x88, 0xCB, 0xE4, 0x88, 0x89, 0xCE, 0xAA,
    0x08, 0x82, 0x80, 0xCF, 0xE0, 0x41, 0x04, 0x7C, 0x81, 0x0A, 0xFE, 0xC4, 0x24, 0xA8, 0x84,
    0x8E, 0xFE, 0x01, 0x02, 0x24, 0xCC, 0x20, 0xFF, 0xE9, 0x12, 0xFF, 0xE0, 0x40, 0xFF, 0xE0,
    0x40, 0x3F, 0x82, 0x08, 0x3F, 0x82, 0x08, 0xFF, 0xE0, 0x7F, 0xC4, 0xA4, 0x7F, 0xC0, 0x82,
    0x7F, 0x40, 0x88, 0xFF, 0xE2, 0x04, 0x7F, 0xCA, 0x04, 0x3F, 0xC0, 0xFA, 0x49, 0x28, 0xF7,
    0xE9, 0x42, 0x94, 0x2F, 0x42, 0x97, 0xE9, 0x10, 0xF4, 0x49, 0xA2, 0x11, 0xC0, 0x11, 0x0F,
    0xFE, 0x11, 0x00, 0x00, 0x7F, 0xC0, 0x84, 0x08, 0x40, 0x84, 0x09, 0x80, 0x80, 0x08, 0x00,
    0x11, 0x0F, 0xFE, 0x11, 0x00, 0x00, 0x12, 0x02, 0x22, 0x62, 0xCA, 0xF0, 0x22, 0x02, 0x22,
    0x21, 0xE0, 0x11, 0x0F, 0xFE, 0x11, 0x04, 0x00, 0x2F, 0xC8, 0x84, 0x48, 0x40, 0x9C, 0x28,
    0x04, 0x82, 0x87, 0xE0, 0x11, 0x0F, 0xFE, 0x11, 0x00, 0x1C, 0x7E, 0x04, 0x84, 0x24, 0x8F,
    0xFE, 0x15, 0x02, 0x48, 0xC4, 0x60, 0x27, 0xC4, 0x00, 0x80, 0x02, 0xFE, 0x40, 0x8C, 0x08,
    0x40, 0x84, 0x08, 0x40, 0x84, 0x08, 0x43, 0x80, 0x23, 0xE3, 0x92, 0x49, 0x2F, 0xE6, 0x54,
    0x07, 0xD4, 0x55, 0xE7, 0xE4, 0x55, 0xE5, 0x44, 0x94, 0x40, 0x08, 0x00, 0x40, 0xFF, 0xE0,
    0x00, 0x7F, 0xC0, 0x00, 0x7F, 0xC0, 0x00, 0x7F, 0xC4, 0x04, 0x7F, 0xC0, 0x52, 0x0F, 0xFE,
    0x55, 0x47, 0x58, 0x0A, 0x4F, 0xFE, 0x00, 0x07, 0xFC, 0x20, 0x82, 0x08, 0x3F, 0x80, 0x41,
    0x02, 0x10, 0x01, 0x00, 0x10, 0xE1, 0x02, 0x10, 0x22, 0x82, 0x28, 0x24, 0x43, 0x44, 0x28,
    0x20, 0x82, 0x04, 0x92, 0x09, 0x20, 0x82, 0xC4, 0x44, 0x44, 0x44, 0x44, 0x28, 0x51, 0x06,
    0x28, 0x4C, 0x60, 0x88, 0x04, 0xFC, 0x11, 0x00, 0x10, 0xC1, 0x05, 0xFE, 0x41, 0x04, 0x10,
    0x41, 0x06, 0x10, 0x41, 0x00, 0x87, 0x84, 0x48, 0x04, 0x80, 0x48, 0xD8, 0xE4, 0x00, 0x4F,
    0xC4, 0x84, 0x44, 0x86, 0x30, 0x5C, 0xE0, 0x9F, 0xE4, 0x10, 0x01, 0x00, 0x10, 0xC9, 0x04,
    0x9E, 0x49, 0x04, 0x90, 0x49, 0x06, 0x90, 0x5F, 0xE0, 0x80, 0xC4, 0xF0, 0x01, 0x00, 0x10,
    0xCF, 0xE4, 0x10, 0x41, 0x04, 0x7C, 0x54, 0x46, 0x44, 0x47, 0xC0, 0x8F, 0xE4, 0x20, 0x0F,
    0xC0, 0x44, 0xC4, 0x45, 0xFE, 0x40, 0x04, 0xFE, 0x48, 0x26, 0x82, 0x4F, 0xE0, 0x8F, 0xC4,
    0x84, 0x08, 0x40, 0xFC, 0xC0, 0x04, 0xFC, 0x41, 0x05, 0xFE, 0x41, 0x06, 0x28, 0x5C, 0x60,
    0x81, 0x04, 0xFC, 0x01, 0x00, 0xFC, 0xC1, 0x05, 0xFE, 0x48, 0x44, 0xFC, 0x58, 0x46, 0xFC,
    0x48, 0x40, 0x81, 0x04, 0xFC, 0x01, 0x01, 0xFE, 0xC4, 0x25, 0x28, 0x48, 0x85, 0xFE, 0x41,
    0x06, 0x64, 0x58, 0x20, 0x3F, 0x04, 0x10, 0xFF, 0xC4, 0x44, 0x7F, 0xC1, 0xC2, 0xE6, 0x41,
    0x98, 0xE7, 0x41, 0x92, 0xE6, 0x00, 0x12, 0x0F, 0xFC, 0x12, 0x4F, 0xFE, 0x92, 0x2F, 0xFE,
    0x40, 0x44, 0x44, 0x44, 0x41, 0xB0, 0xE0, 0xE0, 0x13, 0xE7, 0xD2, 0x11, 0x21, 0x26, 0xFC,
    0x01, 0x3E, 0x52, 0x25, 0xE2, 0x53, 0xEB, 0x00, 0x8F, 0xE0, 0x08, 0x03, 0xF8, 0x20, 0x83,
    0xF8, 0x20, 0x83, 0xFA, 0x20, 0xCF, 0xF8, 0x04, 0x81, 0x88, 0xE3, 0x80, 0x21, 0x0F, 0x28,
    0x44, 0x4A, 0xBA, 0xA0, 0x0F, 0xEA, 0x2A, 0xA3, 0xEA, 0xEA, 0xA2, 0xE2, 0x2A, 0x60, 0x80,
    0xC4, 0xF0, 0x01, 0x00, 0x10, 0xDF, 0xE4, 0x10, 0x41, 0x04, 0x10, 0x41, 0x0A, 0x00, 0x9F,
    0xE0, 0x80, 0x84, 0x08, 0x1F, 0xE0, 0x08, 0xC8, 0x84, 0x48, 0x44, 0x84, 0x08, 0x43, 0x8A,
    0x00, 0x9F, 0xE0, 0x80, 0xE4, 0xF0, 0x08, 0x00, 0x80, 0xCF, 0xE4, 0xC2, 0x4A, 0x44, 0x98,
    0x56, 0x6A, 0x00, 0x9F, 0xE0, 0x84, 0x84, 0x48, 0x1F, 0xE0, 0x48, 0xC4, 0x85, 0xFE, 0x44,
    0x84, 0x48, 0x48, 0x8A, 0x00, 0x9F, 0xE0, 0x8F, 0xC4, 0x84, 0x0F, 0xC0, 0x84, 0xCF, 0xC4,
    0xA2, 0x49, 0x44, 0xA8, 0x4C, 0x6A, 0x00, 0x9F, 0xE0, 0x84, 0x44, 0x28, 0x0F, 0xE0, 0x10,
    0xC1, 0x04, 0xFE, 0x41, 0x04, 0x28, 0x4C, 0x6A, 0x00, 0x9F, 0xE0, 0x89, 0x04, 0xFC, 0x11,
    0x00, 0x10, 0xDF, 0xE4, 0x48, 0x44, 0x84, 0x8A, 0x50, 0xEA, 0x00, 0x9F, 0xE0, 0x11, 0xE7,
    0xD2, 0x01, 0x24, 0x54, 0x29, 0x4F, 0xF2, 0x01, 0x27, 0xD2, 0x45, 0xC4, 0x50, 0x7D, 0x00,
    0xFB, 0xE5, 0x02, 0x50, 0x2F, 0x82, 0xA8, 0x2A, 0xBE, 0xDA, 0x08, 0xA0, 0xFA, 0x28, 0xA2,
    0xF9, 0xE0, 0x7F, 0xC4, 0x04, 0x7F, 0xC4, 0x04, 0xFF, 0xE4, 0x44, 0x7F, 0xC4, 0x44, 0x7F,
    0xC0, 0x40, 0xFF, 0xE0, 0x04, 0x00, 0xA0, 0x31, 0x8C, 0x06, 0x3F, 0x80, 0x40, 0x04, 0x07,
    0xFC, 0x24, 0x81, 0x50, 0xFF, 0xE0, 0x47, 0xE7, 0x42, 0x84, 0x2F, 0x7E, 0x44, 0x24, 0x42,
    0xF7, 0xE4, 0x42, 0x54, 0x26, 0x42, 0x48, 0x60, 0x41, 0x47, 0x12, 0x81, 0xEF, 0x70, 0x41,
    0x04, 0x1E, 0xF7, 0x04, 0x12, 0x50, 0xC6, 0x1A, 0x4E, 0x60, 0x49, 0x26, 0x54, 0x81, 0x0E,
    0xFE, 0x48, 0x24, 0x92, 0xE9, 0x24, 0x92, 0x42, 0x86, 0x44, 0x48, 0x20, 0x44, 0x86, 0xFC,
    0x84, 0x8E, 0x48, 0x5F, 0xE4, 0x00, 0xEF, 0xC4, 0x84, 0x4F, 0xC6, 0x84, 0x4F, 0xC0, 0x40,
    0x87, 0xBE, 0x88, 0xAE, 0xFE, 0x50, 0xA5, 0xBE, 0xE8, 0x84, 0xBE, 0x58, 0x86, 0xC8, 0x53,
    0xE0, 0x20, 0x82, 0x10, 0x22, 0x02, 0xC0, 0x20, 0x0F, 0xFE, 0x24, 0x02, 0x20, 0x21, 0x02,
    0x88, 0x30, 0x60, 0x9F, 0xE4, 0x02, 0x04, 0x28, 0x42, 0xBF, 0xA8, 0x42, 0x8E, 0x29, 0x52,
    0xA4, 0xA8, 0x42, 0x80, 0xE0, 0x9F, 0xE4, 0x02, 0x11, 0x28, 0xA2, 0x9F, 0x29, 0x12, 0x91,
    0x29, 0xF2, 0x8A, 0x29, 0x2A, 0xA3, 0xA0, 0xF1, 0x09, 0x10, 0x91, 0x0A, 0x10, 0xA1, 0x09,
    0x10, 0x92, 0x89, 0x28, 0xE4, 0x48, 0x44, 0x88, 0x20, 0xEF, 0xCA, 0x84, 0xAF, 0xCA, 0x84,
    0xC8, 0x4A, 0xFC, 0xA9, 0x2A, 0x94, 0xE8, 0x88, 0xA4, 0x8C, 0x20, 0xE3, 0x8A, 0x44, 0xB8,
    0x2A, 0x7C, 0xC1, 0x0A, 0x10, 0xAF, 0xEA, 0x10, 0xE9, 0x49, 0x12, 0x83, 0x00, 0xE1, 0x0B,
    0x7E, 0xA9, 0x0A, 0x3C, 0xC6, 0x4B, 0xBC, 0xAA, 0x4A, 0xBC, 0xEA, 0x49, 0x40, 0x93, 0xE0,
    0x13, 0xEF, 0xC8, 0xA7, 0xE3, 0xA2, 0xCA, 0xA3, 0x2A, 0xCE, 0xA7, 0xAA, 0x48, 0x84, 0x94,
    0x7A, 0x20, 0xE1, 0x02, 0x28, 0xA4, 0x4A, 0x82, 0xA7, 0xCF, 0x00, 0x1A, 0x23, 0x54, 0xD5,
    0x41, 0x08, 0x6F, 0xE0, 0x04, 0x0F, 0xFE, 0x20, 0x83, 0xF8, 0x00, 0x0F, 0xFE, 0x80, 0x29,
    0xF2, 0x91, 0x29, 0xF2, 0x80, 0x60, 0x20, 0x07, 0x00, 0x70, 0x07, 0x00, 0x20, 0x02, 0x00,
    0x20, 0x00, 0x00, 0x20, 0x00, 0x00, 0x40, 0x08, 0x00, 0x80, 0x10, 0x01, 0x00, 0x10, 0x01,
    0x00, 0x10, 0x00, 0x80, 0x08, 0x00, 0x40, 0x40, 0x02, 0x00, 0x20, 0x01, 0x00, 0x10, 0x01,
    0x00, 0x10, 0x01, 0x00, 0x20, 0x02, 0x00, 0x40, 0x00, 0x30, 0x03, 0x00, 0x10, 0x02, 0x00,
    0x0E, 0x01, 0x10, 0x11, 0x01, 0x30, 0x15, 0x01, 0x90, 0x11, 0x01, 0x10, 0x0E, 0x00, 0x04,
    0x00, 0xC0, 0x04, 0x00, 0x40, 0x04, 0x00, 0x40, 0x04, 0x00, 0x40, 0x0E, 0x00, 0x0E, 0x01,
    0x10, 0x01, 0x00, 0x10, 0x02, 0x00, 0x40, 0x08, 0x01, 0x00, 0x1F, 0x00, 0x0E, 0x01, 0x10,
    0x01, 0x00, 0x10, 0x06, 0x00, 0x10, 0x01, 0x01, 0x10, 0x0E, 0x00, 0x02, 0x00, 0x60, 0x06,
    0x00, 0xA0, 0x0A, 0x01, 0x20, 0x1F, 0x00, 0x20, 0x02, 0x00, 0x1F, 0x01, 0x00, 0x10, 0x01,
    0x00, 0x1E, 0x00, 0x10, 0x01, 0x01, 0x10, 0x0E, 0x00, 0x0E, 0x01, 0x10, 0x10, 0x01, 0x00,
    0x1E, 0x01, 0x10, 0x11, 0x01, 0x10, 0x0E, 0x00, 0x1F, 0x00, 0x10, 0x01, 0x00, 0x20, 0x02,
    0x00, 0x40, 0x04, 0x00, 0x40, 0x04, 0x00, 0x0E, 0x01, 0x10, 0x11, 0x01, 0x10, 0x0E, 0x01,
    0x10, 0x11, 0x01, 0x10, 0x0E, 0x00, 0x0E, 0x01, 0x10, 0x11, 0x01, 0x10, 0x0F, 0x00, 0x10,
    0x01, 0x01, 0x10, 0x0E, 0x00, 0x30, 0x03, 0x00, 0x00, 0x00, 0x00, 0x00, 0x00, 0x00, 0x30,
    0x03, 0x00, 0x30, 0x03, 0x00, 0x00, 0x00, 0x00, 0x00, 0x03, 0x00, 0x30, 0x01, 0x00, 0x20,
    0x00, 0x70, 0x08, 0x80, 0x88, 0x00, 0x80, 0x10, 0x02, 0x00, 0x20, 0x00, 0x00, 0x20, 0x00,
    0x38, 0x24, 0x44, 0x83, 0x80, 0x00, 0x00, 0x00, 0x00,
};
static const TableGlyph gfx_g2_glyphs[] = {
  {0x0020u,0u,0u,6,0,13,6,1},
  {0x0021u,0u,5u,4,0,22,4,9},
  {0x0022u,5u,7u,6,0,22,6,9},
  {0x0023u,12u,8u,7,0,22,7,9},
  {0x0024u,20u,9u,6,0,23,6,11},
  {0x0025u,29u,9u,8,0,22,8,9},
  {0x0026u,38u,8u,7,0,22,7,9},
  {0x0027u,46u,5u,4,0,22,4,9},
  {0x0028u,51u,9u,6,0,23,6,11},
  {0x0029u,60u,9u,6,0,23,6,11},
  {0x002Au,69u,5u,6,0,19,6,6},
  {0x002Bu,74u,5u,6,0,19,6,6},
  {0x002Cu,79u,2u,4,0,14,4,3},
  {0x002Du,81u,3u,6,0,17,6,4},
  {0x002Eu,84u,1u,4,0,14,4,1},
  {0x002Fu,85u,9u,6,0,23,6,11},
  {0x0030u,94u,7u,6,0,22,6,9},
  {0x0031u,101u,7u,6,0,22,6,9},
  {0x0032u,108u,7u,6,0,22,6,9},
  {0x0033u,115u,7u,6,0,22,6,9},
  {0x0034u,122u,7u,6,0,22,6,9},
  {0x0035u,129u,7u,6,0,22,6,9},
  {0x0036u,136u,7u,6,0,22,6,9},
  {0x0037u,143u,7u,6,0,22,6,9},
  {0x0038u,150u,7u,6,0,22,6,9},
  {0x0039u,157u,7u,6,0,22,6,9},
  {0x003Au,164u,3u,4,0,19,4,6},
  {0x003Bu,167u,4u,4,0,19,4,8},
  {0x003Cu,171u,5u,5,0,20,5,7},
  {0x003Du,176u,4u,6,0,18,6,5},
  {0x003Eu,180u,5u,5,0,20,5,7},
  {0x003Fu,185u,7u,6,0,22,6,9},
  {0x0040u,192u,10u,8,0,22,8,10},
  {0x0042u,202u,8u,7,0,22,7,9},
  {0x0043u,210u,8u,7,0,22,7,9},
  {0x0052u,218u,8u,7,0,22,7,9},
  {0x005Bu,226u,9u,6,0,23,6,11},
  {0x005Cu,235u,9u,6,0,23,6,11},
  {0x005Du,244u,9u,6,0,23,6,11},
  {0x005Eu,253u,7u,6,0,22,6,9},
  {0x005Fu,260u,2u,6,0,13,6,2},
  {0x0060u,262u,6u,5,0,22,5,9},
  {0x0061u,268u,5u,6,0,19,6,6},
  {0x0062u,273u,7u,6,0,22,6,9},
  {0x0063u,280u,5u,6,0,19,6,6},
  {0x0064u,285u,7u,6,0,22,6,9},
  {0x0065u,292u,5u,6,0,19,6,6},
  {0x0066u,297u,6u,5,0,22,5,9},
  {0x0067u,303u,6u,6,0,19,6,8},
  {0x0068u,309u,7u,6,0,22,6,9},
  {0x0069u,316u,5u,4,0,22,4,9},
  {0x006Au,321u,6u,4,0,22,4,11},
  {0x006Bu,327u,7u,6,0,22,6,9},
  {0x006Cu,334u,5u,4,0,22,4,9},
  {0x006Du,339u,6u,8,0,19,8,6},
  {0x006Eu,345u,5u,6,0,19,6,6},
  {0x006Fu,350u,5u,6,0,19,6,6},
  {0x0070u,355u,6u,6,0,19,6,8},
  {0x0071u,361u,6u,6,0,19,6,8},
  {0x0072u,367u,4u,5,0,19,5,6},
  {0x0073u,371u,5u,6,0,19,6,6},
  {0x0074u,376u,6u,5,0,22,5,9},
  {0x0075u,382u,5u,6,0,19,6,6},
  {0x0076u,387u,5u,6,0,19,6,6},
  {0x0077u,392u,6u,8,0,19,8,6},
  {0x0078u,398u,5u,6,0,19,6,6},
  {0x0079u,403u,6u,6,0,19,6,8},
  {0x007Au,409u,5u,6,0,19,6,6},
  {0x007Bu,414u,10u,7,0,23,7,11},
  {0x007Cu,424u,6u,4,0,23,4,11},
  {0x007Du,430u,10u,7,0,23,7,11},
  {0x007Eu,440u,5u,6,0,19,6,6},
  {0x00A3u,445u,7u,6,0,22,6,9},
  {0x00A5u,452u,7u,6,0,22,6,9},
  {0x00B0u,459u,7u,5,0,23,5,10},
  {0x00B1u,466u,5u,6,0,19,6,6},
  {0x00B7u,471u,8u,12,0,18,12,5},
  {0x2014u,479u,8u,12,0,18,12,5},
  {0x2026u,487u,8u,12,0,18,12,5},
  {0x2030u,495u,14u,12,0,22,12,9},
  {0x20ACu,509u,18u,12,0,24,12,12},
  {0x2190u,527u,11u,12,0,20,12,7},
  {0x2191u,538u,17u,12,0,23,12,11},
  {0x2192u,555u,11u,12,0,20,12,7},
  {0x2193u,566u,17u,12,0,23,12,11},
  {0x25A0u,583u,17u,12,0,23,12,11},
  {0x25A1u,600u,17u,12,0,23,12,11},
  {0x25B2u,617u,14u,12,0,22,12,9},
  {0x25BCu,631u,14u,12,0,22,12,9},
  {0x25C6u,645u,17u,12,0,23,12,11},
  {0x25CBu,662u,17u,12,0,23,12,11},
  {0x25CFu,679u,17u,12,0,23,12,11},
  {0x2605u,696u,17u,12,0,23,12,11},
  {0x2713u,713u,18u,12,0,24,12,12},
  {0x2717u,731u,18u,12,0,24,12,12},
  {0x3001u,749u,5u,12,0,15,12,3},
  {0x3002u,754u,6u,12,0,16,12,4},
  {0x300Au,760u,17u,12,0,23,12,11},
  {0x300Bu,777u,17u,12,0,23,12,11},
  {0x300Cu,794u,15u,12,0,23,12,10},
  {0x300Du,809u,12u,12,0,20,12,8},
  {0x300Eu,821u,15u,12,0,23,12,10},
  {0x300Fu,836u,12u,12,0,20,12,8},
  {0x3010u,848u,17u,12,0,23,12,11},
  {0x3011u,865u,17u,12,0,23,12,11},
  {0x4E00u,882u,8u,12,0,18,12,5},
  {0x4E0Au,890u,17u,12,0,23,12,11},
  {0x4E0Bu,907u,17u,12,0,23,12,11},
  {0x4E0Du,924u,17u,12,0,23,12,11},
  {0x4E2Au,941u,17u,12,0,23,12,11},
  {0x4E2Du,958u,17u,12,0,23,12,11},
  {0x4E3Bu,975u,17u,12,0,23,12,11},
  {0x4EA4u,992u,17u,12,0,23,12,11},
  {0x4EC5u,1009u,17u,12,0,23,12,11},
  {0x4ED8u,1026u,17u,12,0,23,12,11},
  {0x4EF6u,1043u,17u,12,0,23,12,11},
  {0x4EFDu,1060u,17u,12,0,23,12,11},
  {0x4F1Au,1077u,17u,12,0,23,12,11},
  {0x4F4Du,1094u,17u,12,0,23,12,11},
  {0x4F5Cu,1111u,17u,12,0,23,12,11},
  {0x4F60u,1128u,17u,12,0,23,12,11},
  {0x4FE1u,1145u,17u,12,0,23,12,11},
  {0x504Fu,1162u,17u,12,0,23,12,11},
  {0x5141u,1179u,17u,12,0,23,12,11},
  {0x5165u,1196u,17u,12,0,23,12,11},
  {0x5168u,1213u,17u,12,0,23,12,11},
  {0x516Cu,1230u,17u,12,0,23,12,11},
  {0x5173u,1247u,17u,12,0,23,12,11},
  {0x5185u,1264u,17u,12,0,23,12,11},
  {0x518Du,1281u,17u,12,0,23,12,11},
  {0x51B3u,1298u,17u,12,0,23,12,11},
  {0x51C6u,1315u,17u,12,0,23,12,11},
  {0x51CFu,1332u,17u,12,0,23,12,11},
  {0x51FAu,1349u,17u,12,0,23,12,11},
  {0x5220u,1366u,17u,12,0,23,12,11},
  {0x529Fu,1383u,17u,12,0,23,12,11},
  {0x52A0u,1400u,17u,12,0,23,12,11},
  {0x52A8u,1417u,17u,12,0,23,12,11},
  {0x5305u,1434u,17u,12,0,23,12,11},
  {0x5339u,1451u,17u,12,0,23,12,11},
  {0x534Fu,1468u,17u,12,0,23,12,11},
  {0x5355u,1485u,17u,12,0,23,12,11},
  {0x5373u,1502u,17u,12,0,23,12,11},
  {0x53D1u,1519u,17u,12,0,23,12,11},
  {0x53D6u,1536u,17u,12,0,23,12,11},
  {0x53EAu,1553u,17u,12,0,23,12,11},
  {0x53EFu,1570u,17u,12,0,23,12,11},
  {0x5426u,1587u,17u,12,0,23,12,11},
  {0x542Bu,1604u,17u,12,0,23,12,11},
  {0x542Fu,1621u,17u,12,0,23,12,11},
  {0x544Au,1638u,17u,12,0,23,12,11},
  {0x56DEu,1655u,17u,12,0,23,12,11},
  {0x56F4u,1672u,17u,12,0,23,12,11},
  {0x56FAu,1689u,17u,12,0,23,12,11},
  {0x56FEu,1706u,17u,12,0,23,12,11},
  {0x5728u,1723u,17u,12,0,23,12,11},
  {0x578Bu,1740u,17u,12,0,23,12,11},
  {0x589Eu,1757u,17u,12,0,23,12,11},
  {0x58F0u,1774u,17u,12,0,23,12,11},
  {0x5907u,1791u,17u,12,0,23,12,11},
  {0x590Du,1808u,17u,12,0,23,12,11},
  {0x591Au,1825u,17u,12,0,23,12,11},
  {0x5931u,1842u,17u,12,0,23,12,11},
  {0x5B58u,1859u,17u,12,0,23,12,11},
  {0x5B8Cu,1876u,17u,12,0,23,12,11},
  {0x5B9Au,1893u,17u,12,0,23,12,11},
  {0x5BB9u,1910u,17u,12,0,23,12,11},
  {0x5BC6u,1927u,17u,12,0,23,12,11},
  {0x5BF9u,1944u,17u,12,0,23,12,11},
  {0x5BFCu,1961u,17u,12,0,23,12,11},
  {0x5C06u,1978u,17u,12,0,23,12,11},
  {0x5C11u,1995u,17u,12,0,23,12,11},
  {0x5DF2u,2012u,17u,12,0,23,12,11},
  {0x5E01u,2029u,17u,12,0,23,12,11},
  {0x5EA6u,2046u,17u,12,0,23,12,11},
  {0x5F00u,2063u,17u,12,0,23,12,11},
  {0x6062u,2080u,17u,12,0,23,12,11},
  {0x606Fu,2097u,17u,12,0,23,12,11},
  {0x610Fu,2114u,17u,12,0,23,12,11},
  {0x6210u,2131u,17u,12,0,23,12,11},
  {0x6218u,2148u,17u,12,0,23,12,11},
  {0x624Bu,2165u,17u,12,0,23,12,11},
  {0x6253u,2182u,17u,12,0,23,12,11},
  {0x62D2u,2199u,17u,12,0,23,12,11},
  {0x62E9u,2216u,17u,12,0,23,12,11},
  {0x6309u,2233u,17u,12,0,23,12,11},
  {0x6311u,2250u,17u,12,0,23,12,11},
  {0x636Eu,2267u,17u,12,0,23,12,11},
  {0x6388u,2284u,17u,12,0,23,12,11},
  {0x6392u,2301u,17u,12,0,23,12,11},
  {0x64CDu,2318u,17u,12,0,23,12,11},
  {0x64E6u,2335u,17u,12,0,23,12,11},
  {0x6548u,2352u,17u,12,0,23,12,11},
  {0x6570u,2369u,17u,12,0,23,12,11},
  {0x6574u,2386u,17u,12,0,23,12,11},
  {0x6587u,2403u,17u,12,0,23,12,11},
  {0x65ADu,2420u,17u,12,0,23,12,11},
  {0x65B0u,2437u,17u,12,0,23,12,11},
  {0x65B9u,2454u,17u,12,0,23,12,11},
  {0x65E0u,2471u,17u,12,0,23,12,11},
  {0x65F6u,2488u,17u,12,0,23,12,11},
  {0x660Eu,2505u,17u,12,0,23,12,11},
  {0x6613u,2522u,17u,12,0,23,12,11},
  {0x662Fu,2539u,17u,12,0,23,12,11},
  {0x66F4u,2556u,17u,12,0,23,12,11},
  {0x6709u,2573u,17u,12,0,23,12,11},
  {0x671Fu,2590u,17u,12,0,23,12,11},
  {0x672Au,2607u,17u,12,0,23,12,11},
  {0x672Cu,2624u,17u,12,0,23,12,11},
  {0x673Au,2641u,17u,12,0,23,12,11},
  {0x6743u,2658u,17u,12,0,23,12,11},
  {0x675Fu,2675u,17u,12,0,23,12,11},
  {0x677Fu,2692u,17u,12,0,23,12,11},
  {0x6784u,2709u,17u,12,0,23,12,11},
  {0x679Cu,2726u,17u,12,0,23,12,11},
  {0x6838u,2743u,17u,12,0,23,12,11},
  {0x6B21u,2760u,17u,12,0,23,12,11},
  {0x6B3Eu,2777u,17u,12,0,23,12,11},
  {0x6B63u,2794u,17u,12,0,23,12,11},
  {0x6B64u,2811u,17u,12,0,23,12,11},
  {0x6C42u,2828u,17u,12,0,23,12,11},
  {0x6CA1u,2845u,17u,12,0,23,12,11},
  {0x6CD5u,2862u,17u,12,0,23,12,11},
  {0x6D88u,2879u,17u,12,0,23,12,11},
  {0x7248u,2896u,17u,12,0,23,12,11},
  {0x7528u,2913u,17u,12,0,23,12,11},
  {0x7535u,2930u,17u,12,0,23,12,11},
  {0x7684u,2947u,17u,12,0,23,12,11},
  {0x77E5u,2964u,17u,12,0,23,12,11},
  {0x7801u,2981u,17u,12,0,23,12,11},
  {0x786Eu,2998u,17u,12,0,23,12,11},
  {0x79C1u,3015u,17u,12,0,23,12,11},
  {0x79FBu,3032u,17u,12,0,23,12,11},
  {0x7A7Au,3049u,17u,12,0,23,12,11},
  {0x7ACBu,3066u,17u,12,0,23,12,11},
  {0x7AE0u,3083u,17u,12,0,23,12,11},
  {0x7B2Cu,3100u,17u,12,0,23,12,11},
  {0x7B7Eu,3117u,17u,12,0,23,12,11},
  {0x7ED3u,3134u,17u,12,0,23,12,11},
  {0x7EDDu,3151u,17u,12,0,23,12,11},
  {0x7EE7u,3168u,17u,12,0,23,12,11},
  {0x7EEDu,3185u,17u,12,0,23,12,11},
  {0x7F6Eu,3202u,17u,12,0,23,12,11},
  {0x7F72u,3219u,17u,12,0,23,12,11},
  {0x806Au,3236u,17u,12,0,23,12,11},
  {0x8282u,3253u,17u,12,0,23,12,11},
  {0x82B1u,3270u,17u,12,0,23,12,11},
  {0x8303u,3287u,17u,12,0,23,12,11},
  {0x83DCu,3304u,17u,12,0,23,12,11},
  {0x884Cu,3321u,17u,12,0,23,12,11},
  {0x89E3u,3338u,17u,12,0,23,12,11},
  {0x8A00u,3355u,17u,12,0,23,12,11},
  {0x8B66u,3372u,17u,12,0,23,12,11},
  {0x8BA4u,3389u,17u,12,0,23,12,11},
  {0x8BAEu,3406u,17u,12,0,23,12,11},
  {0x8BB8u,3423u,17u,12,0,23,12,11},
  {0x8BBEu,3440u,17u,12,0,23,12,11},
  {0x8BC1u,3457u,17u,12,0,23,12,11},
  {0x8BDDu,3474u,17u,12,0,23,12,11},
  {0x8BEDu,3491u,17u,12,0,23,12,11},
  {0x8BEFu,3508u,17u,12,0,23,12,11},
  {0x8BF7u,3525u,17u,12,0,23,12,11},
  {0x8BFBu,3542u,17u,12,0,23,12,11},
  {0x8C61u,3559u,17u,12,0,23,12,11},
  {0x8D39u,3576u,17u,12,0,23,12,11},
  {0x8D85u,3593u,17u,12,0,23,12,11},
  {0x8EABu,3610u,17u,12,0,23,12,11},
  {0x8F93u,3627u,17u,12,0,23,12,11},
  {0x8FC1u,3644u,17u,12,0,23,12,11},
  {0x8FC7u,3661u,17u,12,0,23,12,11},
  {0x8FD4u,3678u,17u,12,0,23,12,11},
  {0x8FDBu,3695u,17u,12,0,23,12,11},
  {0x9000u,3712u,17u,12,0,23,12,11},
  {0x9001u,3729u,17u,12,0,23,12,11},
  {0x9009u,3746u,17u,12,0,23,12,11},
  {0x90E8u,3763u,17u,12,0,23,12,11},
  {0x914Du,3780u,17u,12,0,23,12,11},
  {0x91CFu,3797u,17u,12,0,23,12,11},
  {0x91D1u,3814u,17u,12,0,23,12,11},
  {0x94A5u,3831u,17u,12,0,23,12,11},
  {0x94B1u,3848u,17u,12,0,23,12,11},
  {0x9501u,3865u,17u,12,0,23,12,11},
  {0x9519u,3882u,17u,12,0,23,12,11},
  {0x952Eu,3899u,17u,12,0,23,12,11},
  {0x957Fu,3916u,17u,12,0,23,12,11},
  {0x95F2u,3933u,17u,12,0,23,12,11},
  {0x9605u,3950u,17u,12,0,23,12,11},
  {0x961Fu,3967u,17u,12,0,23,12,11},
  {0x9650u,3984u,17u,12,0,23,12,11},
  {0x9664u,4001u,17u,12,0,23,12,11},
  {0x968Fu,4018u,17u,12,0,23,12,11},
  {0x989Du,4035u,17u,12,0,23,12,11},
  {0x9A8Cu,4052u,17u,12,0,23,12,11},
  {0x9AD8u,4069u,17u,12,0,23,12,11},
  {0xFF01u,4086u,14u,12,0,22,12,9},
  {0xFF08u,4100u,17u,12,0,23,12,11},
  {0xFF09u,4117u,17u,12,0,23,12,11},
  {0xFF0Cu,4134u,6u,12,0,16,12,4},
  {0xFF10u,4140u,14u,12,0,22,12,9},
  {0xFF11u,4154u,14u,12,0,22,12,9},
  {0xFF12u,4168u,14u,12,0,22,12,9},
  {0xFF13u,4182u,14u,12,0,22,12,9},
  {0xFF14u,4196u,14u,12,0,22,12,9},
  {0xFF15u,4210u,14u,12,0,22,12,9},
  {0xFF16u,4224u,14u,12,0,22,12,9},
  {0xFF17u,4238u,14u,12,0,22,12,9},
  {0xFF18u,4252u,14u,12,0,22,12,9},
  {0xFF19u,4266u,14u,12,0,22,12,9},
  {0xFF1Au,4280u,12u,12,0,21,12,8},
  {0xFF1Bu,4292u,14u,12,0,21,12,9},
  {0xFF1Fu,4306u,14u,12,0,22,12,9},
  {0xFF5Eu,4320u,9u,12,0,19,12,6},
};static const TableFont gfx_t2 = {
    gfx_g2_glyphs, 312, gfx_g2_bitmap,
    16, 13, 24, 16
};

static const uint8_t gfx_g3_bitmap[] = {
    0x30, 0x30, 0x30, 0x30, 0xCC, 0x30, 0xCC, 0x30, 0x30, 0xC0, 0x30, 0xC0, 0x00, 0xC0, 0x00,
    0xC0, 0x03, 0x00, 0x03, 0x00, 0x0C, 0x00, 0x0C, 0x00, 0x0C, 0x30, 0x0C, 0x30, 0x30, 0xCC,
    0x30, 0xCC, 0x30, 0x30, 0x30, 0x30, 0x00, 0xC0, 0x0C, 0x00, 0xC0, 0x0C, 0x03, 0x00, 0x30,
    0x03, 0x00, 0x30, 0x0C, 0x00, 0xC0, 0x0C, 0x00, 0xC0, 0x0C, 0x00, 0xC0, 0x30, 0x03, 0x00,
    0x30, 0x03, 0x00, 0xC0, 0x0C, 0x00, 0xC0, 0x0C, 0x00, 0x00, 0x00, 0xFF, 0xC3, 0xFF, 0x0C,
    0x03, 0x30, 0x0C, 0xC0, 0x33, 0x00, 0xCC, 0x03, 0x30, 0x0C, 0xFF, 0xC3, 0xFF, 0x0C, 0x03,
    0x30, 0x0C, 0xC0, 0x33, 0x00, 0xCC, 0x03, 0x30, 0x0C, 0xFF, 0xC3, 0xFF, 0x00, 0x0F, 0xC0,
    0x3F, 0x03, 0x03, 0x0C, 0x0C, 0xC0, 0x03, 0x00, 0x0C, 0x00, 0x30, 0x00, 0xC0, 0x03, 0x00,
    0x0C, 0x00, 0x30, 0x00, 0xC0, 0x03, 0x00, 0x03, 0x03, 0x0C, 0x0C, 0x0F, 0xC0, 0x3F, 0x00,
    0xFF, 0xC3, 0xFF, 0x0C, 0x03, 0x30, 0x0C, 0xC0, 0x33, 0x00, 0xCC, 0x03, 0x30, 0x0C, 0xFF,
    0xC3, 0xFF, 0x0C, 0x30, 0x30, 0xC0, 0xC0, 0xC3, 0x03, 0x0C, 0x0C, 0x30, 0x30, 0xC0, 0x33,
    0x00, 0xC0, 0x3F, 0x03, 0xF0, 0xC0, 0xCC, 0x0C, 0xC0, 0x0C, 0x00, 0xC0, 0x0C, 0x00, 0xC0,
    0xCC, 0x0C, 0x3F, 0x03, 0xF0, 0x3F, 0x03, 0xF0, 0xC0, 0xCC, 0x0C, 0xFF, 0xCF, 0xFC, 0xC0,
    0x0C, 0x00, 0xC0, 0xCC, 0x0C, 0x3F, 0x03, 0xF0, 0xC0, 0x0C, 0x00, 0xC0, 0x0C, 0x00, 0xC0,
    0x0C, 0x00, 0xC0, 0xCC, 0x0C, 0xCF, 0x0C, 0xF0, 0xF0, 0x0F, 0x00, 0xCC, 0x0C, 0xC0, 0xC3,
    0x0C, 0x30, 0xC0, 0xCC, 0x0C, 0xF0, 0xF0, 0x30, 0x30, 0x30, 0x30, 0x30, 0x30, 0x30, 0x30,
    0x30, 0x30, 0x30, 0x30, 0x30, 0x30, 0x3C, 0x3C, 0x3F, 0x03, 0xF0, 0xC0, 0xCC, 0x0C, 0xC0,
    0xCC, 0x0C, 0xC0, 0xCC, 0x0C, 0xC0, 0xCC, 0x0C, 0x3F, 0x03, 0xF0, 0xC0, 0xCC, 0x0C, 0xC0,
    0xCC, 0x0C, 0xC0, 0xCC, 0x0C, 0xC0, 0xCC, 0x0C, 0xC3, 0xCC, 0x3C, 0x3C, 0xC3, 0xCC, 0xC0,
    0xCC, 0x0C, 0xC0, 0xCC, 0x0C, 0xC0, 0xCC, 0x0C, 0x33, 0x03, 0x30, 0x33, 0x03, 0x30, 0x0C,
    0x00, 0xC0, 0x0C, 0x00, 0xC0, 0xF0, 0x0F, 0x00, 0x00, 0x00, 0xFF, 0xFF, 0xFC, 0xFF, 0xFF,
    0xFC, 0x00, 0x00, 0x00, 0x00, 0x00, 0x00, 0x00, 0x00, 0x00, 0x00, 0x00, 0x00, 0x00, 0x00,
    0x00, 0x00, 0x00, 0x00, 0x00, 0x00, 0x00, 0x00, 0x00, 0x00, 0x00, 0x30, 0x00, 0x00, 0x30,
    0x00, 0x00, 0x30, 0x00, 0x00, 0x30, 0x00, 0x00, 0x30, 0x00, 0x00, 0x30, 0x00, 0x00, 0x30,
    0x00, 0x00, 0x30, 0x00, 0x00, 0x3F, 0xF0, 0x00, 0x3F, 0xF0, 0x00, 0x30, 0x00, 0x00, 0x30,
    0x00, 0x00, 0x30, 0x00, 0x00, 0x30, 0x00, 0x00, 0x30, 0x00, 0x00, 0x30, 0x00, 0x00, 0x30,
    0x00, 0x00, 0x30, 0x00, 0x00, 0x30, 0x00, 0x00, 0x30, 0x00, 0xFF, 0xFF, 0xFC, 0xFF, 0xFF,
    0xFC, 0x00, 0x00, 0x00, 0xFF, 0xFF, 0xFC, 0xFF, 0xFF, 0xFC, 0x00, 0x30, 0x00, 0x00, 0x30,
    0x00, 0x00, 0x30, 0x00, 0x00, 0x30, 0x00, 0x00, 0x30, 0x00, 0x00, 0x30, 0x00, 0x00, 0x33,
    0x00, 0x00, 0x33, 0x00, 0x00, 0x30, 0xC0, 0x00, 0x30, 0xC0, 0x00, 0x30, 0x30, 0x00, 0x30,
    0x30, 0x00, 0x30, 0x00, 0x00, 0x30, 0x00, 0x00, 0x30, 0x00, 0x00, 0x30, 0x00, 0x00, 0x30,
    0x00, 0x00, 0x30, 0x00, 0x00, 0x30, 0x00, 0x00, 0x30, 0x00, 0x00, 0x00, 0x00, 0xFF, 0xFF,
    0xFC, 0xFF, 0xFF, 0xFC, 0x00, 0x0C, 0x00, 0x00, 0x0C, 0x00, 0x00, 0x30, 0x00, 0x00, 0x30,
    0x00, 0x00, 0xF0, 0x00, 0x00, 0xF0, 0x00, 0x03, 0x33, 0x00, 0x03, 0x33, 0x00, 0x0C, 0x30,
    0xC0, 0x0C, 0x30, 0xC0, 0xF0, 0x30, 0x30, 0xF0, 0x30, 0x30, 0x00, 0x30, 0x0C, 0x00, 0x30,
    0x0C, 0x00, 0x30, 0x00, 0x00, 0x30, 0x00, 0x00, 0x30, 0x00, 0x00, 0x30, 0x00, 0x00, 0x30,
    0x00, 0x00, 0x30, 0x00, 0x00, 0x00, 0x00, 0x00, 0x30, 0x00, 0x00, 0x30, 0x00, 0x00, 0xCC,
    0x00, 0x00, 0xCC, 0x00, 0x03, 0x03, 0x00, 0x03, 0x03, 0x00, 0x0C, 0x00, 0xC0, 0x0C, 0x00,
    0xC0, 0xF0, 0x30, 0x3C, 0xF0, 0x30, 0x3C, 0x00, 0x30, 0x00, 0x00, 0x30, 0x00, 0x00, 0x30,
    0x00, 0x00, 0x30, 0x00, 0x00, 0x30, 0x00, 0x00, 0x30, 0x00, 0x00, 0x30, 0x00, 0x00, 0x30,
    0x00, 0x00, 0x30, 0x00, 0x00, 0x30, 0x00, 0x00, 0x30, 0x00, 0x00, 0x30, 0x00, 0x00, 0x00,
    0x00, 0x00, 0x30, 0x00, 0x00, 0x30, 0x00, 0x00, 0x30, 0x00, 0x00, 0x30, 0x00, 0xFF, 0xFF,
    0xFC, 0xFF, 0xFF, 0xFC, 0xC0, 0x30, 0x0C, 0xC0, 0x30, 0x0C, 0xC0, 0x30, 0x0C, 0xC0, 0x30,
    0x0C, 0xC0, 0x30, 0x0C, 0xC0, 0x30, 0x0C, 0xFF, 0xFF, 0xFC, 0xFF, 0xFF, 0xFC, 0x00, 0x30,
    0x00, 0x00, 0x30, 0x00, 0x00, 0x30, 0x00, 0x00, 0x30, 0x00, 0x00, 0x30, 0x00, 0x00, 0x30,
    0x00, 0x00, 0x30, 0x00, 0x00, 0x30, 0x00, 0x00, 0x00, 0x00, 0x00, 0xC0, 0x00, 0x00, 0xC0,
    0x00, 0x00, 0x30, 0x00, 0x00, 0x30, 0x00, 0xFF, 0xFF, 0xFC, 0xFF, 0xFF, 0xFC, 0x00, 0x30,
    0x00, 0x00, 0x30, 0x00, 0x00, 0x30, 0x00, 0x00, 0x30, 0x00, 0x00, 0x30, 0x00, 0x00, 0x30,
    0x00, 0x3F, 0xFF, 0xF0, 0x3F, 0xFF, 0xF0, 0x00, 0x30, 0x00, 0x00, 0x30, 0x00, 0x00, 0x30,
    0x00, 0x00, 0x30, 0x00, 0x00, 0x30, 0x00, 0x00, 0x30, 0x00, 0xFF, 0xFF, 0xFC, 0xFF, 0xFF,
    0xFC, 0x00, 0x00, 0x00, 0x00, 0x30, 0x00, 0x00, 0x30, 0x00, 0xFF, 0xFF, 0xFC, 0xFF, 0xFF,
    0xFC, 0x00, 0x00, 0x00, 0x00, 0x00, 0x00, 0x03, 0x03, 0x00, 0x03, 0x03, 0x00, 0x0C, 0x00,
    0xC0, 0x0C, 0x00, 0xC0, 0xF3, 0x03, 0x3C, 0xF3, 0x03, 0x3C, 0x00, 0xCC, 0x00, 0x00, 0xCC,
    0x00, 0x00, 0x30, 0x00, 0x00, 0x30, 0x00, 0x00, 0xCC, 0x00, 0x00, 0xCC, 0x00, 0x0F, 0x03,
    0xC0, 0x0F, 0x03, 0xC0, 0xF0, 0x00, 0x3C, 0xF0, 0x00, 0x3C, 0x00, 0x00, 0x00, 0x0C, 0xFF,
    0xFC, 0x0C, 0xFF, 0xFC, 0x0C, 0xC0, 0x0C, 0x0C, 0xC0, 0x0C, 0x30, 0xC0, 0x0C, 0x30, 0xC0,
    0x0C, 0x30, 0xC0, 0x0C, 0x30, 0xC0, 0x0C, 0xF0, 0x30, 0x30, 0xF0, 0x30, 0x30, 0x30, 0x30,
    0x30, 0x30, 0x30, 0x30, 0x30, 0x30, 0x30, 0x30, 0x30, 0x30, 0x30, 0x0C, 0xC0, 0x30, 0x0C,
    0xC0, 0x30, 0x03, 0x00, 0x30, 0x03, 0x00, 0x30, 0x0C, 0xC0, 0x30, 0x0C, 0xC0, 0x30, 0xF0,
    0x3C, 0x30, 0xF0, 0x3C, 0x00, 0x00, 0x00, 0x0C, 0x00, 0xC0, 0x0C, 0x00, 0xC0, 0x0C, 0x00,
    0xC0, 0x0C, 0x00, 0xC0, 0x30, 0xFF, 0xFC, 0x30, 0xFF, 0xFC, 0x30, 0x00, 0xC0, 0x30, 0x00,
    0xC0, 0xF0, 0x00, 0xC0, 0xF0, 0x00, 0xC0, 0x30, 0xC0, 0xC0, 0x30, 0xC0, 0xC0, 0x30, 0x30,
    0xC0, 0x30, 0x30, 0xC0, 0x30, 0x30, 0xC0, 0x30, 0x30, 0xC0, 0x30, 0x00, 0xC0, 0x30, 0x00,
    0xC0, 0x30, 0x00, 0xC0, 0x30, 0x00, 0xC0, 0x30, 0x0F, 0xC0, 0x30, 0x0F, 0xC0, 0x00, 0x00,
    0x00, 0x0C, 0xC3, 0x00, 0x0C, 0xC3, 0x00, 0x0C, 0xC3, 0x00, 0x0C, 0xC3, 0x00, 0x30, 0xFF,
    0xFC, 0x30, 0xFF, 0xFC, 0x33, 0x03, 0x00, 0x33, 0x03, 0x00, 0xF0, 0x03, 0x00, 0xF0, 0x03,
    0x00, 0x30, 0x03, 0x00, 0x30, 0x03, 0x00, 0x33, 0xFF, 0xFC, 0x33, 0xFF, 0xFC, 0x30, 0x03,
    0x00, 0x30, 0x03, 0x00, 0x30, 0x03, 0x00, 0x30, 0x03, 0x00, 0x30, 0x03, 0x00, 0x30, 0x03,
    0x00, 0x30, 0x03, 0x00, 0x30, 0x03, 0x00, 0x00, 0x00, 0x00, 0x0C, 0x30, 0xC0, 0x0C, 0x30,
    0xC0, 0x0C, 0x30, 0xC0, 0x0C, 0x30, 0xC0, 0x30, 0xC0, 0x30, 0x30, 0xC0, 0x30, 0x30, 0xC0,
    0x30, 0x30, 0xC0, 0x30, 0xF3, 0x00, 0x0C, 0xF3, 0x00, 0x0C, 0x30, 0xFF, 0xF0, 0x30, 0xFF,
    0xF0, 0x30, 0x30, 0x30, 0x30, 0x30, 0x30, 0x30, 0x30, 0x30, 0x30, 0x30, 0x30, 0x30, 0xC0,
    0x30, 0x30, 0xC0, 0x30, 0x30, 0xC0, 0x30, 0x30, 0xC0, 0x30, 0x33, 0x03, 0xC0, 0x33, 0x03,
    0xC0, 0x00, 0x00, 0x00, 0x00, 0x30, 0x00, 0x00, 0x30, 0x00, 0x00, 0xCC, 0x00, 0x00, 0xCC,
    0x00, 0x0F, 0x03, 0xC0, 0x0F, 0x03, 0xC0, 0xF0, 0x00, 0x3C, 0xF0, 0x00, 0x3C, 0x0F, 0xFF,
    0xC0, 0x0F, 0xFF, 0xC0, 0x00, 0x00, 0x00, 0x00, 0x00, 0x00, 0x00, 0x00, 0x00, 0x00, 0x00,
    0x00, 0xFF, 0xFF, 0xFC, 0xFF, 0xFF, 0xFC, 0x03, 0x00, 0x00, 0x03, 0x00, 0x00, 0x0C, 0x00,
    0xC0, 0x0C, 0x00, 0xC0, 0x3F, 0xFF, 0x30, 0x3F, 0xFF, 0x30, 0x00, 0x00, 0x00, 0x0C, 0x0C,
    0x00, 0x0C, 0x0C, 0x00, 0x0C, 0x03, 0x00, 0x0C, 0x03, 0x00, 0x33, 0xFF, 0xFC, 0x33, 0xFF,
    0xFC, 0x30, 0x00, 0x00, 0x30, 0x00, 0x00, 0xF0, 0xC0, 0x30, 0xF0, 0xC0, 0x30, 0x30, 0xC0,
    0x30, 0x30, 0xC0, 0x30, 0x30, 0x30, 0x30, 0x30, 0x30, 0x30, 0x30, 0x30, 0xC0, 0x30, 0x30,
    0xC0, 0x30, 0x30, 0xC0, 0x30, 0x30, 0xC0, 0x30, 0x03, 0x00, 0x30, 0x03, 0x00, 0x33, 0xFF,
    0xFC, 0x33, 0xFF, 0xFC, 0x00, 0x00, 0x00, 0x0C, 0x30, 0x00, 0x0C, 0x30, 0x00, 0x0C, 0x30,
    0x00, 0x0C, 0x30, 0x00, 0x30, 0x3F, 0xFC, 0x30, 0x3F, 0xFC, 0x30, 0xCC, 0x00, 0x30, 0xCC,
    0x00, 0xF3, 0x0C, 0x00, 0xF3, 0x0C, 0x00, 0x30, 0x0F, 0xFC, 0x30, 0x0F, 0xFC, 0x30, 0x0C,
    0x00, 0x30, 0x0C, 0x00, 0x30, 0x0C, 0x00, 0x30, 0x0C, 0x00, 0x30, 0x0F, 0xFC, 0x30, 0x0F,
    0xFC, 0x30, 0x0C, 0x00, 0x30, 0x0C, 0x00, 0x30, 0x0C, 0x00, 0x30, 0x0C, 0x00, 0x00, 0x00,
    0x00, 0x0C, 0xC0, 0x00, 0x0C, 0xC0, 0x00, 0x0C, 0xFF, 0xFC, 0x0C, 0xFF, 0xFC, 0x30, 0xC0,
    0x0C, 0x30, 0xC0, 0x0C, 0x33, 0x03, 0x0C, 0x33, 0x03, 0x0C, 0xF0, 0x03, 0x00, 0xF0, 0x03,
    0x00, 0x30, 0x33, 0x30, 0x30, 0x33, 0x30, 0x30, 0x33, 0x30, 0x30, 0x33, 0x30, 0x30, 0xC3,
    0x0C, 0x30, 0xC3, 0x0C, 0x33, 0x03, 0x0C, 0x33, 0x03, 0x0C, 0x30, 0x03, 0x00, 0x30, 0x03,
    0x00, 0x30, 0x0F, 0x00, 0x30, 0x0F, 0x00, 0x00, 0x00, 0x00, 0x0C, 0x0C, 0x00, 0x0C, 0x0C,
    0x00, 0x0C, 0x03, 0x00, 0x0C, 0x03, 0x00, 0x33, 0xFF, 0xFC, 0x33, 0xFF, 0xFC, 0x30, 0x00,
    0x00, 0x30, 0x00, 0x00, 0xF0, 0xFF, 0xF0, 0xF0, 0xFF, 0xF0, 0x30, 0x00, 0x00, 0x30, 0x00,
    0x00, 0x30, 0xFF, 0xF0, 0x30, 0xFF, 0xF0, 0x30, 0x00, 0x00, 0x30, 0x00, 0x00, 0x30, 0xFF,
    0xF0, 0x30, 0xFF, 0xF0, 0x30, 0xC0, 0x30, 0x30, 0xC0, 0x30, 0x30, 0xFF, 0xF0, 0x30, 0xFF,
    0xF0, 0x00, 0x00, 0x00, 0x0C, 0x03, 0x00, 0x0C, 0x03, 0x00, 0x0C, 0xFF, 0xFC, 0x0C, 0xFF,
    0xFC, 0x30, 0xC0, 0x0C, 0x30, 0xC0, 0x0C, 0x30, 0xFF, 0xFC, 0x30, 0xFF, 0xFC, 0xF0, 0xC0,
    0x00, 0xF0, 0xC0, 0x00, 0x30, 0xFF, 0xFC, 0x30, 0xFF, 0xFC, 0x30, 0xCC, 0xCC, 0x30, 0xCC,
    0xCC, 0x30, 0xCC, 0xCC, 0x30, 0xCC, 0xCC, 0x30, 0xFF, 0xFC, 0x30, 0xFF, 0xFC, 0x30, 0xCC,
    0xCC, 0x30, 0xCC, 0xCC, 0x33, 0x0C, 0xCC, 0x33, 0x0C, 0xCC, 0x00, 0x00, 0x00, 0x00, 0x30,
    0x00, 0x00, 0x30, 0x00, 0x00, 0xC0, 0x00, 0x00, 0xC0, 0x00, 0x03, 0x03, 0x00, 0x03, 0x03,
    0x00, 0x0C, 0x00, 0xC0, 0x0C, 0x00, 0xC0, 0x3F, 0xFF, 0xF0, 0x3F, 0xFF, 0xF0, 0x03, 0x03,
    0x30, 0x03, 0x03, 0x30, 0x03, 0x03, 0x00, 0x03, 0x03, 0x00, 0x03, 0x03, 0x00, 0x03, 0x03,
    0x00, 0x03, 0x03, 0x0C, 0x03, 0x03, 0x0C, 0x0C, 0x03, 0x0C, 0x0C, 0x03, 0x0C, 0xF0, 0x03,
    0xFC, 0xF0, 0x03, 0xFC, 0x00, 0x00, 0x00, 0x03, 0x00, 0x00, 0x03, 0x00, 0x00, 0x00, 0xC0,
    0x00, 0x00, 0xC0, 0x00, 0x00, 0x30, 0x00, 0x00, 0x30, 0x00, 0x00, 0x30, 0x00, 0x00, 0x30,
    0x00, 0x00, 0xCC, 0x00, 0x00, 0xCC, 0x00, 0x00, 0xCC, 0x00, 0x00, 0xCC, 0x00, 0x03, 0x03,
    0x00, 0x03, 0x03, 0x00, 0x03, 0x03, 0x00, 0x03, 0x03, 0x00, 0x0C, 0x00, 0xC0, 0x0C, 0x00,
    0xC0, 0x30, 0x00, 0x30, 0x30, 0x00, 0x30, 0xC0, 0x00, 0x0C, 0xC0, 0x00, 0x0C, 0x00, 0x00,
    0x00, 0x00, 0x30, 0x00, 0x00, 0x30, 0x00, 0x00, 0xCC, 0x00, 0x00, 0xCC, 0x00, 0x0F, 0x03,
    0xC0, 0x0F, 0x03, 0xC0, 0xF0, 0x00, 0x3C, 0xF0, 0x00, 0x3C, 0x0F, 0xFF, 0xC0, 0x0F, 0xFF,
    0xC0, 0x00, 0x30, 0x00, 0x00, 0x30, 0x00, 0x00, 0x30, 0x00, 0x00, 0x30, 0x00, 0x3F, 0xFF,
    0xF0, 0x3F, 0xFF, 0xF0, 0x00, 0x30, 0x00, 0x00, 0x30, 0x00, 0x00, 0x30, 0x00, 0x00, 0x30,
    0x00, 0xFF, 0xFF, 0xFC, 0xFF, 0xFF, 0xFC, 0x00, 0x00, 0x00, 0x03, 0x03, 0x00, 0x03, 0x03,
    0x00, 0x03, 0x03, 0x00, 0x03, 0x03, 0x00, 0x0C, 0x00, 0xC0, 0x0C, 0x00, 0xC0, 0x0C, 0x00,
    0xC0, 0x0C, 0x00, 0xC0, 0x30, 0x00, 0x30, 0x30, 0x00, 0x30, 0xC0, 0xC0, 0x0C, 0xC0, 0xC0,
    0x0C, 0x00, 0xC0, 0x00, 0x00, 0xC0, 0x00, 0x03, 0x00, 0xC0, 0x03, 0x00, 0xC0, 0x03, 0x00,
    0xC0, 0x03, 0x00, 0xC0, 0x0C, 0x0F, 0x30, 0x0C, 0x0F, 0x30, 0x3F, 0xF0, 0x30, 0x3F, 0xF0,
    0x30, 0x00, 0x00, 0x00, 0x0C, 0x00, 0xC0, 0x0C, 0x00, 0xC0, 0x03, 0x03, 0x00, 0x03, 0x03,
    0x00, 0x3F, 0xFF, 0xF0, 0x3F, 0xFF, 0xF0, 0x00, 0x30, 0x00, 0x00, 0x30, 0x00, 0x00, 0x30,
    0x00, 0x00, 0x30, 0x00, 0x00, 0x30, 0x00, 0x00, 0x30, 0x00, 0xFF, 0xFF, 0xFC, 0xFF, 0xFF,
    0xFC, 0x00, 0xCC, 0x00, 0x00, 0xCC, 0x00, 0x03, 0x03, 0x00, 0x03, 0x03, 0x00, 0x0C, 0x00,
    0xC0, 0x0C, 0x00, 0xC0, 0xF0, 0x00, 0x3C, 0xF0, 0x00, 0x3C, 0x00, 0x00, 0x00, 0x00, 0x30,
    0x00, 0x00, 0x30, 0x00, 0x00, 0x30, 0x00, 0x00, 0x30, 0x00, 0xFF, 0xFF, 0xFC, 0xFF, 0xFF,
    0xFC, 0xC0, 0x30, 0x0C, 0xC0, 0x30, 0x0C, 0xC0, 0x30, 0x0C, 0xC0, 0x30, 0x0C, 0xC0, 0xCC,
    0x0C, 0xC0, 0xCC, 0x0C, 0xC3, 0x03, 0x0C, 0xC3, 0x03, 0x0C, 0xCC, 0x00, 0xCC, 0xCC, 0x00,
    0xCC, 0xC0, 0x00, 0x0C, 0xC0, 0x00, 0x0C, 0xC0, 0x00, 0x0C, 0xC0, 0x00, 0x0C, 0xC0, 0x00,
    0xFC, 0xC0, 0x00, 0xFC, 0x00, 0x00, 0x00, 0xFF, 0xFF, 0xFC, 0xFF, 0xFF, 0xFC, 0x00, 0x30,
    0x00, 0x00, 0x30, 0x00, 0x3F, 0xFF, 0xF0, 0x3F, 0xFF, 0xF0, 0x30, 0x30, 0x30, 0x30, 0x30,
    0x30, 0x3F, 0xFF, 0xF0, 0x3F, 0xFF, 0xF0, 0x30, 0x30, 0x30, 0x30, 0x30, 0x30, 0x30, 0x30,
    0x30, 0x30, 0x30, 0x30, 0xFF, 0xFF, 0xFC, 0xFF, 0xFF, 0xFC, 0x30, 0x00, 0x30, 0x30, 0x00,
    0x30, 0x30, 0x00, 0x30, 0x30, 0x00, 0x30, 0x30, 0x03, 0xF0, 0x30, 0x03, 0xF0, 0x00, 0x00,
    0x00, 0xC0, 0x0C, 0x00, 0xC0, 0x0C, 0x00, 0x30, 0x0C, 0x00, 0x30, 0x0C, 0x00, 0x30, 0xFF,
    0xF0, 0x30, 0xFF, 0xF0, 0x00, 0x0C, 0x30, 0x00, 0x0C, 0x30, 0x00, 0x0C, 0x30, 0x00, 0x0C,
    0x30, 0x00, 0x0C, 0x30, 0x00, 0x0C, 0x30, 0x33, 0xFF, 0xFC, 0x33, 0xFF, 0xFC, 0x30, 0x0C,
    0x00, 0x30, 0x0C, 0x00, 0x30, 0x33, 0x00, 0x30, 0x33, 0x00, 0xC0, 0xC0, 0xC0, 0xC0, 0xC0,
    0xC0, 0xCF, 0x00, 0x3C, 0xCF, 0x00, 0x3C, 0x00, 0x00, 0x00, 0xC0, 0x33, 0x00, 0xC0, 0x33,
    0x00, 0x30, 0x30, 0xC0, 0x30, 0x30, 0xC0, 0x30, 0xFF, 0xFC, 0x30, 0xFF, 0xFC, 0x03, 0xC0,
    0xC0, 0x03, 0xC0, 0xC0, 0x00, 0xFF, 0xFC, 0x00, 0xFF, 0xFC, 0x00, 0xC0, 0xC0, 0x00, 0xC0,
    0xC0, 0x30, 0xC0, 0xC0, 0x30, 0xC0, 0xC0, 0x30, 0xFF, 0xFC, 0x30, 0xFF, 0xFC, 0x30, 0xC0,
    0xC0, 0x30, 0xC0, 0xC0, 0xC0, 0xC0, 0xC0, 0xC0, 0xC0, 0xC0, 0xC0, 0xFF, 0xFC, 0xC0, 0xFF,
    0xFC, 0x00, 0x00, 0x00, 0xC0, 0x00, 0xCC, 0xC0, 0x00, 0xCC, 0x30, 0x00, 0xCC, 0x30, 0x00,
    0xCC, 0x30, 0xFF, 0xFC, 0x30, 0xFF, 0xFC, 0x00, 0xC0, 0xC0, 0x00, 0xC0, 0xC0, 0x00, 0xFC,
    0xCC, 0x00, 0xFC, 0xCC, 0x00, 0xC0, 0xCC, 0x00, 0xC0, 0xCC, 0x30, 0xFC, 0xCC, 0x30, 0xFC,
    0xCC, 0x30, 0xCC, 0x30, 0x30, 0xCC, 0x30, 0x30, 0xFC, 0x30, 0x30, 0xFC, 0x30, 0xC0, 0xC0,
    0xCC, 0xC0, 0xC0, 0xCC, 0xC3, 0x0F, 0x0C, 0xC3, 0x0F, 0x0C, 0x00, 0x00, 0x00, 0x00, 0x30,
    0x00, 0x00, 0x30, 0x00, 0x30, 0x30, 0x30, 0x30, 0x30, 0x30, 0x30, 0x30, 0x30, 0x30, 0x30,
    0x30, 0x30, 0x30, 0x30, 0x30, 0x30, 0x30, 0x3F, 0xFF, 0xF0, 0x3F, 0xFF, 0xF0, 0x00, 0x30,
    0x00, 0x00, 0x30, 0x00, 0x00, 0x30, 0x00, 0x00, 0x30, 0x00, 0xC0, 0x30, 0x0C, 0xC0, 0x30,
    0x0C, 0xC0, 0x30, 0x0C, 0xC0, 0x30, 0x0C, 0xC0, 0x30, 0x0C, 0xC0, 0x30, 0x0C, 0xFF, 0xFF,
    0xFC, 0xFF, 0xFF, 0xFC, 0x00, 0x00, 0x00, 0xFC, 0xFC, 0x0C, 0xFC, 0xFC, 0x0C, 0xCC, 0xCC,
    0xCC, 0xCC, 0xCC, 0xCC, 0xCC, 0xCC, 0xCC, 0xCC, 0xCC, 0xCC, 0xCC, 0xCC, 0xCC, 0xCC, 0xCC,
    0xCC, 0xCC, 0xCC, 0xCC, 0xCC, 0xCC, 0xCC, 0xFF, 0xFF, 0xCC, 0xFF, 0xFF, 0xCC, 0xCC, 0xCC,
    0xCC, 0xCC, 0xCC, 0xCC, 0xCC, 0xCC, 0xCC, 0xCC, 0xCC, 0xCC, 0xCC, 0xCC, 0x0C, 0xCC, 0xCC,
    0x0C, 0xCC, 0xCC, 0x0C, 0xCC, 0xCC, 0x0C, 0x3F, 0x3C, 0xFC, 0x3F, 0x3C, 0xFC, 0x00, 0x00,
    0x00, 0x00, 0x0C, 0x00, 0x00, 0x0C, 0x00, 0xFF, 0x0C, 0x00, 0xFF, 0x0C, 0x00, 0x0C, 0xFF,
    0xFC, 0x0C, 0xFF, 0xFC, 0x0C, 0x0C, 0x0C, 0x0C, 0x0C, 0x0C, 0x0C, 0x0C, 0x0C, 0x0C, 0x0C,
    0x0C, 0x0C, 0x0C, 0x0C, 0x0C, 0x0C, 0x0C, 0x0C, 0x0C, 0x0C, 0x0C, 0x0C, 0x0C, 0x0F, 0x0C,
    0x0C, 0x0F, 0x0C, 0x0C, 0xF0, 0x30, 0x0C, 0xF0, 0x30, 0x0C, 0x00, 0x30, 0x0C, 0x00, 0x30,
    0x0C, 0x00, 0xC0, 0xF0, 0x00, 0xC0, 0xF0, 0x00, 0x00, 0x00, 0x0C, 0x00, 0x00, 0x0C, 0x00,
    0x00, 0x0C, 0x03, 0xFC, 0x0C, 0x03, 0xFC, 0xFF, 0xF3, 0x0C, 0xFF, 0xF3, 0x0C, 0x0C, 0x33,
    0x0C, 0x0C, 0x33, 0x0C, 0x0C, 0x33, 0x0C, 0x0C, 0x33, 0x0C, 0x0C, 0x33, 0x0C, 0x0C, 0x33,
    0x0C, 0x0C, 0x33, 0x0C, 0x0C, 0x33, 0x0C, 0x0C, 0x33, 0x0C, 0x0C, 0x33, 0x0C, 0x30, 0x33,
    0x0C, 0x30, 0x33, 0x0C, 0x30, 0x33, 0x0C, 0x30, 0x33, 0x0C, 0xC3, 0xC3, 0xFC, 0xC3, 0xC3,
    0xFC, 0x00, 0x00, 0x00, 0x00, 0x03, 0x00, 0x00, 0x03, 0x00, 0x3F, 0xC3, 0x00, 0x3F, 0xC3,
    0x00, 0x00, 0x3F, 0xFC, 0x00, 0x3F, 0xFC, 0x00, 0x03, 0x0C, 0x00, 0x03, 0x0C, 0xFF, 0xC3,
    0x0C, 0xFF, 0xC3, 0x0C, 0x0C, 0x03, 0x0C, 0x0C, 0x03, 0x0C, 0x30, 0x03, 0x0C, 0x30, 0x03,
    0x0C, 0x30, 0xC3, 0x0C, 0x30, 0xC3, 0x0C, 0xC3, 0xCC, 0x0C, 0xC3, 0xCC, 0x0C, 0xFC, 0xCC,
    0x0C, 0xFC, 0xCC, 0x0C, 0x00, 0x30, 0xF0, 0x00, 0x30, 0xF0, 0x00, 0x00, 0x00, 0x0C, 0x00,
    0x00, 0x0C, 0x00, 0x00, 0x0F, 0xFF, 0xF0, 0x0F, 0xFF, 0xF0, 0x30, 0x00, 0x30, 0x30, 0x00,
    0x30, 0xCF, 0xFC, 0x30, 0xCF, 0xFC, 0x30, 0x0C, 0x0C, 0x30, 0x0C, 0x0C, 0x30, 0x0C, 0x0C,
    0x30, 0x0C, 0x0C, 0x30, 0x0F, 0xFC, 0x30, 0x0F, 0xFC, 0x30, 0x0C, 0x03, 0xF0, 0x0C, 0x03,
    0xF0, 0x0C, 0x00, 0x00, 0x0C, 0x00, 0x00, 0x0C, 0x00, 0x0C, 0x0C, 0x00, 0x0C, 0x03, 0xFF,
    0xFC, 0x03, 0xFF, 0xFC, 0x00, 0x00, 0x00, 0xFF, 0xFF, 0xFC, 0xFF, 0xFF, 0xFC, 0xC0, 0xC3,
    0x00, 0xC0, 0xC3, 0x00, 0xC0, 0xC3, 0x00, 0xC0, 0xC3, 0x00, 0xC0, 0xC3, 0x00, 0xC0, 0xC3,
    0x00, 0xC0, 0xC3, 0x00, 0xC0, 0xC3, 0x00, 0xC3, 0x03, 0x0C, 0xC3, 0x03, 0x0C, 0xC3, 0x03,
    0x0C, 0xC3, 0x03, 0x0C, 0xCC, 0x03, 0xFC, 0xCC, 0x03, 0xFC, 0xC0, 0x00, 0x00, 0xC0, 0x00,
    0x00, 0xC0, 0x00, 0x00, 0xC0, 0x00, 0x00, 0xFF, 0xFF, 0xFC, 0xFF, 0xFF, 0xFC, 0x00, 0x00,
    0x00, 0x30, 0x30, 0x00, 0x30, 0x30, 0x00, 0x30, 0x30, 0x00, 0x30, 0x30, 0x00, 0x33, 0xFF,
    0xC0, 0x33, 0xFF, 0xC0, 0xFC, 0x30, 0xC0, 0xFC, 0x30, 0xC0, 0x30, 0x30, 0xC0, 0x30, 0x30,
    0xC0, 0x30, 0xF0, 0xF0, 0x30, 0xF0, 0xF0, 0x33, 0x30, 0xCC, 0x33, 0x30, 0xCC, 0x30, 0x30,
    0xCC, 0x30, 0x30, 0xCC, 0x30, 0xC0, 0xC0, 0x30, 0xC0, 0xC0, 0x30, 0xC0, 0xC0, 0x30, 0xC0,
    0xC0, 0x33, 0x0F, 0x00, 0x33, 0x0F, 0x00, 0x00, 0x00, 0x00, 0x0C, 0x00, 0xC0, 0x0C, 0x00,
    0xC0, 0x03, 0x03, 0x00, 0x03, 0x03, 0x00, 0x3F, 0xFF, 0xF0, 0x3F, 0xFF, 0xF0, 0x30, 0x30,
    0x30, 0x30, 0x30, 0x30, 0x3F, 0xFF, 0xF0, 0x3F, 0xFF, 0xF0, 0x30, 0x30, 0x30, 0x30, 0x30,
    0x30, 0x3F, 0xFF, 0xF0, 0x3F, 0xFF, 0xF0, 0x00, 0x30, 0x00, 0x00, 0x30, 0x00, 0xFF, 0xFF,
    0xFC, 0xFF, 0xFF, 0xFC, 0x00, 0x30, 0x00, 0x00, 0x30, 0x00, 0x00, 0x30, 0x00, 0x00, 0x30,
    0x00, 0x00, 0x00, 0x00, 0xFF, 0xCF, 0xFC, 0xFF, 0xCF, 0xFC, 0xC0, 0xCC, 0x0C, 0xC0, 0xCC,
    0x0C, 0xC0, 0xCC, 0x0C, 0xC0, 0xCC, 0x0C, 0xFF, 0xCC, 0x0C, 0xFF, 0xCC, 0x0C, 0xC0, 0xCC,
    0x0C, 0xC0, 0xCC, 0x0C, 0xC0, 0xCC, 0x0C, 0xC0, 0xCC, 0x0C, 0xFF, 0xCC, 0x0C, 0xFF, 0xCC,
    0x0C, 0xC3, 0x0C, 0x0C, 0xC3, 0x0C, 0x0C, 0xC3, 0x0C, 0x0C, 0xC3, 0x0C, 0x0C, 0xCC, 0xCC,
    0xFC, 0xCC, 0xCC, 0xFC, 0xF0, 0xCC, 0x00, 0xF0, 0xCC, 0x00, 0x00, 0x00, 0x00, 0x30, 0xC3,
    0x00, 0x30, 0xC3, 0x00, 0x30, 0xC0, 0xC0, 0x30, 0xC0, 0xC0, 0xC0, 0xC0, 0x00, 0xC0, 0xC0,
    0x00, 0xFF, 0xFF, 0xFC, 0xFF, 0xFF, 0xFC, 0x03, 0x00, 0x00, 0x03, 0x00, 0x00, 0x03, 0xFF,
    0xC0, 0x03, 0xFF, 0xC0, 0x0C, 0xC0, 0xC0, 0x0C, 0xC0, 0xC0, 0x0C, 0x33, 0x00, 0x0C, 0x33,
    0x00, 0x30, 0x0C, 0x00, 0x30, 0x0C, 0x00, 0x30, 0xF3, 0xC0, 0x30, 0xF3, 0xC0, 0xCF, 0x00,
    0x3C, 0xCF, 0x00, 0x3C, 0x00, 0x00, 0x00, 0xFF, 0xF0, 0x00, 0xFF, 0xF0, 0x00, 0x30, 0xCF,
    0xFC, 0x30, 0xCF, 0xFC, 0x3F, 0xCC, 0x0C, 0x3F, 0xCC, 0x0C, 0x30, 0xCC, 0x0C, 0x30, 0xCC,
    0x0C, 0x30, 0xCC, 0x0C, 0x30, 0xCC, 0x0C, 0x3F, 0xCC, 0x0C, 0x3F, 0xCC, 0x0C, 0x30, 0xC3,
    0x30, 0x30, 0xC3, 0x30, 0x30, 0xC3, 0x30, 0x30, 0xC3, 0x30, 0x33, 0xF0, 0xC0, 0x33, 0xF0,
    0xC0, 0xFC, 0xC3, 0x30, 0xFC, 0xC3, 0x30, 0x00, 0xCC, 0x0C, 0x00, 0xCC, 0x0C, 0x00, 0x00,
    0x00, 0x3F, 0xFF, 0xF0, 0x3F, 0xFF, 0xF0, 0x30, 0x00, 0x30, 0x30, 0x00, 0x30, 0x30, 0x00,
    0x30, 0x30, 0x00, 0x30, 0x30, 0x00, 0x30, 0x30, 0x00, 0x30, 0x30, 0x00, 0x30, 0x30, 0x00,
    0x30, 0x3F, 0xFF, 0xF0, 0x3F, 0xFF, 0xF0, 0x00, 0x00, 0x00, 0x00, 0x00, 0x00, 0x00, 0x00,
    0x00, 0x00, 0x00, 0x00, 0x0C, 0x00, 0xC0, 0x0C, 0x00, 0xC0, 0x30, 0x00, 0x30, 0x30, 0x00,
    0x30, 0xC0, 0x00, 0x0C, 0xC0, 0x00, 0x0C, 0x00, 0x00, 0x00, 0xFF, 0xFF, 0xFC, 0xFF, 0xFF,
    0xFC, 0x00, 0x00, 0x30, 0x00, 0x00, 0x30, 0x00, 0x00, 0x30, 0x00, 0x00, 0x30, 0x0F, 0xFC,
    0x30, 0x0F, 0xFC, 0x30, 0x0C, 0x0C, 0x30, 0x0C, 0x0C, 0x30, 0x0C, 0x0C, 0x30, 0x0C, 0x0C,
    0x30, 0x0C, 0x0C, 0x30, 0x0C, 0x0C, 0x30, 0x0F, 0xFC, 0x30, 0x0F, 0xFC, 0x30, 0x00, 0x00,
    0x30, 0x00, 0x00, 0x30, 0x00, 0x00, 0x30, 0x00, 0x00, 0x30, 0x00, 0x03, 0xF0, 0x00, 0x03,
    0xF0, 0x00, 0x00, 0x00, 0xFF, 0xFF, 0xFC, 0xFF, 0xFF, 0xFC, 0x00, 0x0C, 0x00, 0x00, 0x0C,
    0x00, 0x00, 0xF0, 0x00, 0x00, 0xF0, 0x00, 0x0F, 0x33, 0xC0, 0x0F, 0x33, 0xC0, 0xF0, 0x30,
    0x3C, 0xF0, 0x30, 0x3C, 0x00, 0x30, 0x00, 0x00, 0x30, 0x00, 0x00, 0x00, 0x00, 0x00, 0x00,
    0x00, 0x3F, 0xFF, 0xF0, 0x3F, 0xFF, 0xF0, 0x30, 0x00, 0x30, 0x30, 0x00, 0x30, 0x30, 0x00,
    0x30, 0x30, 0x00, 0x30, 0x3F, 0xFF, 0xF0, 0x3F, 0xFF, 0xF0, 0x00, 0x00, 0x00, 0x00, 0xFC,
    0x00, 0x00, 0xFC, 0x00, 0x0F, 0x03, 0xC0, 0x0F, 0x03, 0xC0, 0xF0, 0x30, 0x3C, 0xF0, 0x30,
    0x3C, 0x00, 0x0C, 0x00, 0x00, 0x0C, 0x00, 0x3F, 0xFF, 0xF0, 0x3F, 0xFF, 0xF0, 0x00, 0x00,
    0xC0, 0x00, 0x00, 0xC0, 0x00, 0x03, 0x00, 0x00, 0x03, 0x00, 0x3F, 0xFF, 0xF0, 0x3F, 0xFF,
    0xF0, 0x30, 0x00, 0x30, 0x30, 0x00, 0x30, 0x30, 0x00, 0x30, 0x30, 0x00, 0x30, 0x3F, 0xFF,
    0xF0, 0x3F, 0xFF, 0xF0, 0x00, 0x00, 0x00, 0x00, 0x0C, 0x00, 0x00, 0x0C, 0x00, 0x0F, 0xFF,
    0xFC, 0x0F, 0xFF, 0xFC, 0x0C, 0x00, 0x0C, 0x0C, 0x00, 0x0C, 0x0C, 0x00, 0x0C, 0x0C, 0x00,
    0x0C, 0x0F, 0xFF, 0xFC, 0x0F, 0xFF, 0xFC, 0x0C, 0x00, 0x00, 0x0C, 0x00, 0x00, 0x0F, 0xFF,
    0xFC, 0x0F, 0xFF, 0xFC, 0x0F, 0x00, 0x0C, 0x0F, 0x00, 0x0C, 0x33, 0x00, 0x0C, 0x33, 0x00,
    0x0C, 0x33, 0x00, 0x0C, 0x33, 0x00, 0x0C, 0xC3, 0xFF, 0xFC, 0xC3, 0xFF, 0xFC, 0x00, 0x00,
    0x00, 0x30, 0x30, 0x00, 0x30, 0x30, 0x00, 0x3F, 0xFF, 0xF0, 0x3F, 0xFF, 0xF0, 0xC0, 0x30,
    0x00, 0xC0, 0x30, 0x00, 0x00, 0x30, 0x00, 0x00, 0x30, 0x00, 0xFF, 0xFF, 0xFC, 0xFF, 0xFF,
    0xFC, 0x00, 0x00, 0x00, 0x00, 0x00, 0x00, 0x3F, 0xFF, 0xF0, 0x3F, 0xFF, 0xF0, 0x30, 0x00,
    0x30, 0x30, 0x00, 0x30, 0x30, 0x00, 0x30, 0x30, 0x00, 0x30, 0x30, 0x00, 0x30, 0x30, 0x00,
    0x30, 0x3F, 0xFF, 0xF0, 0x3F, 0xFF, 0xF0, 0x00, 0x00, 0x00, 0xFF, 0xFF, 0xFC, 0xFF, 0xFF,
    0xFC, 0xC0, 0x00, 0x0C, 0xC0, 0x00, 0x0C, 0xC0, 0x00, 0x0C, 0xC0, 0x00, 0x0C, 0xC3, 0xFF,
    0x0C, 0xC3, 0xFF, 0x0C, 0xC3, 0x03, 0x0C, 0xC3, 0x03, 0x0C, 0xC3, 0x03, 0x0C, 0xC3, 0x03,
    0x0C, 0xC3, 0x03, 0x0C, 0xC3, 0x03, 0x0C, 0xC3, 0xFF, 0x0C, 0xC3, 0xFF, 0x0C, 0xC0, 0x00,
    0x0C, 0xC0, 0x00, 0x0C, 0xC0, 0x00, 0x0C, 0xC0, 0x00, 0x0C, 0xFF, 0xFF, 0xFC, 0xFF, 0xFF,
    0xFC, 0x00, 0x00, 0x00, 0xFF, 0xFF, 0xFC, 0xFF, 0xFF, 0xFC, 0xC0, 0x30, 0x0C, 0xC0, 0x30,
    0x0C, 0xCF, 0xFF, 0xCC, 0xCF, 0xFF, 0xCC, 0xC0, 0x30, 0x0C, 0xC0, 0x30, 0x0C, 0xC3, 0xFF,
    0x0C, 0xC3, 0xFF, 0x0C, 0xC0, 0x30, 0x0C, 0xC0, 0x30, 0x0C, 0xCF, 0xFF, 0xCC, 0xCF, 0xFF,
    0xCC, 0xC0, 0x30, 0xCC, 0xC0, 0x30, 0xCC, 0xC0, 0x33, 0xCC, 0xC0, 0x33, 0xCC, 0xC0, 0x30,
    0x0C, 0xC0, 0x30, 0x0C, 0xFF, 0xFF, 0xFC, 0xFF, 0xFF, 0xFC, 0x00, 0x00, 0x00, 0xFF, 0xFF,
    0xFC, 0xFF, 0xFF, 0xFC, 0xC0, 0x30, 0x0C, 0xC0, 0x30, 0x0C, 0xC0, 0x30, 0x0C, 0xC0, 0x30,
    0x0C, 0xCF, 0xFF, 0xCC, 0xCF, 0xFF, 0xCC, 0xC0, 0x30, 0x0C, 0xC0, 0x30, 0x0C, 0xC3, 0xFF,
    0x0C, 0xC3, 0xFF, 0x0C, 0xC3, 0x03, 0x0C, 0xC3, 0x03, 0x0C, 0xC3, 0x03, 0x0C, 0xC3, 0x03,
    0x0C, 0xC3, 0xFF, 0x0C, 0xC3, 0xFF, 0x0C, 0xC0, 0x00, 0x0C, 0xC0, 0x00, 0x0C, 0xFF, 0xFF,
    0xFC, 0xFF, 0xFF, 0xFC, 0x00, 0x00, 0x00, 0xFF, 0xFF, 0xFC, 0xFF, 0xFF, 0xFC, 0xC0, 0xC0,
    0x0C, 0xC0, 0xC0, 0x0C, 0xC0, 0xFF, 0x0C, 0xC0, 0xFF, 0x0C, 0xCF, 0x03, 0x0C, 0xCF, 0x03,
    0x0C, 0xC0, 0xFC, 0x0C, 0xC0, 0xFC, 0x0C, 0xFF, 0x03, 0xFC, 0xFF, 0x03, 0xFC, 0xC0, 0xF0,
    0x0C, 0xC0, 0xF0, 0x0C, 0xC0, 0x0F, 0x0C, 0xC0, 0x0F, 0x0C, 0xC3, 0xC0, 0x0C, 0xC3, 0xC0,
    0x0C, 0xC0, 0x3C, 0x0C, 0xC0, 0x3C, 0x0C, 0xFF, 0xFF, 0xFC, 0xFF, 0xFF, 0xFC, 0x00, 0x00,
    0x00, 0x00, 0xC0, 0x00, 0x00, 0xC0, 0x00, 0x00, 0xC0, 0x00, 0x00, 0xC0, 0x00, 0xFF, 0xFF,
    0xFC, 0xFF, 0xFF, 0xFC, 0x03, 0x00, 0x00, 0x03, 0x00, 0x00, 0x03, 0x03, 0x00, 0x03, 0x03,
    0x00, 0x0C, 0x03, 0x00, 0x0C, 0x03, 0x00, 0x3C, 0xFF, 0xFC, 0x3C, 0xFF, 0xFC, 0xCC, 0x03,
    0x00, 0xCC, 0x03, 0x00, 0x0C, 0x03, 0x00, 0x0C, 0x03, 0x00, 0x0C, 0x03, 0x00, 0x0C, 0x03,
    0x00, 0x0C, 0xFF, 0xFC, 0x0C, 0xFF, 0xFC, 0x00, 0x00, 0x00, 0xFF, 0xFC, 0x0C, 0xFF, 0xFC,
    0x0C, 0x0C, 0x30, 0xCC, 0x0C, 0x30, 0xCC, 0x0C, 0x30, 0xCC, 0x0C, 0x30, 0xCC, 0xFF, 0xFC,
    0xCC, 0xFF, 0xFC, 0xCC, 0x0C, 0x30, 0xCC, 0x0C, 0x30, 0xCC, 0x30, 0x30, 0x0C, 0x30, 0x30,
    0x0C, 0xC0, 0x00, 0x3C, 0xC0, 0x00, 0x3C, 0x00, 0x30, 0x00, 0x00, 0x30, 0x00, 0x3F, 0xFF,
    0xF0, 0x3F, 0xFF, 0xF0, 0x00, 0x30, 0x00, 0x00, 0x30, 0x00, 0xFF, 0xFF, 0xFC, 0xFF, 0xFF,
    0xFC, 0x00, 0x00, 0x00, 0x30, 0x30, 0x30, 0x30, 0x30, 0x30, 0x33, 0xFF, 0xFC, 0x33, 0xFF,
    0xFC, 0x33, 0x03, 0x0C, 0x33, 0x03, 0x0C, 0xFF, 0x33, 0x3C, 0xFF, 0x33, 0x3C, 0x33, 0xFF,
    0xFC, 0x33, 0xFF, 0xFC, 0x30, 0x00, 0x00, 0x30, 0x00, 0x00, 0x30, 0xFF, 0xF0, 0x30, 0xFF,
    0xF0, 0x3C, 0xC0, 0x30, 0x3C, 0xC0, 0x30, 0xF0, 0xFF, 0xF0, 0xF0, 0xFF, 0xF0, 0x00, 0xC0,
    0x30, 0x00, 0xC0, 0x30, 0x00, 0xFF, 0xF0, 0x00, 0xFF, 0xF0, 0x00, 0x00, 0x00, 0x00, 0x30,
    0x00, 0x00, 0x30, 0x00, 0xFF, 0xFF, 0xFC, 0xFF, 0xFF, 0xFC, 0x00, 0x30, 0x00, 0x00, 0x30,
    0x00, 0x3F, 0xFF, 0xF0, 0x3F, 0xFF, 0xF0, 0x00, 0x00, 0x00, 0x00, 0x00, 0x00, 0x3F, 0xFF,
    0xF0, 0x3F, 0xFF, 0xF0, 0x30, 0x30, 0x30, 0x30, 0x30, 0x30, 0x3F, 0xFF, 0xF0, 0x3F, 0xFF,
    0xF0, 0x30, 0x00, 0x00, 0x30, 0x00, 0x00, 0x30, 0x00, 0x00, 0x30, 0x00, 0x00, 0xC0, 0x00,
    0x00, 0xC0, 0x00, 0x00, 0x00, 0x00, 0x00, 0x03, 0x00, 0x00, 0x03, 0x00, 0x00, 0x0F, 0xFF,
    0xC0, 0x0F, 0xFF, 0xC0, 0xF3, 0x03, 0x00, 0xF3, 0x03, 0x00, 0x00, 0xFC, 0x00, 0x00, 0xFC,
    0x00, 0x0F, 0x03, 0xC0, 0x0F, 0x03, 0xC0, 0xF0, 0x00, 0x3C, 0xF0, 0x00, 0x3C, 0x3F, 0xFF,
    0xF0, 0x3F, 0xFF, 0xF0, 0x30, 0x30, 0x30, 0x30, 0x30, 0x30, 0x3F, 0xFF, 0xF0, 0x3F, 0xFF,
    0xF0, 0x30, 0x30, 0x30, 0x30, 0x30, 0x30, 0x3F, 0xFF, 0xF0, 0x3F, 0xFF, 0xF0, 0x00, 0x00,
    0x00, 0x30, 0x00, 0x00, 0x30, 0x00, 0x00, 0x3F, 0xFF, 0xFC, 0x3F, 0xFF, 0xFC, 0xCC, 0x00,
    0x30, 0xCC, 0x00, 0x30, 0x0F, 0xFF, 0xF0, 0x0F, 0xFF, 0xF0, 0x0C, 0x00, 0x30, 0x0C, 0x00,
    0x30, 0x0F, 0xFF, 0xF0, 0x0F, 0xFF, 0xF0, 0x00, 0xC0, 0x00, 0x00, 0xC0, 0x00, 0x03, 0xFF,
    0xF0, 0x03, 0xFF, 0xF0, 0x3F, 0x00, 0xC0, 0x3F, 0x00, 0xC0, 0x00, 0xFF, 0x00, 0x00, 0xFF,
    0x00, 0xFF, 0x00, 0xFC, 0xFF, 0x00, 0xFC, 0x00, 0x00, 0x00, 0x00, 0x30, 0x00, 0x00, 0x30,
    0x00, 0x00, 0xFF, 0xC0, 0x00, 0xFF, 0xC0, 0x3F, 0x00, 0xC0, 0x3F, 0x00, 0xC0, 0x00, 0xC3,
    0x00, 0x00, 0xC3, 0x00, 0x00, 0x3C, 0xC0, 0x00, 0x3C, 0xC0, 0x03, 0xC3, 0xFC, 0x03, 0xC3,
    0xFC, 0xFC, 0x0C, 0x0C, 0xFC, 0x0C, 0x0C, 0x03, 0xF0, 0x0C, 0x03, 0xF0, 0x0C, 0x00, 0x0C,
    0x30, 0x00, 0x0C, 0x30, 0x00, 0x03, 0xC0, 0x00, 0x03, 0xC0, 0x0F, 0xFC, 0x00, 0x0F, 0xFC,
    0x00, 0x00, 0x00, 0x00, 0x0C, 0x30, 0x00, 0x0C, 0x30, 0x00, 0x0C, 0x30, 0x00, 0x0C, 0x30,
    0x00, 0x0F, 0xFF, 0xF0, 0x0F, 0xFF, 0xF0, 0x30, 0x30, 0x00, 0x30, 0x30, 0x00, 0xC0, 0x30,
    0x00, 0xC0, 0x30, 0x00, 0x00, 0x30, 0x00, 0x00, 0x30, 0x00, 0xFF, 0xFF, 0xFC, 0xFF, 0xFF,
    0xFC, 0x00, 0xCC, 0x00, 0x00, 0xCC, 0x00, 0x03, 0x03, 0x00, 0x03, 0x03, 0x00, 0x0C, 0x00,
    0xC0, 0x0C, 0x00, 0xC0, 0xF0, 0x00, 0x3C, 0xF0, 0x00, 0x3C, 0x00, 0x00, 0x00, 0x00, 0xC0,
    0x00, 0x00, 0xC0, 0x00, 0xFF, 0xFF, 0xFC, 0xFF, 0xFF, 0xFC, 0x03, 0x00, 0x00, 0x03, 0x00,
    0x00, 0x0C, 0x3F, 0xF0, 0x0C, 0x3F, 0xF0, 0x0C, 0x00, 0xC0, 0x0C, 0x00, 0xC0, 0x3C, 0x03,
    0x00, 0x3C, 0x03, 0x00, 0xCC, 0x03, 0x00, 0xCC, 0x03, 0x00, 0x0C, 0xFF, 0xFC, 0x0C, 0xFF,
    0xFC, 0x0C, 0x03, 0x00, 0x0C, 0x03, 0x00, 0x0C, 0x03, 0x00, 0x0C, 0x03, 0x00, 0x0C, 0x0F,
    0x00, 0x0C, 0x0F, 0x00, 0x00, 0x00, 0x00, 0x00, 0x30, 0x00, 0x00, 0x30, 0x00, 0xFF, 0xFF,
    0xFC, 0xFF, 0xFF, 0xFC, 0xC0, 0x00, 0x0C, 0xC0, 0x00, 0x0C, 0xCF, 0xFF, 0xCC, 0xCF, 0xFF,
    0xCC, 0x00, 0x00, 0x00, 0x00, 0x00, 0x00, 0x00, 0x00, 0x00, 0x00, 0x00, 0x00, 0xFF, 0xFF,
    0xFC, 0xFF, 0xFF, 0xFC, 0x03, 0x03, 0x00, 0x03, 0x03, 0x00, 0x03, 0x03, 0x00, 0x03, 0x03,
    0x00, 0x0C, 0x03, 0x0C, 0x0C, 0x03, 0x0C, 0xF0, 0x03, 0xFC, 0xF0, 0x03, 0xFC, 0x00, 0x00,
    0x00, 0x00, 0x30, 0x00, 0x00, 0x30, 0x00, 0xFF, 0xFF, 0xFC, 0xFF, 0xFF, 0xFC, 0xC0, 0x00,
    0x0C, 0xC0, 0x00, 0x0C, 0x00, 0x00, 0x00, 0x00, 0x00, 0x00, 0x3F, 0xFF, 0xF0, 0x3F, 0xFF,
    0xF0, 0x00, 0x30, 0x00, 0x00, 0x30, 0x00, 0x0C, 0x30, 0x00, 0x0C, 0x30, 0x00, 0x0C, 0x3F,
    0xF0, 0x0C, 0x3F, 0xF0, 0x0C, 0x30, 0x00, 0x0C, 0x30, 0x00, 0x33, 0xF0, 0x00, 0x33, 0xF0,
    0x00, 0xC0, 0x0F, 0xFC, 0xC0, 0x0F, 0xFC, 0x00, 0x00, 0x00, 0x00, 0x30, 0x00, 0x00, 0x30,
    0x00, 0xFF, 0xFF, 0xFC, 0xFF, 0xFF, 0xFC, 0xC3, 0x03, 0x0C, 0xC3, 0x03, 0x0C, 0x3C, 0x30,
    0xF0, 0x3C, 0x30, 0xF0, 0x00, 0xCC, 0x00, 0x00, 0xCC, 0x00, 0x0F, 0x03, 0xC0, 0x0F, 0x03,
    0xC0, 0xF0, 0x00, 0x3C, 0xF0, 0x00, 0x3C, 0x0F, 0xFF, 0xC0, 0x0F, 0xFF, 0xC0, 0x0C, 0x00,
    0xC0, 0x0C, 0x00, 0xC0, 0x0C, 0x00, 0xC0, 0x0C, 0x00, 0xC0, 0x0F, 0xFF, 0xC0, 0x0F, 0xFF,
    0xC0, 0x00, 0x00, 0x00, 0x00, 0x30, 0x00, 0x00, 0x30, 0x00, 0xFF, 0xFF, 0xFC, 0xFF, 0xFF,
    0xFC, 0xC0, 0xC3, 0x0C, 0xC0, 0xC3, 0x0C, 0x33, 0x0C, 0x30, 0x33, 0x0C, 0x30, 0xC3, 0xF0,
    0x0C, 0xC3, 0xF0, 0x0C, 0x0F, 0x00, 0xC0, 0x0F, 0x00, 0xC0, 0xF3, 0xFF, 0xC0, 0xF3, 0xFF,
    0xC0, 0x00, 0x00, 0x00, 0x00, 0x00, 0x00, 0x30, 0x30, 0x30, 0x30, 0x30, 0x30, 0x30, 0x30,
    0x30, 0x30, 0x30, 0x30, 0x3F, 0xFF, 0xF0, 0x3F, 0xFF, 0xF0, 0x00, 0x00, 0x00, 0x00, 0x00,
    0x30, 0x00, 0x00, 0x30, 0xFF, 0x00, 0x30, 0xFF, 0x00, 0x30, 0x03, 0x3F, 0xFC, 0x03, 0x3F,
    0xFC, 0xC3, 0x00, 0x30, 0xC3, 0x00, 0x30, 0x33, 0x00, 0x30, 0x33, 0x00, 0x30, 0x33, 0x30,
    0x30, 0x33, 0x30, 0x30, 0x0C, 0x0C, 0x30, 0x0C, 0x0C, 0x30, 0x0C, 0x0C, 0x30, 0x0C, 0x0C,
    0x30, 0x33, 0x00, 0x30, 0x33, 0x00, 0x30, 0x33, 0x00, 0x30, 0x33, 0x00, 0x30, 0xC0, 0x03,
    0xF0, 0xC0, 0x03, 0xF0, 0x00, 0x00, 0x00, 0x3F, 0xFF, 0xF0, 0x3F, 0xFF, 0xF0, 0x30, 0x00,
    0x30, 0x30, 0x00, 0x30, 0x3F, 0xFF, 0xF0, 0x3F, 0xFF, 0xF0, 0x30, 0x00, 0x00, 0x30, 0x00,
    0x00, 0x30, 0x00, 0x0C, 0x30, 0x00, 0x0C, 0x0F, 0xFF, 0xFC, 0x0F, 0xFF, 0xFC, 0x00, 0x00,
    0xC0, 0x00, 0x00, 0xC0, 0xFF, 0xFF, 0xFC, 0xFF, 0xFF, 0xFC, 0x0C, 0x00, 0xC0, 0x0C, 0x00,
    0xC0, 0x03, 0x00, 0xC0, 0x03, 0x00, 0xC0, 0x00, 0x0F, 0xC0, 0x00, 0x0F, 0xC0, 0x00, 0x00,
    0x00, 0x0C, 0x03, 0xFC, 0x0C, 0x03, 0xFC, 0x0C, 0xFC, 0x0C, 0x0C, 0xFC, 0x0C, 0xCC, 0x0C,
    0x30, 0xCC, 0x0C, 0x30, 0x3C, 0x03, 0xC0, 0x3C, 0x03, 0xC0, 0x0C, 0xFC, 0x00, 0x0C, 0xFC,
    0x00, 0x0C, 0x00, 0x30, 0x0C, 0x00, 0x30, 0x3C, 0xFF, 0xFC, 0x3C, 0xFF, 0xFC, 0xCC, 0x00,
    0x30, 0xCC, 0x00, 0x30, 0x0C, 0x30, 0x30, 0x0C, 0x30, 0x30, 0x0C, 0x0C, 0x30, 0x0C, 0x0C,
    0x30, 0x0C, 0x00, 0xF0, 0x0C, 0x00, 0xF0, 0x00, 0x00, 0x00, 0x00, 0x30, 0x00, 0x00, 0x30,
    0x00, 0x00, 0x30, 0x00, 0x00, 0x30, 0x00, 0x0C, 0x30, 0xC0, 0x0C, 0x30, 0xC0, 0x0C, 0x30,
    0x30, 0x0C, 0x30, 0x30, 0x30, 0x30, 0x0C, 0x30, 0x30, 0x0C, 0xC0, 0x30, 0x0C, 0xC0, 0x30,
    0x0C, 0x00, 0x30, 0xC0, 0x00, 0x30, 0xC0, 0x00, 0x03, 0x00, 0x00, 0x03, 0x00, 0x00, 0x3C,
    0x00, 0x00, 0x3C, 0x00, 0x03, 0xC0, 0x00, 0x03, 0xC0, 0x00, 0xFC, 0x00, 0x00, 0xFC, 0x00,
    0x00, 0x00, 0x00, 0x00, 0x3F, 0xFF, 0xF0, 0x3F, 0xFF, 0xF0, 0x00, 0x00, 0x30, 0x00, 0x00,
    0x30, 0x00, 0x00, 0x30, 0x00, 0x00, 0x30, 0x30, 0x00, 0x30, 0x30, 0x00, 0x30, 0x30, 0x00,
    0x30, 0x30, 0x00, 0x30, 0x3F, 0xFF, 0xF0, 0x3F, 0xFF, 0xF0, 0x30, 0x00, 0x00, 0x30, 0x00,
    0x00, 0x30, 0x00, 0x00, 0x30, 0x00, 0x00, 0x30, 0x00, 0x0C, 0x30, 0x00, 0x0C, 0x30, 0x00,
    0x0C, 0x30, 0x00, 0x0C, 0x0F, 0xFF, 0xFC, 0x0F, 0xFF, 0xFC, 0x00, 0x00, 0x00, 0x00, 0x0F,
    0xFC, 0x00, 0x0F, 0xFC, 0xFF, 0xF0, 0x00, 0xFF, 0xF0, 0x00, 0x00, 0x30, 0x00, 0x00, 0x30,
    0x00, 0x00, 0x30, 0x00, 0x00, 0x30, 0x00, 0x3F, 0xFF, 0xF0, 0x3F, 0xFF, 0xF0, 0x30, 0x30,
    0x30, 0x30, 0x30, 0x30, 0x30, 0x30, 0x30, 0x30, 0x30, 0x30, 0x30, 0x30, 0x30, 0x30, 0x30,
    0x30, 0x30, 0x30, 0xF0, 0x30, 0x30, 0xF0, 0x00, 0x30, 0x00, 0x00, 0x30, 0x00, 0x00, 0x30,
    0x00, 0x00, 0x30, 0x00, 0x00, 0x00, 0x00, 0x00, 0x0C, 0x00, 0x00, 0x0C, 0x00, 0x3F, 0xFF,
    0xFC, 0x3F, 0xFF, 0xFC, 0x30, 0xC0, 0xC0, 0x30, 0xC0, 0xC0, 0x3F, 0xFF, 0xFC, 0x3F, 0xFF,
    0xFC, 0x30, 0xC0, 0xC0, 0x30, 0xC0, 0xC0, 0x30, 0xFF, 0xC0, 0x30, 0xFF, 0xC0, 0x30, 0x00,
    0x00, 0x30, 0x00, 0x00, 0x33, 0xFF, 0xF0, 0x33, 0xFF, 0xF0, 0x30, 0xC0, 0xC0, 0x30, 0xC0,
    0xC0, 0x30, 0x3F, 0x00, 0x30, 0x3F, 0x00, 0xCF, 0xC0, 0xFC, 0xCF, 0xC0, 0xFC, 0x00, 0x00,
    0x00, 0xFF, 0xFF, 0xFC, 0xFF, 0xFF, 0xFC, 0x0C, 0x00, 0xC0, 0x0C, 0x00, 0xC0, 0x0C, 0x00,
    0xC0, 0x0C, 0x00, 0xC0, 0x0C, 0x00, 0xC0, 0x0C, 0x00, 0xC0, 0x0C, 0x00, 0xC0, 0x0C, 0x00,
    0xC0, 0xFF, 0xFF, 0xFC, 0xFF, 0xFF, 0xFC, 0x0C, 0x00, 0xC0, 0x0C, 0x00, 0xC0, 0x0C, 0x00,
    0xC0, 0x0C, 0x00, 0xC0, 0x30, 0x00, 0xC0, 0x30, 0x00, 0xC0, 0x30, 0x00, 0xC0, 0x30, 0x00,
    0xC0, 0xC0, 0x00, 0xC0, 0xC0, 0x00, 0xC0, 0x00, 0x00, 0x00, 0x0C, 0x30, 0x00, 0x0C, 0x30,
    0x00, 0x0C, 0xFF, 0xFC, 0x0C, 0xFF, 0xFC, 0xCC, 0x30, 0x00, 0xCC, 0x30, 0x00, 0xCF, 0x30,
    0xC0, 0xCF, 0x30, 0xC0, 0xCC, 0x30, 0xCC, 0xCC, 0x30, 0xCC, 0xCC, 0x33, 0xCC, 0xCC, 0x33,
    0xCC, 0x0C, 0x3C, 0xF0, 0x0C, 0x3C, 0xF0, 0x0C, 0x30, 0xC0, 0x0C, 0x30, 0xC0, 0x0C, 0x30,
    0xC0, 0x0C, 0x30, 0xC0, 0x0C, 0xC3, 0x30, 0x0C, 0xC3, 0x30, 0x0C, 0x3C, 0x0C, 0x0C, 0x3C,
    0x0C, 0x00, 0x00, 0x00, 0x00, 0xC0, 0x00, 0x00, 0xC0, 0x00, 0x0F, 0xFF, 0xC0, 0x0F, 0xFF,
    0xC0, 0x0C, 0x00, 0xC0, 0x0C, 0x00, 0xC0, 0x0F, 0xFF, 0xC0, 0x0F, 0xFF, 0xC0, 0x0C, 0x00,
    0xC0, 0x0C, 0x00, 0xC0, 0x0F, 0xFF, 0xC0, 0x0F, 0xFF, 0xC0, 0x0C, 0x00, 0xC0, 0x0C, 0x00,
    0xC0, 0x0F, 0xFF, 0xC0, 0x0F, 0xFF, 0xC0, 0x33, 0x30, 0x30, 0x33, 0x30, 0x30, 0x33, 0x0C,
    0xCC, 0x33, 0x0C, 0xCC, 0xC0, 0xFF, 0xCC, 0xC0, 0xFF, 0xCC, 0x00, 0x00, 0x00, 0x00, 0x30,
    0x00, 0x00, 0x30, 0x00, 0x3F, 0xFF, 0xF0, 0x3F, 0xFF, 0xF0, 0x03, 0x03, 0x00, 0x03, 0x03,
    0x00, 0xFF, 0xFF, 0xFC, 0xFF, 0xFF, 0xFC, 0x0C, 0x00, 0xC0, 0x0C, 0x00, 0xC0, 0x0F, 0xFF,
    0xC0, 0x0F, 0xFF, 0xC0, 0x0C, 0x00, 0xC0, 0x0C, 0x00, 0xC0, 0x0F, 0xFF, 0xC0, 0x0F, 0xFF,
    0xC0, 0x03, 0x30, 0x30, 0x03, 0x30, 0x30, 0x33, 0x0C, 0xCC, 0x33, 0x0C, 0xCC, 0xC0, 0xFF,
    0xCC, 0xC0, 0xFF, 0xCC, 0x00, 0x00, 0x00, 0x00, 0x0C, 0xC0, 0x00, 0x0C, 0xC0, 0x00, 0x0C,
    0x30, 0x00, 0x0C, 0x30, 0x3F, 0xFF, 0xFC, 0x3F, 0xFF, 0xFC, 0x30, 0x0C, 0x00, 0x30, 0x0C,
    0x00, 0x3F, 0xCC, 0x30, 0x3F, 0xCC, 0x30, 0x30, 0xCC, 0x30, 0x30, 0xCC, 0x30, 0x30, 0xCC,
    0xC0, 0x30, 0xCC, 0xC0, 0x30, 0xC3, 0x00, 0x30, 0xC3, 0x00, 0x33, 0xC3, 0x0C, 0x33, 0xC3,
    0x0C, 0x30, 0x0C, 0xCC, 0x30, 0x0C, 0xCC, 0xC0, 0xF0, 0x3C, 0xC0, 0xF0, 0x3C, 0x00, 0x00,
    0x00, 0x0C, 0x03, 0x30, 0x0C, 0x03, 0x30, 0x0C, 0x03, 0x0C, 0x0C, 0x03, 0x0C, 0x0F, 0xC3,
    0x00, 0x0F, 0xC3, 0x00, 0x0C, 0x03, 0xFC, 0x0C, 0x03, 0xFC, 0x0C, 0x3F, 0x00, 0x0C, 0x3F,
    0x00, 0x0C, 0x03, 0x0C, 0x0C, 0x03, 0x0C, 0xFF, 0xC3, 0x30, 0xFF, 0xC3, 0x30, 0xC0, 0xC0,
    0xC0, 0xC0, 0xC0, 0xC0, 0xC0, 0xC0, 0xCC, 0xC0, 0xC0, 0xCC, 0xC0, 0xC3, 0x3C, 0xC0, 0xC3,
    0x3C, 0xFF, 0xCC, 0x0C, 0xFF, 0xCC, 0x0C, 0x00, 0x00, 0x00, 0x00, 0x0F, 0xF0, 0x00, 0x0F,
    0xF0, 0x3F, 0xF0, 0x00, 0x3F, 0xF0, 0x00, 0x00, 0x30, 0x00, 0x00, 0x30, 0x00, 0x00, 0x30,
    0x00, 0x00, 0x30, 0x00, 0x3F, 0xFF, 0xF0, 0x3F, 0xFF, 0xF0, 0x00, 0x30, 0x00, 0x00, 0x30,
    0x00, 0x00, 0x30, 0x00, 0x00, 0x30, 0x00, 0xFF, 0xFF, 0xFC, 0xFF, 0xFF, 0xFC, 0x00, 0x30,
    0x00, 0x00, 0x30, 0x00, 0x00, 0x30, 0x00, 0x00, 0x30, 0x00, 0x03, 0xF0, 0x00, 0x03, 0xF0,
    0x00, 0x00, 0x00, 0x00, 0x0C, 0x3F, 0xFC, 0x0C, 0x3F, 0xFC, 0x0C, 0x00, 0xC0, 0x0C, 0x00,
    0xC0, 0xFF, 0x00, 0xC0, 0xFF, 0x00, 0xC0, 0x0C, 0x00, 0xC0, 0x0C, 0x00, 0xC0, 0x0C, 0x00,
    0xC0, 0x0C, 0x00, 0xC0, 0x0F, 0x00, 0xC0, 0x0F, 0x00, 0xC0, 0xFC, 0x00, 0xC0, 0xFC, 0x00,
    0xC0, 0x0C, 0x00, 0xC0, 0x0C, 0x00, 0xC0, 0x0C, 0x00, 0xC0, 0x0C, 0x00, 0xC0, 0x0C, 0x00,
    0xC0, 0x0C, 0x00, 0xC0, 0xFC, 0x0F, 0xC0, 0xFC, 0x0F, 0xC0, 0x00, 0x00, 0x00, 0x30, 0xFF,
    0xFC, 0x30, 0xFF, 0xFC, 0x30, 0xC0, 0x00, 0x30, 0xC0, 0x00, 0xFC, 0xC0, 0x00, 0xFC, 0xC0,
    0x00, 0x30, 0xFF, 0xF0, 0x30, 0xFF, 0xF0, 0x30, 0xC0, 0x30, 0x30, 0xC0, 0x30, 0x3C, 0xC0,
    0x30, 0x3C, 0xC0, 0x30, 0xF0, 0xC0, 0x30, 0xF0, 0xC0, 0x30, 0x30, 0xFF, 0xF0, 0x30, 0xFF,
    0xF0, 0x30, 0xC0, 0x00, 0x30, 0xC0, 0x00, 0x30, 0xC0, 0x00, 0x30, 0xC0, 0x00, 0xF0, 0xFF,
    0xFC, 0xF0, 0xFF, 0xFC, 0x00, 0x00, 0x00, 0x30, 0xFF, 0xFC, 0x30, 0xFF, 0xFC, 0x30, 0xC0,
    0x0C, 0x30, 0xC0, 0x0C, 0xFC, 0x30, 0x30, 0xFC, 0x30, 0x30, 0x30, 0x0F, 0xC0, 0x30, 0x0F,
    0xC0, 0x30, 0xF0, 0x3C, 0x30, 0xF0, 0x3C, 0x3C, 0x03, 0x00, 0x3C, 0x03, 0x00, 0xF0, 0x3F,
    0xF0, 0xF0, 0x3F, 0xF0, 0x30, 0x03, 0x00, 0x30, 0x03, 0x00, 0x30, 0xFF, 0xFC, 0x30, 0xFF,
    0xFC, 0x30, 0x03, 0x00, 0x30, 0x03, 0x00, 0xF0, 0x03, 0x00, 0xF0, 0x03, 0x00, 0x00, 0x00,
    0x00, 0x30, 0x03, 0x00, 0x30, 0x03, 0x00, 0x30, 0xFF, 0xFC, 0x30, 0xFF, 0xFC, 0xFC, 0xC0,
    0x0C, 0xFC, 0xC0, 0x0C, 0x30, 0x03, 0x00, 0x30, 0x03, 0x00, 0x30, 0x03, 0x00, 0x30, 0x03,
    0x00, 0x3C, 0xFF, 0xFC, 0x3C, 0xFF, 0xFC, 0xF0, 0x0C, 0x30, 0xF0, 0x0C, 0x30, 0x30, 0x30,
    0x30, 0x30, 0x30, 0x30, 0x30, 0x0C, 0xC0, 0x30, 0x0C, 0xC0, 0x30, 0x03, 0xC0, 0x30, 0x03,
    0xC0, 0xF0, 0xFC, 0x3C, 0xF0, 0xFC, 0x3C, 0x00, 0x00, 0x00, 0x30, 0x0C, 0xC0, 0x30, 0x0C,
    0xC0, 0x30, 0x0C, 0xC0, 0x30, 0x0C, 0xC0, 0xFC, 0xCC, 0xCC, 0xFC, 0xCC, 0xCC, 0x30, 0x3C,
    0xF0, 0x30, 0x3C, 0xF0, 0x30, 0x0C, 0xC0, 0x30, 0x0C, 0xC0, 0x3C, 0x0C, 0xC0, 0x3C, 0x0C,
    0xC0, 0xF0, 0x3C, 0xF0, 0xF0, 0x3C, 0xF0, 0x30, 0xCC, 0xCC, 0x30, 0xCC, 0xCC, 0x30, 0x0C,
    0xC0, 0x30, 0x0C, 0xC0, 0x30, 0x30, 0xCC, 0x30, 0x30, 0xCC, 0xF3, 0xC0, 0xFC, 0xF3, 0xC0,
    0xFC, 0x00, 0x00, 0x00, 0x30, 0xFF, 0xFC, 0x30, 0xFF, 0xFC, 0x30, 0xC0, 0x0C, 0x30, 0xC0,
    0x0C, 0xFC, 0xC0, 0x0C, 0xFC, 0xC0, 0x0C, 0x30, 0xFF, 0xFC, 0x30, 0xFF, 0xFC, 0x30, 0xC0,
    0xC0, 0x30, 0xC0, 0xC0, 0x3C, 0xFF, 0xFC, 0x3C, 0xFF, 0xFC, 0xF0, 0xC0, 0xC0, 0xF0, 0xC0,
    0xC0, 0x30, 0xCF, 0xFC, 0x30, 0xCF, 0xFC, 0x30, 0xCC, 0x0C, 0x30, 0xCC, 0x0C, 0x30, 0xCC,
    0x0C, 0x30, 0xCC, 0x0C, 0xF3, 0x0F, 0xFC, 0xF3, 0x0F, 0xFC, 0x00, 0x00, 0x00, 0x30, 0x00,
    0xF0, 0x30, 0x00, 0xF0, 0x33, 0xFF, 0x00, 0x33, 0xFF, 0x00, 0xFC, 0xCC, 0x0C, 0xFC, 0xCC,
    0x0C, 0x30, 0x33, 0x30, 0x30, 0x33, 0x30, 0x33, 0xFF, 0xFC, 0x33, 0xFF, 0xFC, 0x3F, 0x00,
    0x0C, 0x3F, 0x00, 0x0C, 0xF0, 0xFF, 0xF0, 0xF0, 0xFF, 0xF0, 0x30, 0xC0, 0x30, 0x30, 0xC0,
    0x30, 0x30, 0x30, 0xC0, 0x30, 0x30, 0xC0, 0x30, 0x0F, 0x00, 0x30, 0x0F, 0x00, 0xF3, 0xF0,
    0xFC, 0xF3, 0xF0, 0xFC, 0x00, 0x00, 0x00, 0x30, 0x0C, 0xC0, 0x30, 0x0C, 0xC0, 0x30, 0x0C,
    0xC0, 0x30, 0x0C, 0xC0, 0xFC, 0xFC, 0xFC, 0xFC, 0xFC, 0xFC, 0x30, 0x0C, 0xC0, 0x30, 0x0C,
    0xC0, 0x30, 0x0C, 0xC0, 0x30, 0x0C, 0xC0, 0x3C, 0xFC, 0xFC, 0x3C, 0xFC, 0xFC, 0xF0, 0x0C,
    0xC0, 0xF0, 0x0C, 0xC0, 0x30, 0x0C, 0xC0, 0x30, 0x0C, 0xC0, 0x30, 0xFC, 0xFC, 0x30, 0xFC,
    0xFC, 0x30, 0x0C, 0xC0, 0x30, 0x0C, 0xC0, 0xF0, 0x0C, 0xC0, 0xF0, 0x0C, 0xC0, 0x00, 0x00,
    0x00, 0x30, 0x3F, 0xF0, 0x30, 0x3F, 0xF0, 0x30, 0x30, 0x30, 0x30, 0x30, 0x30, 0xFC, 0x3F,
    0xF0, 0xFC, 0x3F, 0xF0, 0x30, 0xFC, 0xFC, 0x30, 0xFC, 0xFC, 0x30, 0xCC, 0xCC, 0x30, 0xCC,
    0xCC, 0x3C, 0xFC, 0xFC, 0x3C, 0xFC, 0xFC, 0xF0, 0x03, 0x00, 0xF0, 0x03, 0x00, 0x30, 0xFF,
    0xFC, 0x30, 0xFF, 0xFC, 0x30, 0x0F, 0xC0, 0x30, 0x0F, 0xC0, 0x30, 0x33, 0x30, 0x30, 0x33,
    0x30, 0xF0, 0xC3, 0x0C, 0xF0, 0xC3, 0x0C, 0x00, 0x00, 0x00, 0x30, 0x03, 0x00, 0x30, 0x03,
    0x00, 0x30, 0xFF, 0xFC, 0x30, 0xFF, 0xFC, 0xFC, 0xC0, 0x0C, 0xFC, 0xC0, 0x0C, 0x30, 0x3C,
    0xF0, 0x30, 0x3C, 0xF0, 0x30, 0xCC, 0xCC, 0x30, 0xCC, 0xCC, 0x3C, 0x30, 0x30, 0x3C, 0x30,
    0x30, 0xF0, 0xCF, 0xCC, 0xF0, 0xCF, 0xCC, 0x30, 0x00, 0x00, 0x30, 0x00, 0x00, 0x30, 0xFF,
    0xFC, 0x30, 0xFF, 0xFC, 0x30, 0x33, 0x30, 0x30, 0x33, 0x30, 0xF0, 0xCF, 0x0C, 0xF0, 0xCF,
    0x0C, 0x00, 0x00, 0x00, 0x03, 0x03, 0x00, 0x03, 0x03, 0x00, 0xFF, 0xF3, 0x00, 0xFF, 0xF3,
    0x00, 0x00, 0x03, 0xFC, 0x00, 0x03, 0xFC, 0x30, 0xCC, 0x30, 0x30, 0xCC, 0x30, 0xC0, 0x33,
    0x30, 0xC0, 0x33, 0x30, 0x30, 0xC3, 0x30, 0x30, 0xC3, 0x30, 0x30, 0xC3, 0x30, 0x30, 0xC3,
    0x30, 0x0C, 0xC3, 0x30, 0x0C, 0xC3, 0x30, 0x03, 0x00, 0xC0, 0x03, 0x00, 0xC0, 0x0C, 0xC3,
    0x30, 0x0C, 0xC3, 0x30, 0xF0, 0x3C, 0x0C, 0xF0, 0x3C, 0x0C, 0x00, 0x00, 0x00, 0xC3, 0x33,
    0x00, 0xC3, 0x33, 0x00, 0x33, 0xC3, 0x00, 0x33, 0xC3, 0x00, 0xFF, 0xF3, 0xFC, 0xFF, 0xF3,
    0xFC, 0x0F, 0x0C, 0x30, 0x0F, 0x0C, 0x30, 0x33, 0xC3, 0x30, 0x33, 0xC3, 0x30, 0xC3, 0x33,
    0x30, 0xC3, 0x33, 0x30, 0x0C, 0x03, 0x30, 0x0C, 0x03, 0x30, 0xFF, 0xF3, 0x30, 0xFF, 0xF3,
    0x30, 0x0C, 0x30, 0xC0, 0x0C, 0x30, 0xC0, 0x0F, 0xC3, 0x30, 0x0F, 0xC3, 0x30, 0xF0, 0x3C,
    0x0C, 0xF0, 0x3C, 0x0C, 0x00, 0x00, 0x00, 0x03, 0x03, 0x00, 0x03, 0x03, 0x00, 0xFF, 0xFF,
    0xFC, 0xFF, 0xFF, 0xFC, 0x33, 0x33, 0x30, 0x33, 0x33, 0x30, 0x3F, 0xF3, 0x30, 0x3F, 0xF3,
    0x30, 0x0F, 0xC0, 0xC0, 0x0F, 0xC0, 0xC0, 0x33, 0x33, 0x30, 0x33, 0x33, 0x30, 0xFF, 0xFF,
    0xFC, 0xFF, 0xFF, 0xFC, 0x00, 0x30, 0x00, 0x00, 0x30, 0x00, 0x0C, 0x3F, 0xF0, 0x0C, 0x3F,
    0xF0, 0x0C, 0x30, 0x00, 0x0C, 0x30, 0x00, 0xFF, 0xFF, 0xFC, 0xFF, 0xFF, 0xFC, 0x00, 0x00,
    0x00, 0x00, 0xC0, 0x00, 0x00, 0xC0, 0x00, 0x00, 0x30, 0x00, 0x00, 0x30, 0x00, 0xFF, 0xFF,
    0xFC, 0xFF, 0xFF, 0xFC, 0x0C, 0x00, 0xC0, 0x0C, 0x00, 0xC0, 0x0C, 0x00, 0xC0, 0x0C, 0x00,
    0xC0, 0x03, 0x03, 0x00, 0x03, 0x03, 0x00, 0x03, 0x03, 0x00, 0x03, 0x03, 0x00, 0x00, 0xCC,
    0x00, 0x00, 0xCC, 0x00, 0x00, 0x30, 0x00, 0x00, 0x30, 0x00, 0x03, 0xCF, 0x00, 0x03, 0xCF,
    0x00, 0xFC, 0x00, 0xFC, 0xFC, 0x00, 0xFC, 0x00, 0x00, 0x00, 0xC3, 0x00, 0x3C, 0xC3, 0x00,
    0x3C, 0xF3, 0x3F, 0xC0, 0xF3, 0x3F, 0xC0, 0xCF, 0xCC, 0x00, 0xCF, 0xCC, 0x00, 0xC3, 0x0C,
    0x00, 0xC3, 0x0C, 0x00, 0xFF, 0xFF, 0xFC, 0xFF, 0xFF, 0xFC, 0xC3, 0x0C, 0x30, 0xC3, 0x0C,
    0x30, 0xCF, 0xCC, 0x30, 0xCF, 0xCC, 0x30, 0xF3, 0x3C, 0x30, 0xF3, 0x3C, 0x30, 0xC3, 0x0C,
    0x30, 0xC3, 0x0C, 0x30, 0xC0, 0x0C, 0x30, 0xC0, 0x0C, 0x30, 0xFF, 0xF0, 0x30, 0xFF, 0xF0,
    0x30, 0x00, 0x00, 0x00, 0x03, 0x00, 0x3C, 0x03, 0x00, 0x3C, 0xFF, 0xF3, 0xC0, 0xFF, 0xF3,
    0xC0, 0x30, 0x33, 0x00, 0x30, 0x33, 0x00, 0x0C, 0xC3, 0x00, 0x0C, 0xC3, 0x00, 0xFF, 0xF3,
    0xFC, 0xFF, 0xF3, 0xFC, 0x03, 0x03, 0x30, 0x03, 0x03, 0x30, 0xFF, 0xF3, 0x30, 0xFF, 0xF3,
    0x30, 0x03, 0x03, 0x30, 0x03, 0x03, 0x30, 0x33, 0x33, 0x30, 0x33, 0x33, 0x30, 0xC3, 0x0C,
    0x30, 0xC3, 0x0C, 0x30, 0x0F, 0x0C, 0x30, 0x0F, 0x0C, 0x30, 0x00, 0x00, 0x00, 0x00, 0xC0,
    0x00, 0x00, 0xC0, 0x00, 0x00, 0x30, 0x00, 0x00, 0x30, 0x00, 0xFF, 0xFF, 0xFC, 0xFF, 0xFF,
    0xFC, 0x00, 0xC0, 0x00, 0x00, 0xC0, 0x00, 0x00, 0xC0, 0x00, 0x00, 0xC0, 0x00, 0x00, 0xFF,
    0xF0, 0x00, 0xFF, 0xF0, 0x00, 0xC0, 0x30, 0x00, 0xC0, 0x30, 0x03, 0x00, 0x30, 0x03, 0x00,
    0x30, 0x03, 0x00, 0x30, 0x03, 0x00, 0x30, 0x0C, 0x00, 0x30, 0x0C, 0x00, 0x30, 0xF0, 0x03,
    0xC0, 0xF0, 0x03, 0xC0, 0x00, 0x00, 0x00, 0x3F, 0xFF, 0xF0, 0x3F, 0xFF, 0xF0, 0x00, 0x30,
    0x00, 0x00, 0x30, 0x00, 0x00, 0x30, 0x00, 0x00, 0x30, 0x00, 0x00, 0x30, 0x00, 0x00, 0x30,
    0x00, 0xFF, 0xFF, 0xFC, 0xFF, 0xFF, 0xFC, 0x00, 0xCC, 0x00, 0x00, 0xCC, 0x00, 0x00, 0xCC,
    0x00, 0x00, 0xCC, 0x00, 0x03, 0x0C, 0x00, 0x03, 0x0C, 0x00, 0x03, 0x0C, 0x0C, 0x03, 0x0C,
    0x0C, 0x0C, 0x0C, 0x0C, 0x0C, 0x0C, 0x0C, 0xF0, 0x0F, 0xFC, 0xF0, 0x0F, 0xFC, 0x00, 0x00,
    0x00, 0x00, 0x00, 0x30, 0x00, 0x00, 0x30, 0xFF, 0x00, 0x30, 0xFF, 0x00, 0x30, 0xC3, 0x3F,
    0xFC, 0xC3, 0x3F, 0xFC, 0xC3, 0x00, 0x30, 0xC3, 0x00, 0x30, 0xC3, 0x00, 0x30, 0xC3, 0x00,
    0x30, 0xFF, 0x30, 0x30, 0xFF, 0x30, 0x30, 0xC3, 0x0C, 0x30, 0xC3, 0x0C, 0x30, 0xC3, 0x0C,
    0x30, 0xC3, 0x0C, 0x30, 0xC3, 0x00, 0x30, 0xC3, 0x00, 0x30, 0xFF, 0x00, 0x30, 0xFF, 0x00,
    0x30, 0x00, 0x03, 0xF0, 0x00, 0x03, 0xF0, 0x00, 0x00, 0x00, 0xFF, 0x3F, 0xFC, 0xFF, 0x3F,
    0xFC, 0xC3, 0x30, 0x0C, 0xC3, 0x30, 0x0C, 0xC3, 0x30, 0x0C, 0xC3, 0x30, 0x0C, 0xC3, 0x3F,
    0xFC, 0xC3, 0x3F, 0xFC, 0xFF, 0x30, 0x0C, 0xFF, 0x30, 0x0C, 0xC3, 0x30, 0x0C, 0xC3, 0x30,
    0x0C, 0xC3, 0x3F, 0xFC, 0xC3, 0x3F, 0xFC, 0xC3, 0x30, 0x0C, 0xC3, 0x30, 0x0C, 0xFF, 0x30,
    0x0C, 0xFF, 0x30, 0x0C, 0x00, 0xC0, 0x0C, 0x00, 0xC0, 0x0C, 0x03, 0x00, 0xFC, 0x03, 0x00,
    0xFC, 0x00, 0x00, 0x00, 0x3F, 0xFF, 0xF0, 0x3F, 0xFF, 0xF0, 0x30, 0x00, 0x30, 0x30, 0x00,
    0x30, 0x3F, 0xFF, 0xF0, 0x3F, 0xFF, 0xF0, 0x30, 0x00, 0x30, 0x30, 0x00, 0x30, 0x3F, 0xFF,
    0xF0, 0x3F, 0xFF, 0xF0, 0x0C, 0x00, 0x00, 0x0C, 0x00, 0x00, 0x0F, 0xFF, 0xFC, 0x0F, 0xFF,
    0xFC, 0x30, 0xC3, 0x0C, 0x30, 0xC3, 0x0C, 0xC0, 0xC3, 0x0C, 0xC0, 0xC3, 0x0C, 0x03, 0x0C,
    0x0C, 0x03, 0x0C, 0x0C, 0x0C, 0x30, 0xF0, 0x0C, 0x30, 0xF0, 0x00, 0x00, 0x00, 0x3F, 0xFF,
    0xF0, 0x3F, 0xFF, 0xF0, 0x30, 0x00, 0x30, 0x30, 0x00, 0x30, 0x3F, 0xFF, 0xF0, 0x3F, 0xFF,
    0xF0, 0x30, 0x00, 0x30, 0x30, 0x00, 0x30, 0x3F, 0xFF, 0xF0, 0x3F, 0xFF, 0xF0, 0x00, 0x00,
    0x00, 0x00, 0x00, 0x00, 0xFF, 0xFF, 0xFC, 0xFF, 0xFF, 0xFC, 0x0C, 0x30, 0x00, 0x0C, 0x30,
    0x00, 0x0C, 0x3F, 0xF0, 0x0C, 0x3F, 0xF0, 0x33, 0xF0, 0x00, 0x33, 0xF0, 0x00, 0xC0, 0x0F,
    0xFC, 0xC0, 0x0F, 0xFC, 0x00, 0x00, 0x00, 0xFF, 0xFF, 0xFC, 0xFF, 0xFF, 0xFC, 0x00, 0x30,
    0x00, 0x00, 0x30, 0x00, 0x3F, 0xFF, 0xF0, 0x3F, 0xFF, 0xF0, 0x30, 0x30, 0x30, 0x30, 0x30,
    0x30, 0x3F, 0xFF, 0xF0, 0x3F, 0xFF, 0xF0, 0x30, 0x30, 0x30, 0x30, 0x30, 0x30, 0x3F, 0xFF,
    0xF0, 0x3F, 0xFF, 0xF0, 0x30, 0x30, 0x00, 0x30, 0x30, 0x00, 0x0C, 0x30, 0x00, 0x0C, 0x30,
    0x00, 0x03, 0xC0, 0x00, 0x03, 0xC0, 0x00, 0xFC, 0x3F, 0xFC, 0xFC, 0x3F, 0xFC, 0x00, 0x00,
    0x00, 0x00, 0xC0, 0x00, 0x00, 0xC0, 0x00, 0xFF, 0xFF, 0xFC, 0xFF, 0xFF, 0xFC, 0x03, 0x00,
    0x00, 0x03, 0x00, 0x00, 0x0C, 0x00, 0x00, 0x0C, 0x00, 0x00, 0x0F, 0xFF, 0xF0, 0x0F, 0xFF,
    0xF0, 0x3C, 0x00, 0x30, 0x3C, 0x00, 0x30, 0xCF, 0xFF, 0xF0, 0xCF, 0xFF, 0xF0, 0x0C, 0x00,
    0x30, 0x0C, 0x00, 0x30, 0x0F, 0xFF, 0xF0, 0x0F, 0xFF, 0xF0, 0x0C, 0x00, 0x30, 0x0C, 0x00,
    0x30, 0x0C, 0x03, 0xF0, 0x0C, 0x03, 0xF0, 0x00, 0x00, 0x00, 0x30, 0xC3, 0xFC, 0x30, 0xC3,
    0xFC, 0xFF, 0xF3, 0x0C, 0xFF, 0xF3, 0x0C, 0x30, 0xC3, 0x0C, 0x30, 0xC3, 0x0C, 0x3F, 0xC3,
    0xFC, 0x3F, 0xC3, 0xFC, 0x30, 0xC3, 0x0C, 0x30, 0xC3, 0x0C, 0x3F, 0xC3, 0x0C, 0x3F, 0xC3,
    0x0C, 0x30, 0xC3, 0xFC, 0x30, 0xC3, 0xFC, 0xFF, 0xF3, 0x0C, 0xFF, 0xF3, 0x0C, 0x00, 0x03,
    0x0C, 0x00, 0x03, 0x0C, 0x30, 0xCC, 0x0C, 0x30, 0xCC, 0x0C, 0xC0, 0x30, 0x3C, 0xC0, 0x30,
    0x3C, 0x00, 0x00, 0x00, 0x00, 0x30, 0x00, 0x00, 0x30, 0x00, 0x00, 0x30, 0x00, 0x00, 0x30,
    0x00, 0x3F, 0xFF, 0xF0, 0x3F, 0xFF, 0xF0, 0x00, 0x30, 0x00, 0x00, 0x30, 0x00, 0x00, 0x30,
    0x00, 0x00, 0x30, 0x00, 0xFF, 0xFF, 0xFC, 0xFF, 0xFF, 0xFC, 0x03, 0x33, 0x00, 0x03, 0x33,
    0x00, 0x03, 0x33, 0x00, 0x03, 0x33, 0x00, 0x0C, 0x30, 0xC0, 0x0C, 0x30, 0xC0, 0xF0, 0x30,
    0x3C, 0xF0, 0x30, 0x3C, 0x00, 0x30, 0x00, 0x00, 0x30, 0x00, 0x00, 0x00, 0x00, 0x00, 0x30,
    0x00, 0x00, 0x30, 0x00, 0x00, 0x30, 0x00, 0x00, 0x30, 0x00, 0xFF, 0xFF, 0xFC, 0xFF, 0xFF,
    0xFC, 0x03, 0x33, 0x00, 0x03, 0x33, 0x00, 0x03, 0x33, 0x00, 0x03, 0x33, 0x00, 0x03, 0x33,
    0x00, 0x03, 0x33, 0x00, 0x0C, 0x30, 0xC0, 0x0C, 0x30, 0xC0, 0x0C, 0x30, 0xC0, 0x0C, 0x30,
    0xC0, 0x33, 0xFF, 0x30, 0x33, 0xFF, 0x30, 0xC0, 0x30, 0x0C, 0xC0, 0x30, 0x0C, 0x00, 0x30,
    0x00, 0x00, 0x30, 0x00, 0x00, 0x00, 0x00, 0x0C, 0x3F, 0xC0, 0x0C, 0x3F, 0xC0, 0x0C, 0x30,
    0xC0, 0x0C, 0x30, 0xC0, 0xFF, 0x30, 0xC0, 0xFF, 0x30, 0xC0, 0x0C, 0x30, 0xC0, 0x0C, 0x30,
    0xC0, 0x0C, 0x30, 0xC0, 0x0C, 0x30, 0xC0, 0x3C, 0x30, 0xC0, 0x3C, 0x30, 0xC0, 0x3F, 0x30,
    0xC0, 0x3F, 0x30, 0xC0, 0xCC, 0x30, 0xC0, 0xCC, 0x30, 0xC0, 0x0C, 0x30, 0xCC, 0x0C, 0x30,
    0xCC, 0x0C, 0x30, 0xCC, 0x0C, 0x30, 0xCC, 0x0C, 0xC0, 0xFC, 0x0C, 0xC0, 0xFC, 0x00, 0x00,
    0x00, 0x0C, 0xFF, 0xFC, 0x0C, 0xFF, 0xFC, 0x0C, 0xC0, 0x0C, 0x0C, 0xC0, 0x0C, 0xFF, 0xC0,
    0x0C, 0xFF, 0xC0, 0x0C, 0x0C, 0xC0, 0x0C, 0x0C, 0xC0, 0x0C, 0x0C, 0x30, 0x30, 0x0C, 0x30,
    0x30, 0x3C, 0x30, 0x30, 0x3C, 0x30, 0x30, 0x3F, 0x30, 0x30, 0x3F, 0x30, 0x30, 0xCC, 0x0C,
    0xC0, 0xCC, 0x0C, 0xC0, 0x0C, 0x03, 0x00, 0x0C, 0x03, 0x00, 0x0C, 0x0C, 0xC0, 0x0C, 0x0C,
    0xC0, 0x0C, 0xF0, 0x3C, 0x0C, 0xF0, 0x3C, 0x00, 0x00, 0x00, 0x00, 0x30, 0x00, 0x00, 0x30,
    0x00, 0xFF, 0xFF, 0xFC, 0xFF, 0xFF, 0xFC, 0x00, 0x30, 0x00, 0x00, 0x30, 0x00, 0x3F, 0xFF,
    0xF0, 0x3F, 0xFF, 0xF0, 0x30, 0x30, 0x30, 0x30, 0x30, 0x30, 0x30, 0x30, 0x30, 0x30, 0x30,
    0x30, 0x3F, 0xFF, 0xF0, 0x3F, 0xFF, 0xF0, 0x03, 0x33, 0x00, 0x03, 0x33, 0x00, 0x0C, 0x30,
    0xC0, 0x0C, 0x30, 0xC0, 0xF0, 0x30, 0x3C, 0xF0, 0x30, 0x3C, 0x00, 0x30, 0x00, 0x00, 0x30,
    0x00, 0x00, 0x00, 0x00, 0x0C, 0x00, 0x3C, 0x0C, 0x00, 0x3C, 0x0C, 0x3F, 0xC0, 0x0C, 0x3F,
    0xC0, 0xFF, 0x30, 0x00, 0xFF, 0x30, 0x00, 0x0C, 0x30, 0x00, 0x0C, 0x30, 0x00, 0x0C, 0x3F,
    0xFC, 0x0C, 0x3F, 0xFC, 0x3C, 0x30, 0x0C, 0x3C, 0x30, 0x0C, 0x3F, 0x3C, 0x0C, 0x3F, 0x3C,
    0x0C, 0xCC, 0x33, 0x30, 0xCC, 0x33, 0x30, 0x0C, 0x30, 0xC0, 0x0C, 0x30, 0xC0, 0x0C, 0x33,
    0x30, 0x0C, 0x33, 0x30, 0x0C, 0xCC, 0x0C, 0x0C, 0xCC, 0x0C, 0x00, 0x00, 0x00, 0x0C, 0x30,
    0x00, 0x0C, 0x30, 0x00, 0x0C, 0x3F, 0xFC, 0x0C, 0x3F, 0xFC, 0xFF, 0x30, 0x0C, 0xFF, 0x30,
    0x0C, 0x0C, 0xCC, 0x0C, 0x0C, 0xCC, 0x0C, 0x0C, 0x0C, 0x0C, 0x0C, 0x0C, 0x0C, 0x3C, 0x0C,
    0x0C, 0x3C, 0x0C, 0x0C, 0x3F, 0x30, 0xCC, 0x3F, 0x30, 0xCC, 0xCC, 0x30, 0xCC, 0xCC, 0x30,
    0xCC, 0x0C, 0xFF, 0x3C, 0x0C, 0xFF, 0x3C, 0x0C, 0x00, 0x0C, 0x0C, 0x00, 0x0C, 0x0C, 0x00,
    0xF0, 0x0C, 0x00, 0xF0, 0x00, 0x00, 0x00, 0x3F, 0xFF, 0xF0, 0x3F, 0xFF, 0xF0, 0x30, 0x30,
    0x30, 0x30, 0x30, 0x30, 0x3F, 0xFF, 0xF0, 0x3F, 0xFF, 0xF0, 0x30, 0x30, 0x30, 0x30, 0x30,
    0x30, 0x3F, 0xFF, 0xF0, 0x3F, 0xFF, 0xF0, 0x00, 0x30, 0x00, 0x00, 0x30, 0x00, 0xFF, 0xFF,
    0xFC, 0xFF, 0xFF, 0xFC, 0x03, 0x33, 0x00, 0x03, 0x33, 0x00, 0x0C, 0x30, 0xC0, 0x0C, 0x30,
    0xC0, 0xF0, 0x30, 0x3C, 0xF0, 0x30, 0x3C, 0x00, 0x30, 0x00, 0x00, 0x30, 0x00, 0x00, 0x00,
    0x00, 0x0C, 0x03, 0x00, 0x0C, 0x03, 0x00, 0x0C, 0xFF, 0xFC, 0x0C, 0xFF, 0xFC, 0xFF, 0x0C,
    0x00, 0xFF, 0x0C, 0x00, 0x0C, 0x30, 0x30, 0x0C, 0x30, 0x30, 0x0C, 0xFF, 0xC0, 0x0C, 0xFF,
    0xC0, 0x3C, 0x03, 0x00, 0x3C, 0x03, 0x00, 0x3F, 0x0C, 0x0C, 0x3F, 0x0C, 0x0C, 0xCC, 0xF0,
    0x30, 0xCC, 0xF0, 0x30, 0x0C, 0x00, 0xC0, 0x0C, 0x00, 0xC0, 0x0C, 0x0F, 0x30, 0x0C, 0x0F,
    0x30, 0x0C, 0xF0, 0x0C, 0x0C, 0xF0, 0x0C, 0x00, 0x00, 0x00, 0xC0, 0x30, 0x00, 0xC0, 0x30,
    0x00, 0x30, 0x30, 0x00, 0x30, 0x30, 0x00, 0x30, 0x3F, 0xFC, 0x30, 0x3F, 0xFC, 0x00, 0xC0,
    0x0C, 0x00, 0xC0, 0x0C, 0x03, 0x03, 0x30, 0x03, 0x03, 0x30, 0x00, 0x03, 0x00, 0x00, 0x03,
    0x00, 0x30, 0x03, 0x00, 0x30, 0x03, 0x00, 0x30, 0x0C, 0xC0, 0x30, 0x0C, 0xC0, 0x30, 0x0C,
    0xC0, 0x30, 0x0C, 0xC0, 0xC0, 0x30, 0x30, 0xC0, 0x30, 0x30, 0xC3, 0xC0, 0x0C, 0xC3, 0xC0,
    0x0C, 0x00, 0x00, 0x00, 0x0C, 0x03, 0x00, 0x0C, 0x03, 0x00, 0xFF, 0xC3, 0x00, 0xFF, 0xC3,
    0x00, 0x0C, 0x03, 0xFC, 0x0C, 0x03, 0xFC, 0xFF, 0xCC, 0x0C, 0xFF, 0xCC, 0x0C, 0x00, 0x0C,
    0xCC, 0x00, 0x0C, 0xCC, 0xFF, 0xC0, 0xC0, 0xFF, 0xC0, 0xC0, 0x00, 0x00, 0xC0, 0x00, 0x00,
    0xC0, 0xFF, 0xC0, 0xC0, 0xFF, 0xC0, 0xC0, 0x0F, 0x03, 0x30, 0x0F, 0x03, 0x30, 0xCC, 0xC3,
    0x30, 0xCC, 0xC3, 0x30, 0x3C, 0x0C, 0x0C, 0x3C, 0x0C, 0x0C, 0x00, 0x00, 0x00, 0xFF, 0xFF,
    0xFC, 0xFF, 0xFF, 0xFC, 0x00, 0x30, 0x00, 0x00, 0x30, 0x00, 0x00, 0x30, 0x00, 0x00, 0x30,
    0x00, 0x00, 0x30, 0x00, 0x00, 0x30, 0x00, 0x0C, 0x30, 0x00, 0x0C, 0x30, 0x00, 0x0C, 0x3F,
    0xF0, 0x0C, 0x3F, 0xF0, 0x0C, 0x30, 0x00, 0x0C, 0x30, 0x00, 0x0C, 0x30, 0x00, 0x0C, 0x30,
    0x00, 0x0C, 0x30, 0x00, 0x0C, 0x30, 0x00, 0x0C, 0x30, 0x00, 0x0C, 0x30, 0x00, 0xFF, 0xFF,
    0xFC, 0xFF, 0xFF, 0xFC, 0x00, 0x00, 0x00, 0x03, 0x03, 0x00, 0x03, 0x03, 0x00, 0x03, 0x03,
    0x00, 0x03, 0x03, 0x00, 0x03, 0x03, 0x0C, 0x03, 0x03, 0x0C, 0x33, 0x03, 0x30, 0x33, 0x03,
    0x30, 0x33, 0xF3, 0xC0, 0x33, 0xF3, 0xC0, 0x33, 0x03, 0x00, 0x33, 0x03, 0x00, 0x33, 0x03,
    0x00, 0x33, 0x03, 0x00, 0x33, 0x03, 0x00, 0x33, 0x03, 0x00, 0x33, 0x03, 0x0C, 0x33, 0x03,
    0x0C, 0x33, 0xF3, 0x0C, 0x33, 0xF3, 0x0C, 0xFC, 0x00, 0xFC, 0xFC, 0x00, 0xFC, 0x00, 0x00,
    0x00, 0x00, 0x30, 0xC0, 0x00, 0x30, 0xC0, 0x00, 0x30, 0x30, 0x00, 0x30, 0x30, 0xFF, 0xFF,
    0xFC, 0xFF, 0xFF, 0xFC, 0x00, 0x30, 0x00, 0x00, 0x30, 0x00, 0x30, 0x30, 0x30, 0x30, 0x30,
    0x30, 0x0C, 0x3C, 0xC0, 0x0C, 0x3C, 0xC0, 0x00, 0x33, 0x00, 0x00, 0x33, 0x00, 0x00, 0xF0,
    0xC0, 0x00, 0xF0, 0xC0, 0x0F, 0x30, 0x30, 0x0F, 0x30, 0x30, 0xF0, 0x30, 0x0C, 0xF0, 0x30,
    0x0C, 0x03, 0xF0, 0x00, 0x03, 0xF0, 0x00, 0x00, 0x00, 0x00, 0x30, 0x3F, 0xC0, 0x30, 0x3F,
    0xC0, 0x0C, 0x30, 0xC0, 0x0C, 0x30, 0xC0, 0x00, 0x30, 0xC0, 0x00, 0x30, 0xC0, 0xC0, 0x30,
    0xC0, 0xC0, 0x30, 0xC0, 0x33, 0xC0, 0xFC, 0x33, 0xC0, 0xFC, 0x00, 0x00, 0x00, 0x00, 0x00,
    0x00, 0x00, 0xFF, 0xF0, 0x00, 0xFF, 0xF0, 0x30, 0xC0, 0x30, 0x30, 0xC0, 0x30, 0x30, 0x30,
    0xC0, 0x30, 0x30, 0xC0, 0xC0, 0x0F, 0x00, 0xC0, 0x0F, 0x00, 0xC3, 0xF0, 0xFC, 0xC3, 0xF0,
    0xFC, 0x00, 0x00, 0x00, 0x30, 0x03, 0x00, 0x30, 0x03, 0x00, 0x0C, 0x03, 0x00, 0x0C, 0x03,
    0x00, 0x00, 0xFF, 0xF0, 0x00, 0xFF, 0xF0, 0xC0, 0x03, 0x00, 0xC0, 0x03, 0x00, 0x30, 0x03,
    0x00, 0x30, 0x03, 0x00, 0x03, 0xFF, 0xFC, 0x03, 0xFF, 0xFC, 0x00, 0x0C, 0x00, 0x00, 0x0C,
    0x00, 0x30, 0x30, 0x30, 0x30, 0x30, 0x30, 0x30, 0x30, 0x30, 0x30, 0x30, 0x30, 0xC0, 0xC3,
    0xCC, 0xC0, 0xC3, 0xCC, 0xC3, 0xFC, 0x0C, 0xC3, 0xFC, 0x0C, 0x00, 0x00, 0x00, 0x30, 0xC3,
    0x0C, 0x30, 0xC3, 0x0C, 0x0C, 0x33, 0x30, 0x0C, 0x33, 0x30, 0x00, 0x03, 0x00, 0x00, 0x03,
    0x00, 0xC0, 0xFF, 0xFC, 0xC0, 0xFF, 0xFC, 0x30, 0xC0, 0x0C, 0x30, 0xC0, 0x0C, 0x00, 0xFF,
    0xFC, 0x00, 0xFF, 0xFC, 0x00, 0xC0, 0x0C, 0x00, 0xC0, 0x0C, 0x30, 0xFF, 0xFC, 0x30, 0xFF,
    0xFC, 0x30, 0xC0, 0x0C, 0x30, 0xC0, 0x0C, 0xC0, 0xC0, 0x0C, 0xC0, 0xC0, 0x0C, 0xC0, 0xC0,
    0x3C, 0xC0, 0xC0, 0x3C, 0x00, 0x00, 0x00, 0x33, 0x00, 0x3C, 0x33, 0x00, 0x3C, 0x33, 0x3F,
    0xC0, 0x33, 0x3F, 0xC0, 0x33, 0x30, 0x00, 0x33, 0x30, 0x00, 0x3F, 0xF0, 0x00, 0x3F, 0xF0,
    0x00, 0x30, 0x3F, 0xFC, 0x30, 0x3F, 0xFC, 0x30, 0x30, 0x0C, 0x30, 0x30, 0x0C, 0x3F, 0x3C,
    0x0C, 0x3F, 0x3C, 0x0C, 0x33, 0x33, 0x30, 0x33, 0x33, 0x30, 0x33, 0x30, 0xC0, 0x33, 0x30,
    0xC0, 0x33, 0x33, 0x30, 0x33, 0x33, 0x30, 0xC3, 0xCC, 0x0C, 0xC3, 0xCC, 0x0C, 0x00, 0x00,
    0x00, 0x3F, 0xFF, 0xF0, 0x3F, 0xFF, 0xF0, 0x30, 0x30, 0x30, 0x30, 0x30, 0x30, 0x30, 0x30,
    0x30, 0x30, 0x30, 0x30, 0x3F, 0xFF, 0xF0, 0x3F, 0xFF, 0xF0, 0x30, 0x30, 0x30, 0x30, 0x30,
    0x30, 0x30, 0x30, 0x30, 0x30, 0x30, 0x30, 0x3F, 0xFF, 0xF0, 0x3F, 0xFF, 0xF0, 0x30, 0x30,
    0x30, 0x30, 0x30, 0x30, 0x30, 0x30, 0x30, 0x30, 0x30, 0x30, 0x30, 0x30, 0x30, 0x30, 0x30,
    0x30, 0xC0, 0x30, 0xF0, 0xC0, 0x30, 0xF0, 0x00, 0x00, 0x00, 0x00, 0xC0, 0x00, 0x00, 0xC0,
    0x00, 0xFF, 0xFF, 0xC0, 0xFF, 0xFF, 0xC0, 0xC0, 0xC0, 0xC0, 0xC0, 0xC0, 0xC0, 0xC0, 0xC0,
    0xC0, 0xC0, 0xC0, 0xC0, 0xFF, 0xFF, 0xC0, 0xFF, 0xFF, 0xC0, 0xC0, 0xC0, 0xC0, 0xC0, 0xC0,
    0xC0, 0xC0, 0xC0, 0xC0, 0xC0, 0xC0, 0xC0, 0xFF, 0xFF, 0xC0, 0xFF, 0xFF, 0xC0, 0x00, 0xC0,
    0x0C, 0x00, 0xC0, 0x0C, 0x00, 0xC0, 0x0C, 0x00, 0xC0, 0x0C, 0x00, 0x3F, 0xFC, 0x00, 0x3F,
    0xFC, 0x00, 0x00, 0x00, 0x0C, 0x0C, 0x00, 0x0C, 0x0C, 0x00, 0x30, 0x0C, 0x00, 0x30, 0x0C,
    0x00, 0xFF, 0xCF, 0xFC, 0xFF, 0xCF, 0xFC, 0xC0, 0xF0, 0x0C, 0xC0, 0xF0, 0x0C, 0xC0, 0xC0,
    0x0C, 0xC0, 0xC0, 0x0C, 0xC0, 0xC3, 0x0C, 0xC0, 0xC3, 0x0C, 0xFF, 0xC0, 0xCC, 0xFF, 0xC0,
    0xCC, 0xC0, 0xC0, 0xCC, 0xC0, 0xC0, 0xCC, 0xC0, 0xC0, 0x0C, 0xC0, 0xC0, 0x0C, 0xC0, 0xC0,
    0x0C, 0xC0, 0xC0, 0x0C, 0xFF, 0xC0, 0xF0, 0xFF, 0xC0, 0xF0, 0x00, 0x00, 0x00, 0x30, 0x00,
    0x00, 0x30, 0x00, 0x00, 0x3F, 0xF3, 0xFC, 0x3F, 0xF3, 0xFC, 0x33, 0x03, 0x0C, 0x33, 0x03,
    0x0C, 0xC3, 0x03, 0x0C, 0xC3, 0x03, 0x0C, 0x03, 0x03, 0x0C, 0x03, 0x03, 0x0C, 0xFF, 0xF3,
    0x0C, 0xFF, 0xF3, 0x0C, 0x03, 0x03, 0x0C, 0x03, 0x03, 0x0C, 0x0C, 0xC3, 0x0C, 0x0C, 0xC3,
    0x0C, 0x0C, 0x33, 0x0C, 0x0C, 0x33, 0x0C, 0x30, 0x33, 0xFC, 0x30, 0x33, 0xFC, 0xC0, 0x00,
    0x00, 0xC0, 0x00, 0x00, 0x00, 0x00, 0x00, 0xFF, 0x3F, 0xF0, 0xFF, 0x3F, 0xF0, 0x0C, 0x00,
    0x30, 0x0C, 0x00, 0x30, 0x0C, 0x0C, 0x30, 0x0C, 0x0C, 0x30, 0x30, 0x0C, 0x30, 0x30, 0x0C,
    0x30, 0x3F, 0x0C, 0x30, 0x3F, 0x0C, 0x30, 0xF3, 0x0F, 0xFC, 0xF3, 0x0F, 0xFC, 0x33, 0x00,
    0x0C, 0x33, 0x00, 0x0C, 0x33, 0x00, 0x0C, 0x33, 0x00, 0x0C, 0x33, 0x3F, 0xCC, 0x33, 0x3F,
    0xCC, 0x3F, 0x00, 0x0C, 0x3F, 0x00, 0x0C, 0x00, 0x03, 0xF0, 0x00, 0x03, 0xF0, 0x00, 0x00,
    0x00, 0xFF, 0x0C, 0x00, 0xFF, 0x0C, 0x00, 0x0C, 0x0F, 0xF0, 0x0C, 0x0F, 0xF0, 0x0C, 0x30,
    0x30, 0x0C, 0x30, 0x30, 0x30, 0xFF, 0xFC, 0x30, 0xFF, 0xFC, 0x3F, 0x33, 0x0C, 0x3F, 0x33,
    0x0C, 0xF3, 0x3F, 0xFC, 0xF3, 0x3F, 0xFC, 0x33, 0x33, 0x0C, 0x33, 0x33, 0x0C, 0x33, 0x3F,
    0xFC, 0x33, 0x3F, 0xFC, 0x33, 0x33, 0x0C, 0x33, 0x33, 0x0C, 0x3F, 0x33, 0x0C, 0x3F, 0x33,
    0x0C, 0x00, 0xC3, 0x3C, 0x00, 0xC3, 0x3C, 0x00, 0x00, 0x00, 0x03, 0xC3, 0x00, 0x03, 0xC3,
    0x00, 0xFC, 0x03, 0x00, 0xFC, 0x03, 0x00, 0x0C, 0x03, 0x00, 0x0C, 0x03, 0x00, 0x0C, 0x03,
    0x00, 0x0C, 0x03, 0x00, 0xFF, 0xC3, 0x00, 0xFF, 0xC3, 0x00, 0x0C, 0x0C, 0x00, 0x0C, 0x0C,
    0x00, 0x3F, 0x0C, 0x30, 0x3F, 0x0C, 0x30, 0x3C, 0xCC, 0x30, 0x3C, 0xCC, 0x30, 0xCC, 0x30,
    0x0C, 0xCC, 0x30, 0x0C, 0x0C, 0x30, 0xFC, 0x0C, 0x30, 0xFC, 0x0C, 0xFF, 0x0C, 0x0C, 0xFF,
    0x0C, 0x00, 0x00, 0x00, 0x03, 0x03, 0x00, 0x03, 0x03, 0x00, 0xFC, 0x0F, 0xFC, 0xFC, 0x0F,
    0xFC, 0x0C, 0xF0, 0x0C, 0x0C, 0xF0, 0x0C, 0x0C, 0x0C, 0x30, 0x0C, 0x0C, 0x30, 0xFF, 0x03,
    0xC0, 0xFF, 0x03, 0xC0, 0x0C, 0xFC, 0x00, 0x0C, 0xFC, 0x00, 0x3C, 0x0F, 0xFC, 0x3C, 0x0F,
    0xFC, 0x3C, 0xF0, 0x0C, 0x3C, 0xF0, 0x0C, 0xCF, 0x0C, 0x30, 0xCF, 0x0C, 0x30, 0x0C, 0x03,
    0xC0, 0x0C, 0x03, 0xC0, 0x0C, 0xFC, 0x00, 0x0C, 0xFC, 0x00, 0x00, 0x00, 0x00, 0x00, 0x30,
    0x00, 0x00, 0x30, 0x00, 0xFF, 0xFF, 0xFC, 0xFF, 0xFF, 0xFC, 0xC0, 0x00, 0x0C, 0xC0, 0x00,
    0x0C, 0x03, 0x03, 0x00, 0x03, 0x03, 0x00, 0x0C, 0x00, 0xC0, 0x0C, 0x00, 0xC0, 0xF0, 0x00,
    0x3C, 0xF0, 0x00, 0x3C, 0x3F, 0xFF, 0xF0, 0x3F, 0xFF, 0xF0, 0x00, 0x30, 0x00, 0x00, 0x30,
    0x00, 0x00, 0x30, 0x00, 0x00, 0x30, 0x00, 0x00, 0x30, 0x00, 0x00, 0x30, 0x00, 0xFF, 0xFF,
    0xFC, 0xFF, 0xFF, 0xFC, 0x00, 0x00, 0x00, 0x00, 0xC0, 0x00, 0x00, 0xC0, 0x00, 0x00, 0x30,
    0x00, 0x00, 0x30, 0x00, 0xFF, 0xFF, 0xFC, 0xFF, 0xFF, 0xFC, 0x00, 0x00, 0x00, 0x00, 0x00,
    0x00, 0x0C, 0x00, 0xC0, 0x0C, 0x00, 0xC0, 0x0C, 0x00, 0xC0, 0x0C, 0x00, 0xC0, 0x03, 0x00,
    0xC0, 0x03, 0x00, 0xC0, 0x03, 0x03, 0x00, 0x03, 0x03, 0x00, 0x03, 0x03, 0x00, 0x03, 0x03,
    0x00, 0x00, 0x0C, 0x00, 0x00, 0x0C, 0x00, 0xFF, 0xFF, 0xFC, 0xFF, 0xFF, 0xFC, 0x00, 0x00,
    0x00, 0x00, 0x30, 0x00, 0x00, 0x30, 0x00, 0x3F, 0xFF, 0xF0, 0x3F, 0xFF, 0xF0, 0x03, 0x03,
    0x00, 0x03, 0x03, 0x00, 0xFF, 0xFF, 0xFC, 0xFF, 0xFF, 0xFC, 0x0C, 0x00, 0xC0, 0x0C, 0x00,
    0xC0, 0x0F, 0xFF, 0xC0, 0x0F, 0xFF, 0xC0, 0x0C, 0x00, 0xC0, 0x0C, 0x00, 0xC0, 0x0F, 0xFF,
    0xC0, 0x0F, 0xFF, 0xC0, 0x00, 0x30, 0x00, 0x00, 0x30, 0x00, 0xFF, 0xFF, 0xFC, 0xFF, 0xFF,
    0xFC, 0x00, 0x30, 0x00, 0x00, 0x30, 0x00, 0x00, 0x00, 0x00, 0x30, 0x0C, 0x00, 0x30, 0x0C,
    0x00, 0x3F, 0xCF, 0xFC, 0x3F, 0xCF, 0xFC, 0xC3, 0x30, 0xC0, 0xC3, 0x30, 0xC0, 0x3F, 0xFF,
    0xF0, 0x3F, 0xFF, 0xF0, 0x00, 0x30, 0x30, 0x00, 0x30, 0x30, 0x3F, 0xFF, 0xF0, 0x3F, 0xFF,
    0xF0, 0x30, 0x30, 0x00, 0x30, 0x30, 0x00, 0x3F, 0xFF, 0xFC, 0x3F, 0xFF, 0xFC, 0x03, 0x30,
    0x0C, 0x03, 0x30, 0x0C, 0x0C, 0x30, 0x0C, 0x0C, 0x30, 0x0C, 0xF0, 0x30, 0xF0, 0xF0, 0x30,
    0xF0, 0x00, 0x00, 0x00, 0x30, 0x0C, 0x00, 0x30, 0x0C, 0x00, 0x3F, 0xCF, 0xFC, 0x3F, 0xCF,
    0xFC, 0xC3, 0x30, 0xC0, 0xC3, 0x30, 0xC0, 0x00, 0xCC, 0x00, 0x00, 0xCC, 0x00, 0x0F, 0x03,
    0xC0, 0x0F, 0x03, 0xC0, 0xF3, 0xFF, 0x3C, 0xF3, 0xFF, 0x3C, 0x00, 0x00, 0x30, 0x00, 0x00,
    0x30, 0x30, 0xC0, 0xC0, 0x30, 0xC0, 0xC0, 0x0C, 0x30, 0xC0, 0x0C, 0x30, 0xC0, 0x00, 0x03,
    0x00, 0x00, 0x03, 0x00, 0xFF, 0xFF, 0xFC, 0xFF, 0xFF, 0xFC, 0x00, 0x00, 0x00, 0x0C, 0x03,
    0x00, 0x0C, 0x03, 0x00, 0x0C, 0x03, 0x00, 0x0C, 0x03, 0x00, 0x30, 0xFF, 0xFC, 0x30, 0xFF,
    0xFC, 0xC3, 0x03, 0x00, 0xC3, 0x03, 0x00, 0xFC, 0x03, 0x00, 0xFC, 0x03, 0x00, 0x0C, 0x3F,
    0xF0, 0x0C, 0x3F, 0xF0, 0x30, 0x00, 0x00, 0x30, 0x00, 0x00, 0xFF, 0x3F, 0xF0, 0xFF, 0x3F,
    0xF0, 0x00, 0x30, 0x30, 0x00, 0x30, 0x30, 0x0F, 0x30, 0x30, 0x0F, 0x30, 0x30, 0xF0, 0x3F,
    0xF0, 0xF0, 0x3F, 0xF0, 0x00, 0x00, 0x00, 0x30, 0x30, 0x00, 0x30, 0x30, 0x00, 0x30, 0x3F,
    0xC0, 0x30, 0x3F, 0xC0, 0xC0, 0xC0, 0xC0, 0xC0, 0xC0, 0xC0, 0xC3, 0xFF, 0xFC, 0xC3, 0xFF,
    0xFC, 0xFC, 0xC3, 0x0C, 0xFC, 0xC3, 0x0C, 0x30, 0xC3, 0x0C, 0x30, 0xC3, 0x0C, 0xC0, 0xFF,
    0xFC, 0xC0, 0xFF, 0xFC, 0xFC, 0xC0, 0x00, 0xFC, 0xC0, 0x00, 0x00, 0xC0, 0x0C, 0x00, 0xC0,
    0x0C, 0x0C, 0xC0, 0x0C, 0x0C, 0xC0, 0x0C, 0xF0, 0x3F, 0xFC, 0xF0, 0x3F, 0xFC, 0x00, 0x00,
    0x00, 0x30, 0xC0, 0xC0, 0x30, 0xC0, 0xC0, 0x30, 0xCC, 0xCC, 0x30, 0xCC, 0xCC, 0xC0, 0xC3,
    0xF0, 0xC0, 0xC3, 0xF0, 0xCC, 0xC0, 0xC0, 0xCC, 0xC0, 0xC0, 0xF0, 0xCF, 0xFC, 0xF0, 0xCF,
    0xFC, 0x30, 0xC0, 0xC0, 0x30, 0xC0, 0xC0, 0xC0, 0xC3, 0xF0, 0xC0, 0xC3, 0xF0, 0xFC, 0xCC,
    0xCC, 0xFC, 0xCC, 0xCC, 0x00, 0xC0, 0xC0, 0x00, 0xC0, 0xC0, 0x0C, 0xC0, 0x00, 0x0C, 0xC0,
    0x00, 0xF0, 0xFF, 0xFC, 0xF0, 0xFF, 0xFC, 0x00, 0x00, 0x00, 0x30, 0x03, 0x00, 0x30, 0x03,
    0x00, 0x30, 0x3F, 0xF0, 0x30, 0x3F, 0xF0, 0xC0, 0x03, 0x00, 0xC0, 0x03, 0x00, 0xCC, 0xFF,
    0xFC, 0xCC, 0xFF, 0xFC, 0xF0, 0x30, 0x0C, 0xF0, 0x30, 0x0C, 0x30, 0xCC, 0xC0, 0x30, 0xCC,
    0xC0, 0xC0, 0x30, 0xC0, 0xC0, 0x30, 0xC0, 0xFC, 0xFF, 0xFC, 0xFC, 0xFF, 0xFC, 0x00, 0x03,
    0x00, 0x00, 0x03, 0x00, 0x0C, 0x0C, 0x30, 0x0C, 0x0C, 0x30, 0xF0, 0xF0, 0x0C, 0xF0, 0xF0,
    0x0C, 0x00, 0x00, 0x00, 0xFF, 0xFF, 0xFC, 0xFF, 0xFF, 0xFC, 0xC3, 0x03, 0x0C, 0xC3, 0x03,
    0x0C, 0xFF, 0xFF, 0xFC, 0xFF, 0xFF, 0xFC, 0x00, 0x30, 0x00, 0x00, 0x30, 0x00, 0xFF, 0xFF,
    0xFC, 0xFF, 0xFF, 0xFC, 0x00, 0x30, 0x00, 0x00, 0x30, 0x00, 0x0F, 0xFF, 0xC0, 0x0F, 0xFF,
    0xC0, 0x0C, 0x00, 0xC0, 0x0C, 0x00, 0xC0, 0x0F, 0xFF, 0xC0, 0x0F, 0xFF, 0xC0, 0x0C, 0x00,
    0xC0, 0x0C, 0x00, 0xC0, 0xFF, 0xFF, 0xFC, 0xFF, 0xFF, 0xFC, 0x00, 0x00, 0x00, 0x3F, 0xFF,
    0xF0, 0x3F, 0xFF, 0xF0, 0x30, 0xCC, 0x30, 0x30, 0xCC, 0x30, 0x3F, 0xFF, 0xF0, 0x3F, 0xFF,
    0xF0, 0x00, 0xC0, 0x0C, 0x00, 0xC0, 0x0C, 0x3F, 0xFF, 0x30, 0x3F, 0xFF, 0x30, 0x00, 0xC0,
    0xC0, 0x00, 0xC0, 0xC0, 0xFF, 0xFF, 0xFC, 0xFF, 0xFF, 0xFC, 0x0C, 0x00, 0x30, 0x0C, 0x00,
    0x30, 0x3F, 0xFF, 0xF0, 0x3F, 0xFF, 0xF0, 0xCC, 0x00, 0x30, 0xCC, 0x00, 0x30, 0x0F, 0xFF,
    0xF0, 0x0F, 0xFF, 0xF0, 0x00, 0x00, 0x00, 0xFF, 0xCC, 0x30, 0xFF, 0xCC, 0x30, 0xC3, 0x0C,
    0xC0, 0xC3, 0x0C, 0xC0, 0xFF, 0x3F, 0xFC, 0xFF, 0x3F, 0xFC, 0xC3, 0x30, 0x0C, 0xC3, 0x30,
    0x0C, 0xC3, 0x30, 0x0C, 0xC3, 0x30, 0x0C, 0xFF, 0x30, 0x0C, 0xFF, 0x30, 0x0C, 0xC3, 0x3F,
    0xFC, 0xC3, 0x3F, 0xFC, 0xC3, 0x03, 0x00, 0xC3, 0x03, 0x00, 0xFF, 0x30, 0x30, 0xFF, 0x30,
    0x30, 0xC3, 0xCC, 0x0C, 0xC3, 0xCC, 0x0C, 0x03, 0x03, 0xF0, 0x03, 0x03, 0xF0, 0x00, 0x00,
    0x00, 0x03, 0x03, 0x00, 0x03, 0x03, 0x00, 0xFF, 0xFF, 0xFC, 0xFF, 0xFF, 0xFC, 0x03, 0x03,
    0x00, 0x03, 0x03, 0x00, 0x00, 0x00, 0x00, 0x00, 0x00, 0x00, 0x3F, 0xFF, 0xF0, 0x3F, 0xFF,
    0xF0, 0x00, 0xC0, 0x30, 0x00, 0xC0, 0x30, 0x00, 0xC0, 0x30, 0x00, 0xC0, 0x30, 0x00, 0xC0,
    0x30, 0x00, 0xC0, 0x30, 0x00, 0xC3, 0xC0, 0x00, 0xC3, 0xC0, 0x00, 0xC0, 0x00, 0x00, 0xC0,
    0x00, 0x00, 0xC0, 0x00, 0x00, 0xC0, 0x00, 0x00, 0x00, 0x00, 0x03, 0x03, 0x00, 0x03, 0x03,
    0x00, 0xFF, 0xFF, 0xFC, 0xFF, 0xFF, 0xFC, 0x03, 0x03, 0x00, 0x03, 0x03, 0x00, 0x00, 0x00,
    0x00, 0x00, 0x00, 0x00, 0x03, 0x0C, 0x00, 0x03, 0x0C, 0x00, 0x0C, 0x0C, 0x0C, 0x0C, 0x0C,
    0x0C, 0x3C, 0x0C, 0xF0, 0x3C, 0x0C, 0xF0, 0xCC, 0xFF, 0x00, 0xCC, 0xFF, 0x00, 0x0C, 0x0C,
    0x00, 0x0C, 0x0C, 0x00, 0x0C, 0x0C, 0x0C, 0x0C, 0x0C, 0x0C, 0x0C, 0x03, 0xFC, 0x0C, 0x03,
    0xFC, 0x00, 0x00, 0x00, 0x03, 0x03, 0x00, 0x03, 0x03, 0x00, 0xFF, 0xFF, 0xFC, 0xFF, 0xFF,
    0xFC, 0x03, 0x03, 0x00, 0x03, 0x03, 0x00, 0x30, 0x00, 0x00, 0x30, 0x00, 0x00, 0x0C, 0xFF,
    0xF0, 0x0C, 0xFF, 0xF0, 0xC0, 0xC0, 0x30, 0xC0, 0xC0, 0x30, 0x30, 0xC0, 0x30, 0x30, 0xC0,
    0x30, 0x00, 0xC3, 0xF0, 0x00, 0xC3, 0xF0, 0x0C, 0xC0, 0x00, 0x0C, 0xC0, 0x00, 0x30, 0xC0,
    0x0C, 0x30, 0xC0, 0x0C, 0xC0, 0x3F, 0xFC, 0xC0, 0x3F, 0xFC, 0x00, 0x00, 0x00, 0x03, 0x03,
    0x00, 0x03, 0x03, 0x00, 0xFF, 0xFF, 0xFC, 0xFF, 0xFF, 0xFC, 0x03, 0x03, 0x00, 0x03, 0x03,
    0x00, 0x00, 0x03, 0xF0, 0x00, 0x03, 0xF0, 0x3F, 0xFC, 0x00, 0x3F, 0xFC, 0x00, 0x30, 0xC0,
    0x30, 0x30, 0xC0, 0x30, 0x0C, 0x30, 0xC0, 0x0C, 0x30, 0xC0, 0xFF, 0xFF, 0xFC, 0xFF, 0xFF,
    0xFC, 0x03, 0x33, 0x00, 0x03, 0x33, 0x00, 0x0C, 0x30, 0xC0, 0x0C, 0x30, 0xC0, 0xF0, 0x30,
    0x3C, 0xF0, 0x30, 0x3C, 0x00, 0x00, 0x00, 0x0C, 0x3F, 0xF0, 0x0C, 0x3F, 0xF0, 0x30, 0x00,
    0x00, 0x30, 0x00, 0x00, 0xC0, 0x00, 0x00, 0xC0, 0x00, 0x00, 0x0C, 0xFF, 0xFC, 0x0C, 0xFF,
    0xFC, 0x30, 0x00, 0xC0, 0x30, 0x00, 0xC0, 0xF0, 0x00, 0xC0, 0xF0, 0x00, 0xC0, 0x30, 0x00,
    0xC0, 0x30, 0x00, 0xC0, 0x30, 0x00, 0xC0, 0x30, 0x00, 0xC0, 0x30, 0x00, 0xC0, 0x30, 0x00,
    0xC0, 0x30, 0x00, 0xC0, 0x30, 0x00, 0xC0, 0x30, 0x0F, 0xC0, 0x30, 0x0F, 0xC0, 0x00, 0x00,
    0x00, 0x0C, 0x0F, 0xFC, 0x0C, 0x0F, 0xFC, 0x0F, 0xC3, 0x0C, 0x0F, 0xC3, 0x0C, 0x30, 0xC3,
    0x0C, 0x30, 0xC3, 0x0C, 0xFF, 0xFC, 0x3C, 0xFF, 0xFC, 0x3C, 0x33, 0x30, 0x00, 0x33, 0x30,
    0x00, 0x3F, 0xF3, 0x30, 0x3F, 0xF3, 0x30, 0x33, 0x33, 0xFC, 0x33, 0x33, 0xFC, 0x3F, 0xFC,
    0x30, 0x3F, 0xFC, 0x30, 0x33, 0x33, 0xFC, 0x33, 0x33, 0xFC, 0x33, 0x30, 0x30, 0x33, 0x30,
    0x30, 0xC3, 0x30, 0x30, 0xC3, 0x30, 0x30, 0x00, 0x00, 0x00, 0x00, 0xC0, 0x00, 0x00, 0xC0,
    0x00, 0x00, 0x30, 0x00, 0x00, 0x30, 0x00, 0xFF, 0xFF, 0xFC, 0xFF, 0xFF, 0xFC, 0x00, 0x00,
    0x00, 0x00, 0x00, 0x00, 0x3F, 0xFF, 0xF0, 0x3F, 0xFF, 0xF0, 0x00, 0x00, 0x00, 0x00, 0x00,
    0x00, 0x3F, 0xFF, 0xF0, 0x3F, 0xFF, 0xF0, 0x00, 0x00, 0x00, 0x00, 0x00, 0x00, 0x3F, 0xFF,
    0xF0, 0x3F, 0xFF, 0xF0, 0x30, 0x00, 0x30, 0x30, 0x00, 0x30, 0x3F, 0xFF, 0xF0, 0x3F, 0xFF,
    0xF0, 0x00, 0x00, 0x00, 0x33, 0x0C, 0x00, 0x33, 0x0C, 0x00, 0xFF, 0xFF, 0xFC, 0xFF, 0xFF,
    0xFC, 0x33, 0x33, 0x30, 0x33, 0x33, 0x30, 0x3F, 0x33, 0xC0, 0x3F, 0x33, 0xC0, 0x00, 0xCC,
    0x30, 0x00, 0xCC, 0x30, 0xFF, 0xFF, 0xFC, 0xFF, 0xFF, 0xFC, 0x00, 0x00, 0x00, 0x00, 0x00,
    0x00, 0x3F, 0xFF, 0xF0, 0x3F, 0xFF, 0xF0, 0x0C, 0x00, 0xC0, 0x0C, 0x00, 0xC0, 0x0C, 0x00,
    0xC0, 0x0C, 0x00, 0xC0, 0x0F, 0xFF, 0xC0, 0x0F, 0xFF, 0xC0, 0x00, 0x00, 0x00, 0x30, 0x03,
    0x00, 0x30, 0x03, 0x00, 0x0C, 0x03, 0x00, 0x0C, 0x03, 0x00, 0x00, 0x03, 0x00, 0x00, 0x03,
    0x00, 0x00, 0x03, 0x00, 0x00, 0x03, 0x00, 0xFC, 0x03, 0x00, 0xFC, 0x03, 0x00, 0x0C, 0x03,
    0x00, 0x0C, 0x03, 0x00, 0x0C, 0x0C, 0xC0, 0x0C, 0x0C, 0xC0, 0x0C, 0x0C, 0xC0, 0x0C, 0x0C,
    0xC0, 0x0C, 0x30, 0x30, 0x0C, 0x30, 0x30, 0x0F, 0x30, 0x30, 0x0F, 0x30, 0x30, 0x0C, 0xC0,
    0x0C, 0x0C, 0xC0, 0x0C, 0x00, 0x00, 0x00, 0xC0, 0x0C, 0x00, 0xC0, 0x0C, 0x00, 0x30, 0xC3,
    0x0C, 0x30, 0xC3, 0x0C, 0x00, 0xC3, 0x0C, 0x00, 0xC3, 0x0C, 0x00, 0xC0, 0x0C, 0x00, 0xC0,
    0x0C, 0xF0, 0x30, 0x30, 0xF0, 0x30, 0x30, 0x30, 0x30, 0x30, 0x30, 0x30, 0x30, 0x30, 0x30,
    0x30, 0x30, 0x30, 0x30, 0x30, 0x0C, 0xC0, 0x30, 0x0C, 0xC0, 0x33, 0x03, 0x00, 0x33, 0x03,
    0x00, 0x3C, 0x0C, 0xC0, 0x3C, 0x0C, 0xC0, 0x30, 0xF0, 0x3C, 0x30, 0xF0, 0x3C, 0x00, 0x00,
    0x00, 0xC0, 0xC0, 0x00, 0xC0, 0xC0, 0x00, 0x30, 0xFF, 0xF0, 0x30, 0xFF, 0xF0, 0x03, 0x03,
    0x00, 0x03, 0x03, 0x00, 0x00, 0x03, 0x00, 0x00, 0x03, 0x00, 0xF0, 0x03, 0x00, 0xF0, 0x03,
    0x00, 0x33, 0xFF, 0xFC, 0x33, 0xFF, 0xFC, 0x30, 0x03, 0x00, 0x30, 0x03, 0x00, 0x30, 0x03,
    0x00, 0x30, 0x03, 0x00, 0x30, 0x03, 0x00, 0x30, 0x03, 0x00, 0x3C, 0x03, 0x00, 0x3C, 0x03,
    0x00, 0x30, 0x03, 0x00, 0x30, 0x03, 0x00, 0x00, 0x00, 0x00, 0xC0, 0x3F, 0xC0, 0xC0, 0x3F,
    0xC0, 0x30, 0x30, 0xC0, 0x30, 0x30, 0xC0, 0x00, 0x30, 0xC0, 0x00, 0x30, 0xC0, 0x00, 0x30,
    0xC0, 0x00, 0x30, 0xC0, 0xF3, 0xC0, 0xFC, 0xF3, 0xC0, 0xFC, 0x30, 0x00, 0x00, 0x30, 0x00,
    0x00, 0x30, 0xFF, 0xF0, 0x30, 0xFF, 0xF0, 0x30, 0xC0, 0x30, 0x30, 0xC0, 0x30, 0x30, 0x30,
    0xC0, 0x30, 0x30, 0xC0, 0x3C, 0x0F, 0x00, 0x3C, 0x0F, 0x00, 0x33, 0xF0, 0xFC, 0x33, 0xF0,
    0xFC, 0x00, 0x00, 0x00, 0xC3, 0xFF, 0xFC, 0xC3, 0xFF, 0xFC, 0x30, 0x03, 0x00, 0x30, 0x03,
    0x00, 0x00, 0x03, 0x00, 0x00, 0x03, 0x00, 0x00, 0x03, 0x00, 0x00, 0x03, 0x00, 0xF0, 0xC3,
    0x00, 0xF0, 0xC3, 0x00, 0x30, 0xC3, 0xFC, 0x30, 0xC3, 0xFC, 0x30, 0xC3, 0x00, 0x30, 0xC3,
    0x00, 0x30, 0xC3, 0x00, 0x30, 0xC3, 0x00, 0x30, 0xC3, 0x00, 0x30, 0xC3, 0x00, 0x3C, 0xC3,
    0x00, 0x3C, 0xC3, 0x00, 0x33, 0xFF, 0xFC, 0x33, 0xFF, 0xFC, 0x00, 0x00, 0x00, 0xC0, 0x00,
    0xF0, 0xC0, 0x00, 0xF0, 0x30, 0xFF, 0x00, 0x30, 0xFF, 0x00, 0x00, 0x03, 0x00, 0x00, 0x03,
    0x00, 0x00, 0x03, 0x00, 0x00, 0x03, 0x00, 0xF0, 0xFF, 0xFC, 0xF0, 0xFF, 0xFC, 0x30, 0x03,
    0x00, 0x30, 0x03, 0x00, 0x30, 0x03, 0x00, 0x30, 0x03, 0x00, 0x30, 0x3F, 0xF0, 0x30, 0x3F,
    0xF0, 0x33, 0x30, 0x30, 0x33, 0x30, 0x30, 0x3C, 0x30, 0x30, 0x3C, 0x30, 0x30, 0x30, 0x3F,
    0xF0, 0x30, 0x3F, 0xF0, 0x00, 0x00, 0x00, 0xC0, 0xFF, 0xFC, 0xC0, 0xFF, 0xFC, 0x30, 0x0C,
    0x00, 0x30, 0x0C, 0x00, 0x00, 0xFF, 0xF0, 0x00, 0xFF, 0xF0, 0x00, 0x30, 0x30, 0x00, 0x30,
    0x30, 0xF0, 0x30, 0x30, 0xF0, 0x30, 0x30, 0x33, 0xFF, 0xFC, 0x33, 0xFF, 0xFC, 0x30, 0x00,
    0x00, 0x30, 0x00, 0x00, 0x30, 0xFF, 0xFC, 0x30, 0xFF, 0xFC, 0x30, 0xC0, 0x0C, 0x30, 0xC0,
    0x0C, 0x3C, 0xC0, 0x0C, 0x3C, 0xC0, 0x0C, 0x30, 0xFF, 0xFC, 0x30, 0xFF, 0xFC, 0x00, 0x00,
    0x00, 0xC0, 0xFF, 0xF0, 0xC0, 0xFF, 0xF0, 0x30, 0xC0, 0x30, 0x30, 0xC0, 0x30, 0x00, 0xC0,
    0x30, 0x00, 0xC0, 0x30, 0x00, 0xFF, 0xF0, 0x00, 0xFF, 0xF0, 0xF0, 0x00, 0x00, 0xF0, 0x00,
    0x00, 0x30, 0xFF, 0xF0, 0x30, 0xFF, 0xF0, 0x30, 0x03, 0x00, 0x30, 0x03, 0x00, 0x33, 0xFF,
    0xFC, 0x33, 0xFF, 0xFC, 0x30, 0x03, 0x00, 0x30, 0x03, 0x00, 0x3C, 0x0C, 0xC0, 0x3C, 0x0C,
    0xC0, 0x33, 0xF0, 0x3C, 0x33, 0xF0, 0x3C, 0x00, 0x00, 0x00, 0xC0, 0x03, 0x00, 0xC0, 0x03,
    0x00, 0x30, 0xFF, 0xF0, 0x30, 0xFF, 0xF0, 0x00, 0x03, 0x00, 0x00, 0x03, 0x00, 0x00, 0xFF,
    0xF0, 0x00, 0xFF, 0xF0, 0xF0, 0x03, 0x00, 0xF0, 0x03, 0x00, 0x33, 0xFF, 0xFC, 0x33, 0xFF,
    0xFC, 0x30, 0xC0, 0x30, 0x30, 0xC0, 0x30, 0x30, 0xFF, 0xF0, 0x30, 0xFF, 0xF0, 0x33, 0xC0,
    0x30, 0x33, 0xC0, 0x30, 0x3C, 0xFF, 0xF0, 0x3C, 0xFF, 0xF0, 0x30, 0xC0, 0x30, 0x30, 0xC0,
    0x30, 0x00, 0x00, 0x00, 0xC0, 0x03, 0x00, 0xC0, 0x03, 0x00, 0x30, 0xFF, 0xF0, 0x30, 0xFF,
    0xF0, 0x00, 0x03, 0x00, 0x00, 0x03, 0x00, 0x03, 0xFF, 0xFC, 0x03, 0xFF, 0xFC, 0xF0, 0x30,
    0x0C, 0xF0, 0x30, 0x0C, 0x33, 0x0C, 0xC0, 0x33, 0x0C, 0xC0, 0x30, 0xC0, 0xC0, 0x30, 0xC0,
    0xC0, 0x33, 0xFF, 0xFC, 0x33, 0xFF, 0xFC, 0x30, 0x03, 0x00, 0x30, 0x03, 0x00, 0x3C, 0x3C,
    0x30, 0x3C, 0x3C, 0x30, 0x33, 0xC0, 0x0C, 0x33, 0xC0, 0x0C, 0x00, 0x00, 0x00, 0x0F, 0xFF,
    0x00, 0x0F, 0xFF, 0x00, 0x30, 0x03, 0x00, 0x30, 0x03, 0x00, 0xFF, 0xFF, 0xF0, 0xFF, 0xFF,
    0xF0, 0x30, 0x30, 0x30, 0x30, 0x30, 0x30, 0x3F, 0xFF, 0xF0, 0x3F, 0xFF, 0xF0, 0x03, 0xF0,
    0x0C, 0x03, 0xF0, 0x0C, 0xFC, 0x3C, 0x30, 0xFC, 0x3C, 0x30, 0x03, 0xC3, 0xC0, 0x03, 0xC3,
    0xC0, 0xFC, 0x3F, 0x30, 0xFC, 0x3F, 0x30, 0x03, 0xC3, 0x0C, 0x03, 0xC3, 0x0C, 0xFC, 0x3C,
    0x00, 0xFC, 0x3C, 0x00, 0x00, 0x00, 0x00, 0x03, 0x0C, 0x00, 0x03, 0x0C, 0x00, 0xFF, 0xFF,
    0xF0, 0xFF, 0xFF, 0xF0, 0x03, 0x0C, 0x30, 0x03, 0x0C, 0x30, 0xFF, 0xFF, 0xFC, 0xFF, 0xFF,
    0xFC, 0xC3, 0x0C, 0x0C, 0xC3, 0x0C, 0x0C, 0xFF, 0xFF, 0xFC, 0xFF, 0xFF, 0xFC, 0x30, 0x00,
    0x30, 0x30, 0x00, 0x30, 0x30, 0x30, 0x30, 0x30, 0x30, 0x30, 0x30, 0x30, 0x30, 0x30, 0x30,
    0x30, 0x03, 0xCF, 0x00, 0x03, 0xCF, 0x00, 0xFC, 0x00, 0xFC, 0xFC, 0x00, 0xFC, 0x00, 0x00,
    0x00, 0x03, 0x0F, 0xFC, 0x03, 0x0F, 0xFC, 0x3F, 0xF3, 0x0C, 0x3F, 0xF3, 0x0C, 0x03, 0x03,
    0x0C, 0x03, 0x03, 0x0C, 0x03, 0x0C, 0x3C, 0x03, 0x0C, 0x3C, 0xFF, 0xF0, 0x00, 0xFF, 0xF0,
    0x00, 0x03, 0x0F, 0xFC, 0x03, 0x0F, 0xFC, 0x33, 0x0C, 0x0C, 0x33, 0x0C, 0x0C, 0x33, 0xFC,
    0x0C, 0x33, 0xFC, 0x0C, 0x33, 0x0F, 0xFC, 0x33, 0x0F, 0xFC, 0xCF, 0x00, 0x00, 0xCF, 0x00,
    0x00, 0xC0, 0xFF, 0xFC, 0xC0, 0xFF, 0xFC, 0x00, 0x00, 0x00, 0x00, 0xC0, 0x00, 0x00, 0xC0,
    0x00, 0x0F, 0xFF, 0xC0, 0x0F, 0xFF, 0xC0, 0x0C, 0x00, 0xC0, 0x0C, 0x00, 0xC0, 0x0F, 0xFF,
    0xC0, 0x0F, 0xFF, 0xC0, 0x0C, 0x00, 0xC0, 0x0C, 0x00, 0xC0, 0x0F, 0xFF, 0xCC, 0x0F, 0xFF,
    0xCC, 0x0C, 0x00, 0xF0, 0x0C, 0x00, 0xF0, 0xFF, 0xFF, 0xC0, 0xFF, 0xFF, 0xC0, 0x00, 0x30,
    0xC0, 0x00, 0x30, 0xC0, 0x03, 0xC0, 0xC0, 0x03, 0xC0, 0xC0, 0xFC, 0x0F, 0xC0, 0xFC, 0x0F,
    0xC0, 0x00, 0x00, 0x00, 0x0C, 0x03, 0x00, 0x0C, 0x03, 0x00, 0xFF, 0x0C, 0xC0, 0xFF, 0x0C,
    0xC0, 0x30, 0x30, 0x30, 0x30, 0x30, 0x30, 0xCC, 0xCF, 0xCC, 0xCC, 0xCF, 0xCC, 0xCC, 0x00,
    0x00, 0xCC, 0x00, 0x00, 0xFF, 0xFC, 0xCC, 0xFF, 0xFC, 0xCC, 0x0C, 0xCC, 0xCC, 0x0C, 0xCC,
    0xCC, 0x0F, 0xFC, 0xCC, 0x0F, 0xFC, 0xCC, 0xFC, 0xCC, 0xCC, 0xFC, 0xCC, 0xCC, 0x0C, 0xFC,
    0x0C, 0x0C, 0xFC, 0x0C, 0x0C, 0xCC, 0x3C, 0x0C, 0xCC, 0x3C, 0x00, 0x00, 0x00, 0xC0, 0x00,
    0xF0, 0xC0, 0x00, 0xF0, 0x30, 0xFF, 0x00, 0x30, 0xFF, 0x00, 0x00, 0x03, 0x00, 0x00, 0x03,
    0x00, 0x00, 0x03, 0x00, 0x00, 0x03, 0x00, 0xF3, 0xFF, 0xFC, 0xF3, 0xFF, 0xFC, 0x30, 0x03,
    0x00, 0x30, 0x03, 0x00, 0x30, 0x03, 0x00, 0x30, 0x03, 0x00, 0x30, 0x03, 0x00, 0x30, 0x03,
    0x00, 0x30, 0x03, 0x00, 0x30, 0x03, 0x00, 0xCC, 0x00, 0x00, 0xCC, 0x00, 0x00, 0xC3, 0xFF,
    0xFC, 0xC3, 0xFF, 0xFC, 0x00, 0x00, 0x00, 0xC0, 0x00, 0xC0, 0xC0, 0x00, 0xC0, 0x30, 0x00,
    0xC0, 0x30, 0x00, 0xC0, 0x03, 0xFF, 0xFC, 0x03, 0xFF, 0xFC, 0x00, 0x00, 0xC0, 0x00, 0x00,
    0xC0, 0xF0, 0xC0, 0xC0, 0xF0, 0xC0, 0xC0, 0x30, 0x30, 0xC0, 0x30, 0x30, 0xC0, 0x30, 0x30,
    0xC0, 0x30, 0x30, 0xC0, 0x30, 0x00, 0xC0, 0x30, 0x00, 0xC0, 0x30, 0x0F, 0xC0, 0x30, 0x0F,
    0xC0, 0xCC, 0x00, 0x00, 0xCC, 0x00, 0x00, 0xC3, 0xFF, 0xFC, 0xC3, 0xFF, 0xFC, 0x00, 0x00,
    0x00, 0xC0, 0x00, 0xFC, 0xC0, 0x00, 0xFC, 0x30, 0xFF, 0x00, 0x30, 0xFF, 0x00, 0x00, 0xC0,
    0x00, 0x00, 0xC0, 0x00, 0x00, 0xC0, 0x00, 0x00, 0xC0, 0x00, 0xF0, 0xFF, 0xFC, 0xF0, 0xFF,
    0xFC, 0x30, 0xF0, 0x0C, 0x30, 0xF0, 0x0C, 0x30, 0xCC, 0x30, 0x30, 0xCC, 0x30, 0x30, 0xC3,
    0xC0, 0x30, 0xC3, 0xC0, 0x33, 0x3C, 0x3C, 0x33, 0x3C, 0x3C, 0xCC, 0x00, 0x00, 0xCC, 0x00,
    0x00, 0xC3, 0xFF, 0xFC, 0xC3, 0xFF, 0xFC, 0x00, 0x00, 0x00, 0xC0, 0x30, 0xC0, 0xC0, 0x30,
    0xC0, 0x30, 0x30, 0xC0, 0x30, 0x30, 0xC0, 0x03, 0xFF, 0xFC, 0x03, 0xFF, 0xFC, 0x00, 0x30,
    0xC0, 0x00, 0x30, 0xC0, 0xF0, 0x30, 0xC0, 0xF0, 0x30, 0xC0, 0x33, 0xFF, 0xFC, 0x33, 0xFF,
    0xFC, 0x30, 0x30, 0xC0, 0x30, 0x30, 0xC0, 0x30, 0x30, 0xC0, 0x30, 0x30, 0xC0, 0x30, 0xC0,
    0xC0, 0x30, 0xC0, 0xC0, 0xCC, 0x00, 0x00, 0xCC, 0x00, 0x00, 0xC3, 0xFF, 0xFC, 0xC3, 0xFF,
    0xFC, 0x00, 0x00, 0x00, 0xC0, 0xFF, 0xF0, 0xC0, 0xFF, 0xF0, 0x30, 0xC0, 0x30, 0x30, 0xC0,
    0x30, 0x00, 0xFF, 0xF0, 0x00, 0xFF, 0xF0, 0x00, 0xC0, 0x30, 0x00, 0xC0, 0x30, 0xF0, 0xFF,
    0xF0, 0xF0, 0xFF, 0xF0, 0x30, 0xCC, 0x0C, 0x30, 0xCC, 0x0C, 0x30, 0xC3, 0x30, 0x30, 0xC3,
    0x30, 0x30, 0xCC, 0xC0, 0x30, 0xCC, 0xC0, 0x30, 0xF0, 0x3C, 0x30, 0xF0, 0x3C, 0xCC, 0x00,
    0x00, 0xCC, 0x00, 0x00, 0xC3, 0xFF, 0xFC, 0xC3, 0xFF, 0xFC, 0x00, 0x00, 0x00, 0xC0, 0x30,
    0x30, 0xC0, 0x30, 0x30, 0x30, 0x0C, 0xC0, 0x30, 0x0C, 0xC0, 0x00, 0xFF, 0xFC, 0x00, 0xFF,
    0xFC, 0x00, 0x03, 0x00, 0x00, 0x03, 0x00, 0xF0, 0x03, 0x00, 0xF0, 0x03, 0x00, 0x30, 0xFF,
    0xFC, 0x30, 0xFF, 0xFC, 0x30, 0x03, 0x00, 0x30, 0x03, 0x00, 0x30, 0x0C, 0xC0, 0x30, 0x0C,
    0xC0, 0x30, 0xF0, 0x3C, 0x30, 0xF0, 0x3C, 0xCC, 0x00, 0x00, 0xCC, 0x00, 0x00, 0xC3, 0xFF,
    0xFC, 0xC3, 0xFF, 0xFC, 0x00, 0x00, 0x00, 0xC0, 0xC3, 0x00, 0xC0, 0xC3, 0x00, 0x30, 0xFF,
    0xF0, 0x30, 0xFF, 0xF0, 0x03, 0x03, 0x00, 0x03, 0x03, 0x00, 0x00, 0x03, 0x00, 0x00, 0x03,
    0x00, 0xF3, 0xFF, 0xFC, 0xF3, 0xFF, 0xFC, 0x30, 0x30, 0xC0, 0x30, 0x30, 0xC0, 0x30, 0x30,
    0xC0, 0x30, 0x30, 0xC0, 0x30, 0xC0, 0xCC, 0x30, 0xC0, 0xCC, 0x33, 0x00, 0xFC, 0x33, 0x00,
    0xFC, 0xCC, 0x00, 0x00, 0xCC, 0x00, 0x00, 0xC3, 0xFF, 0xFC, 0xC3, 0xFF, 0xFC, 0x00, 0x00,
    0x00, 0x03, 0x03, 0xFC, 0x03, 0x03, 0xFC, 0x3F, 0xF3, 0x0C, 0x3F, 0xF3, 0x0C, 0x00, 0x03,
    0x0C, 0x00, 0x03, 0x0C, 0x30, 0x33, 0x30, 0x30, 0x33, 0x30, 0x0C, 0xC3, 0x30, 0x0C, 0xC3,
    0x30, 0xFF, 0xFF, 0x0C, 0xFF, 0xFF, 0x0C, 0x00, 0x03, 0x0C, 0x00, 0x03, 0x0C, 0x3F, 0xF3,
    0x0C, 0x3F, 0xF3, 0x0C, 0x30, 0x33, 0xF0, 0x30, 0x33, 0xF0, 0x30, 0x33, 0x00, 0x30, 0x33,
    0x00, 0x3F, 0xF3, 0x00, 0x3F, 0xF3, 0x00, 0x00, 0x00, 0x00, 0xFF, 0xCF, 0xFC, 0xFF, 0xCF,
    0xFC, 0x33, 0x00, 0x0C, 0x33, 0x00, 0x0C, 0x33, 0x00, 0x0C, 0x33, 0x00, 0x0C, 0xFF, 0xC0,
    0x0C, 0xFF, 0xC0, 0x0C, 0xCC, 0xC0, 0x0C, 0xCC, 0xC0, 0x0C, 0xCC, 0xCF, 0xFC, 0xCC, 0xCF,
    0xFC, 0xF3, 0xCC, 0x00, 0xF3, 0xCC, 0x00, 0xC0, 0xCC, 0x00, 0xC0, 0xCC, 0x00, 0xFF, 0xCC,
    0x0C, 0xFF, 0xCC, 0x0C, 0xC0, 0xCC, 0x0C, 0xC0, 0xCC, 0x0C, 0xFF, 0xC3, 0xFC, 0xFF, 0xC3,
    0xFC, 0x00, 0x00, 0x00, 0x3F, 0xFF, 0xF0, 0x3F, 0xFF, 0xF0, 0x30, 0x00, 0x30, 0x30, 0x00,
    0x30, 0x3F, 0xFF, 0xF0, 0x3F, 0xFF, 0xF0, 0x30, 0x00, 0x30, 0x30, 0x00, 0x30, 0xFF, 0xFF,
    0xFC, 0xFF, 0xFF, 0xFC, 0x30, 0x30, 0x30, 0x30, 0x30, 0x30, 0x3F, 0xFF, 0xF0, 0x3F, 0xFF,
    0xF0, 0x30, 0x30, 0x30, 0x30, 0x30, 0x30, 0x3F, 0xFF, 0xF0, 0x3F, 0xFF, 0xF0, 0x00, 0x30,
    0x00, 0x00, 0x30, 0x00, 0xFF, 0xFF, 0xFC, 0xFF, 0xFF, 0xFC, 0x00, 0x00, 0x00, 0x00, 0x30,
    0x00, 0x00, 0x30, 0x00, 0x00, 0xCC, 0x00, 0x00, 0xCC, 0x00, 0x0F, 0x03, 0xC0, 0x0F, 0x03,
    0xC0, 0xF0, 0x00, 0x3C, 0xF0, 0x00, 0x3C, 0x0F, 0xFF, 0xC0, 0x0F, 0xFF, 0xC0, 0x00, 0x30,
    0x00, 0x00, 0x30, 0x00, 0x00, 0x30, 0x00, 0x00, 0x30, 0x00, 0x3F, 0xFF, 0xF0, 0x3F, 0xFF,
    0xF0, 0x0C, 0x30, 0xC0, 0x0C, 0x30, 0xC0, 0x03, 0x33, 0x00, 0x03, 0x33, 0x00, 0xFF, 0xFF,
    0xFC, 0xFF, 0xFF, 0xFC, 0x00, 0x00, 0x00, 0x30, 0x3F, 0xFC, 0x30, 0x3F, 0xFC, 0x3F, 0x30,
    0x0C, 0x3F, 0x30, 0x0C, 0xC0, 0x30, 0x0C, 0xC0, 0x30, 0x0C, 0xFF, 0x3F, 0xFC, 0xFF, 0x3F,
    0xFC, 0x30, 0x30, 0x0C, 0x30, 0x30, 0x0C, 0x30, 0x30, 0x0C, 0x30, 0x30, 0x0C, 0xFF, 0x3F,
    0xFC, 0xFF, 0x3F, 0xFC, 0x30, 0x30, 0x0C, 0x30, 0x30, 0x0C, 0x33, 0x30, 0x0C, 0x33, 0x30,
    0x0C, 0x3C, 0x30, 0x0C, 0x3C, 0x30, 0x0C, 0x30, 0xC0, 0x3C, 0x30, 0xC0, 0x3C, 0x00, 0x00,
    0x00, 0x30, 0x03, 0x30, 0x30, 0x03, 0x30, 0x3F, 0x03, 0x0C, 0x3F, 0x03, 0x0C, 0xC0, 0x03,
    0xFC, 0xC0, 0x03, 0xFC, 0xFF, 0x3F, 0x00, 0xFF, 0x3F, 0x00, 0x30, 0x03, 0x00, 0x30, 0x03,
    0x00, 0x30, 0x03, 0xFC, 0x30, 0x03, 0xFC, 0xFF, 0x3F, 0x00, 0xFF, 0x3F, 0x00, 0x30, 0x03,
    0x0C, 0x30, 0x03, 0x0C, 0x33, 0x00, 0xF0, 0x33, 0x00, 0xF0, 0x3C, 0x03, 0xCC, 0x3C, 0x03,
    0xCC, 0x30, 0xFC, 0x3C, 0x30, 0xFC, 0x3C, 0x00, 0x00, 0x00, 0x30, 0xC3, 0x0C, 0x30, 0xC3,
    0x0C, 0x3C, 0x33, 0x30, 0x3C, 0x33, 0x30, 0xC0, 0x03, 0x00, 0xC0, 0x03, 0x00, 0xFC, 0xFF,
    0xFC, 0xFC, 0xFF, 0xFC, 0x30, 0xC0, 0x0C, 0x30, 0xC0, 0x0C, 0x30, 0xC3, 0x0C, 0x30, 0xC3,
    0x0C, 0xFC, 0xC3, 0x0C, 0xFC, 0xC3, 0x0C, 0x30, 0xC3, 0x0C, 0x30, 0xC3, 0x0C, 0x30, 0x0C,
    0xC0, 0x30, 0x0C, 0xC0, 0x3C, 0x30, 0x30, 0x3C, 0x30, 0x30, 0x30, 0xC0, 0x0C, 0x30, 0xC0,
    0x0C, 0x00, 0x00, 0x00, 0x30, 0x30, 0xC0, 0x30, 0x30, 0xC0, 0x3C, 0xFF, 0xF0, 0x3C, 0xFF,
    0xF0, 0xC0, 0x30, 0xC0, 0xC0, 0x30, 0xC0, 0xFC, 0x30, 0xC0, 0xFC, 0x30, 0xC0, 0x33, 0xFF,
    0xFC, 0x33, 0xFF, 0xFC, 0x30, 0x00, 0x00, 0x30, 0x00, 0x00, 0xFC, 0xFF, 0xF0, 0xFC, 0xFF,
    0xF0, 0x30, 0xC0, 0x30, 0x30, 0xC0, 0x30, 0x30, 0xFF, 0xF0, 0x30, 0xFF, 0xF0, 0x3C, 0xC0,
    0x30, 0x3C, 0xC0, 0x30, 0x30, 0xFF, 0xF0, 0x30, 0xFF, 0xF0, 0x00, 0x00, 0x00, 0x30, 0x00,
    0xC0, 0x30, 0x00, 0xC0, 0x3F, 0xCF, 0xFC, 0x3F, 0xCF, 0xFC, 0xC0, 0xC0, 0xCC, 0xC0, 0xC0,
    0xCC, 0xFC, 0xFF, 0xFC, 0xFC, 0xFF, 0xFC, 0x33, 0x00, 0xCC, 0x33, 0x00, 0xCC, 0x33, 0xCF,
    0xFC, 0x33, 0xCF, 0xFC, 0xFC, 0xC0, 0xC0, 0xFC, 0xC0, 0xC0, 0x30, 0xCF, 0xFC, 0x30, 0xCF,
    0xFC, 0x33, 0xC0, 0xC0, 0x33, 0xC0, 0xC0, 0x3C, 0xF0, 0xC0, 0x3C, 0xF0, 0xC0, 0x33, 0x0F,
    0xFC, 0x33, 0x0F, 0xFC, 0x00, 0x00, 0x00, 0x0C, 0x00, 0xC0, 0x0C, 0x00, 0xC0, 0x0C, 0x03,
    0x00, 0x0C, 0x03, 0x00, 0x0C, 0x0C, 0x00, 0x0C, 0x0C, 0x00, 0x0C, 0xF0, 0x00, 0x0C, 0xF0,
    0x00, 0x0C, 0x00, 0x00, 0x0C, 0x00, 0x00, 0xFF, 0xFF, 0xFC, 0xFF, 0xFF, 0xFC, 0x0C, 0x30,
    0x00, 0x0C, 0x30, 0x00, 0x0C, 0x0C, 0x00, 0x0C, 0x0C, 0x00, 0x0C, 0x03, 0x00, 0x0C, 0x03,
    0x00, 0x0C, 0xC0, 0xC0, 0x0C, 0xC0, 0xC0, 0x0F, 0x00, 0x3C, 0x0F, 0x00, 0x3C, 0x00, 0x00,
    0x00, 0xC3, 0xFF, 0xFC, 0xC3, 0xFF, 0xFC, 0x30, 0x00, 0x0C, 0x30, 0x00, 0x0C, 0x00, 0x30,
    0x0C, 0x00, 0x30, 0x0C, 0xC0, 0x30, 0x0C, 0xC0, 0x30, 0x0C, 0xCF, 0xFF, 0xCC, 0xCF, 0xFF,
    0xCC, 0xC0, 0x30, 0x0C, 0xC0, 0x30, 0x0C, 0xC0, 0xFC, 0x0C, 0xC0, 0xFC, 0x0C, 0xC3, 0x33,
    0x0C, 0xC3, 0x33, 0x0C, 0xCC, 0x30, 0xCC, 0xCC, 0x30, 0xCC, 0xC0, 0x30, 0x0C, 0xC0, 0x30,
    0x0C, 0xC0, 0x00, 0xFC, 0xC0, 0x00, 0xFC, 0x00, 0x00, 0x00, 0xC3, 0xFF, 0xFC, 0xC3, 0xFF,
    0xFC, 0x30, 0x00, 0x0C, 0x30, 0x00, 0x0C, 0x03, 0x03, 0x0C, 0x03, 0x03, 0x0C, 0xC0, 0xCC,
    0x0C, 0xC0, 0xCC, 0x0C, 0xC3, 0xFF, 0x0C, 0xC3, 0xFF, 0x0C, 0xC3, 0x03, 0x0C, 0xC3, 0x03,
    0x0C, 0xC3, 0x03, 0x0C, 0xC3, 0x03, 0x0C, 0xC3, 0xFF, 0x0C, 0xC3, 0xFF, 0x0C, 0xC0, 0xCC,
    0x0C, 0xC0, 0xCC, 0x0C, 0xC3, 0x0C, 0xCC, 0xC3, 0x0C, 0xCC, 0xCC, 0x0F, 0xCC, 0xCC, 0x0F,
    0xCC, 0x00, 0x00, 0x00, 0xFF, 0x03, 0x00, 0xFF, 0x03, 0x00, 0xC3, 0x03, 0x00, 0xC3, 0x03,
    0x00, 0xC3, 0x03, 0x00, 0xC3, 0x03, 0x00, 0xCC, 0x03, 0x00, 0xCC, 0x03, 0x00, 0xCC, 0x03,
    0x00, 0xCC, 0x03, 0x00, 0xC3, 0x03, 0x00, 0xC3, 0x03, 0x00, 0xC3, 0x0C, 0xC0, 0xC3, 0x0C,
    0xC0, 0xC3, 0x0C, 0xC0, 0xC3, 0x0C, 0xC0, 0xFC, 0x30, 0x30, 0xFC, 0x30, 0x30, 0xC0, 0x30,
    0x30, 0xC0, 0x30, 0x30, 0xC0, 0xC0, 0x0C, 0xC0, 0xC0, 0x0C, 0x00, 0x00, 0x00, 0xFC, 0xFF,
    0xF0, 0xFC, 0xFF, 0xF0, 0xCC, 0xC0, 0x30, 0xCC, 0xC0, 0x30, 0xCC, 0xFF, 0xF0, 0xCC, 0xFF,
    0xF0, 0xCC, 0xC0, 0x30, 0xCC, 0xC0, 0x30, 0xF0, 0xC0, 0x30, 0xF0, 0xC0, 0x30, 0xCC, 0xFF,
    0xF0, 0xCC, 0xFF, 0xF0, 0xCC, 0xC3, 0x0C, 0xCC, 0xC3, 0x0C, 0xCC, 0xC3, 0x30, 0xCC, 0xC3,
    0x30, 0xFC, 0xC0, 0xC0, 0xFC, 0xC0, 0xC0, 0xC0, 0xCC, 0x30, 0xC0, 0xCC, 0x30, 0xC0, 0xF0,
    0x0C, 0xC0, 0xF0, 0x0C, 0x00, 0x00, 0x00, 0xFC, 0x0F, 0xC0, 0xFC, 0x0F, 0xC0, 0xCC, 0x30,
    0x30, 0xCC, 0x30, 0x30, 0xCF, 0xC0, 0x0C, 0xCF, 0xC0, 0x0C, 0xCC, 0x3F, 0xF0, 0xCC, 0x3F,
    0xF0, 0xF0, 0x03, 0x00, 0xF0, 0x03, 0x00, 0xCC, 0x03, 0x00, 0xCC, 0x03, 0x00, 0xCC, 0xFF,
    0xFC, 0xCC, 0xFF, 0xFC, 0xCC, 0x03, 0x00, 0xCC, 0x03, 0x00, 0xFC, 0xC3, 0x30, 0xFC, 0xC3,
    0x30, 0xC3, 0x03, 0x0C, 0xC3, 0x03, 0x0C, 0xC0, 0x0F, 0x00, 0xC0, 0x0F, 0x00, 0x00, 0x00,
    0x00, 0xFC, 0x03, 0x00, 0xFC, 0x03, 0x00, 0xCF, 0x3F, 0xFC, 0xCF, 0x3F, 0xFC, 0xCC, 0xC3,
    0x00, 0xCC, 0xC3, 0x00, 0xCC, 0x0F, 0xF0, 0xCC, 0x0F, 0xF0, 0xF0, 0x3C, 0x30, 0xF0, 0x3C,
    0x30, 0xCF, 0xCF, 0xF0, 0xCF, 0xCF, 0xF0, 0xCC, 0xCC, 0x30, 0xCC, 0xCC, 0x30, 0xCC, 0xCF,
    0xF0, 0xCC, 0xCF, 0xF0, 0xFC, 0xCC, 0x30, 0xFC, 0xCC, 0x30, 0xC3, 0x30, 0x00, 0xC3, 0x30,
    0x00, 0xC3, 0x0F, 0xFC, 0xC3, 0x0F, 0xFC, 0x00, 0x00, 0x00, 0x03, 0x0F, 0xFC, 0x03, 0x0F,
    0xFC, 0xFF, 0xF0, 0xC0, 0xFF, 0xF0, 0xC0, 0xCC, 0x3F, 0xFC, 0xCC, 0x3F, 0xFC, 0x0F, 0xCC,
    0x0C, 0x0F, 0xCC, 0x0C, 0xF0, 0xCC, 0xCC, 0xF0, 0xCC, 0xCC, 0x0F, 0x0C, 0xCC, 0x0F, 0x0C,
    0xCC, 0xF0, 0xFC, 0xCC, 0xF0, 0xFC, 0xCC, 0x3F, 0xCC, 0xCC, 0x3F, 0xCC, 0xCC, 0x30, 0xC0,
    0xC0, 0x30, 0xC0, 0xC0, 0x30, 0xC3, 0x30, 0x30, 0xC3, 0x30, 0x3F, 0xCC, 0x0C, 0x3F, 0xCC,
    0x0C, 0x00, 0x00, 0x00, 0xFC, 0x03, 0x00, 0xFC, 0x03, 0x00, 0x0C, 0x0C, 0xC0, 0x0C, 0x0C,
    0xC0, 0xCC, 0x30, 0x30, 0xCC, 0x30, 0x30, 0xCC, 0xC0, 0x0C, 0xCC, 0xC0, 0x0C, 0xCC, 0x3F,
    0xF0, 0xCC, 0x3F, 0xF0, 0xFF, 0x00, 0x00, 0xFF, 0x00, 0x00, 0x03, 0xCC, 0x0C, 0x03, 0xCC,
    0x0C, 0x0F, 0x33, 0x30, 0x0F, 0x33, 0x30, 0xF3, 0x33, 0x30, 0xF3, 0x33, 0x30, 0x03, 0x00,
    0xC0, 0x03, 0x00, 0xC0, 0x3C, 0xFF, 0xFC, 0x3C, 0xFF, 0xFC, 0x00, 0x00, 0x00, 0x00, 0x30,
    0x00, 0x00, 0x30, 0x00, 0xFF, 0xFF, 0xFC, 0xFF, 0xFF, 0xFC, 0x0C, 0x00, 0xC0, 0x0C, 0x00,
    0xC0, 0x0F, 0xFF, 0xC0, 0x0F, 0xFF, 0xC0, 0x00, 0x00, 0x00, 0x00, 0x00, 0x00, 0xFF, 0xFF,
    0xFC, 0xFF, 0xFF, 0xFC, 0xC0, 0x00, 0x0C, 0xC0, 0x00, 0x0C, 0xC3, 0xFF, 0x0C, 0xC3, 0xFF,
    0x0C, 0xC3, 0x03, 0x0C, 0xC3, 0x03, 0x0C, 0xC3, 0xFF, 0x0C, 0xC3, 0xFF, 0x0C, 0xC0, 0x00,
    0x3C, 0xC0, 0x00, 0x3C, 0x00, 0x00, 0x00,
};
static const TableGlyph gfx_g3_glyphs[] = {
  {0x0020u,0u,0u,12,0,26,12,1},
  {0x0025u,0u,36u,16,0,44,16,18},
  {0x002Fu,36u,35u,12,0,46,12,23},
  {0x0042u,71u,32u,14,0,44,14,18},
  {0x0043u,103u,32u,14,0,44,14,18},
  {0x0052u,135u,32u,14,0,44,14,18},
  {0x0063u,167u,18u,12,0,38,12,12},
  {0x0065u,185u,18u,12,0,38,12,12},
  {0x006Bu,203u,27u,12,0,44,12,18},
  {0x006Cu,230u,18u,8,0,44,8,18},
  {0x006Fu,248u,18u,12,0,38,12,12},
  {0x0075u,266u,18u,12,0,38,12,12},
  {0x0079u,284u,26u,12,0,38,12,17},
  {0x4E00u,310u,30u,24,0,36,24,10},
  {0x4E0Au,340u,69u,24,0,46,24,23},
  {0x4E0Bu,409u,69u,24,0,46,24,23},
  {0x4E0Du,478u,69u,24,0,46,24,23},
  {0x4E2Au,547u,69u,24,0,46,24,23},
  {0x4E2Du,616u,69u,24,0,46,24,23},
  {0x4E3Bu,685u,69u,24,0,46,24,23},
  {0x4EA4u,754u,69u,24,0,46,24,23},
  {0x4EC5u,823u,69u,24,0,46,24,23},
  {0x4ED8u,892u,69u,24,0,46,24,23},
  {0x4EF6u,961u,69u,24,0,46,24,23},
  {0x4EFDu,1030u,69u,24,0,46,24,23},
  {0x4F1Au,1099u,69u,24,0,46,24,23},
  {0x4F4Du,1168u,69u,24,0,46,24,23},
  {0x4F5Cu,1237u,69u,24,0,46,24,23},
  {0x4F60u,1306u,69u,24,0,46,24,23},
  {0x4FE1u,1375u,69u,24,0,46,24,23},
  {0x504Fu,1444u,69u,24,0,46,24,23},
  {0x5141u,1513u,69u,24,0,46,24,23},
  {0x5165u,1582u,69u,24,0,46,24,23},
  {0x5168u,1651u,69u,24,0,46,24,23},
  {0x516Cu,1720u,69u,24,0,46,24,23},
  {0x5173u,1789u,69u,24,0,46,24,23},
  {0x5185u,1858u,69u,24,0,46,24,23},
  {0x518Du,1927u,69u,24,0,46,24,23},
  {0x51B3u,1996u,69u,24,0,46,24,23},
  {0x51C6u,2065u,69u,24,0,46,24,23},
  {0x51CFu,2134u,69u,24,0,46,24,23},
  {0x51FAu,2203u,69u,24,0,46,24,23},
  {0x5220u,2272u,69u,24,0,46,24,23},
  {0x529Fu,2341u,69u,24,0,46,24,23},
  {0x52A0u,2410u,69u,24,0,46,24,23},
  {0x52A8u,2479u,69u,24,0,46,24,23},
  {0x5305u,2548u,69u,24,0,46,24,23},
  {0x5339u,2617u,69u,24,0,46,24,23},
  {0x534Fu,2686u,69u,24,0,46,24,23},
  {0x5355u,2755u,69u,24,0,46,24,23},
  {0x5373u,2824u,69u,24,0,46,24,23},
  {0x53D1u,2893u,69u,24,0,46,24,23},
  {0x53D6u,2962u,69u,24,0,46,24,23},
  {0x53EAu,3031u,69u,24,0,46,24,23},
  {0x53EFu,3100u,69u,24,0,46,24,23},
  {0x5426u,3169u,69u,24,0,46,24,23},
  {0x542Bu,3238u,69u,24,0,46,24,23},
  {0x542Fu,3307u,69u,24,0,46,24,23},
  {0x544Au,3376u,69u,24,0,46,24,23},
  {0x56DEu,3445u,69u,24,0,46,24,23},
  {0x56F4u,3514u,69u,24,0,46,24,23},
  {0x56FAu,3583u,69u,24,0,46,24,23},
  {0x56FEu,3652u,69u,24,0,46,24,23},
  {0x5728u,3721u,69u,24,0,46,24,23},
  {0x578Bu,3790u,69u,24,0,46,24,23},
  {0x589Eu,3859u,69u,24,0,46,24,23},
  {0x58F0u,3928u,69u,24,0,46,24,23},
  {0x5907u,3997u,69u,24,0,46,24,23},
  {0x590Du,4066u,69u,24,0,46,24,23},
  {0x591Au,4135u,69u,24,0,46,24,23},
  {0x5931u,4204u,69u,24,0,46,24,23},
  {0x5B58u,4273u,69u,24,0,46,24,23},
  {0x5B8Cu,4342u,69u,24,0,46,24,23},
  {0x5B9Au,4411u,69u,24,0,46,24,23},
  {0x5BB9u,4480u,69u,24,0,46,24,23},
  {0x5BC6u,4549u,69u,24,0,46,24,23},
  {0x5BF9u,4618u,69u,24,0,46,24,23},
  {0x5BFCu,4687u,69u,24,0,46,24,23},
  {0x5C06u,4756u,69u,24,0,46,24,23},
  {0x5C11u,4825u,69u,24,0,46,24,23},
  {0x5DF2u,4894u,69u,24,0,46,24,23},
  {0x5E01u,4963u,69u,24,0,46,24,23},
  {0x5EA6u,5032u,69u,24,0,46,24,23},
  {0x5F00u,5101u,69u,24,0,46,24,23},
  {0x6062u,5170u,69u,24,0,46,24,23},
  {0x606Fu,5239u,69u,24,0,46,24,23},
  {0x610Fu,5308u,69u,24,0,46,24,23},
  {0x6210u,5377u,69u,24,0,46,24,23},
  {0x6218u,5446u,69u,24,0,46,24,23},
  {0x624Bu,5515u,69u,24,0,46,24,23},
  {0x6253u,5584u,69u,24,0,46,24,23},
  {0x62D2u,5653u,69u,24,0,46,24,23},
  {0x62E9u,5722u,69u,24,0,46,24,23},
  {0x6309u,5791u,69u,24,0,46,24,23},
  {0x6311u,5860u,69u,24,0,46,24,23},
  {0x636Eu,5929u,69u,24,0,46,24,23},
  {0x6388u,5998u,69u,24,0,46,24,23},
  {0x6392u,6067u,69u,24,0,46,24,23},
  {0x64CDu,6136u,69u,24,0,46,24,23},
  {0x64E6u,6205u,69u,24,0,46,24,23},
  {0x6548u,6274u,69u,24,0,46,24,23},
  {0x6570u,6343u,69u,24,0,46,24,23},
  {0x6574u,6412u,69u,24,0,46,24,23},
  {0x6587u,6481u,69u,24,0,46,24,23},
  {0x65ADu,6550u,69u,24,0,46,24,23},
  {0x65B0u,6619u,69u,24,0,46,24,23},
  {0x65B9u,6688u,69u,24,0,46,24,23},
  {0x65E0u,6757u,69u,24,0,46,24,23},
  {0x65F6u,6826u,69u,24,0,46,24,23},
  {0x660Eu,6895u,69u,24,0,46,24,23},
  {0x6613u,6964u,69u,24,0,46,24,23},
  {0x662Fu,7033u,69u,24,0,46,24,23},
  {0x66F4u,7102u,69u,24,0,46,24,23},
  {0x6709u,7171u,69u,24,0,46,24,23},
  {0x671Fu,7240u,69u,24,0,46,24,23},
  {0x672Au,7309u,69u,24,0,46,24,23},
  {0x672Cu,7378u,69u,24,0,46,24,23},
  {0x673Au,7447u,69u,24,0,46,24,23},
  {0x6743u,7516u,69u,24,0,46,24,23},
  {0x675Fu,7585u,69u,24,0,46,24,23},
  {0x677Fu,7654u,69u,24,0,46,24,23},
  {0x6784u,7723u,69u,24,0,46,24,23},
  {0x679Cu,7792u,69u,24,0,46,24,23},
  {0x6838u,7861u,69u,24,0,46,24,23},
  {0x6B21u,7930u,69u,24,0,46,24,23},
  {0x6B3Eu,7999u,69u,24,0,46,24,23},
  {0x6B63u,8068u,69u,24,0,46,24,23},
  {0x6B64u,8137u,69u,24,0,46,24,23},
  {0x6C42u,8206u,69u,24,0,46,24,23},
  {0x6CA1u,8275u,69u,24,0,46,24,23},
  {0x6CD5u,8344u,69u,24,0,46,24,23},
  {0x6D88u,8413u,69u,24,0,46,24,23},
  {0x7248u,8482u,69u,24,0,46,24,23},
  {0x7528u,8551u,69u,24,0,46,24,23},
  {0x7535u,8620u,69u,24,0,46,24,23},
  {0x7684u,8689u,69u,24,0,46,24,23},
  {0x77E5u,8758u,69u,24,0,46,24,23},
  {0x7801u,8827u,69u,24,0,46,24,23},
  {0x786Eu,8896u,69u,24,0,46,24,23},
  {0x79C1u,8965u,69u,24,0,46,24,23},
  {0x79FBu,9034u,69u,24,0,46,24,23},
  {0x7A7Au,9103u,69u,24,0,46,24,23},
  {0x7ACBu,9172u,69u,24,0,46,24,23},
  {0x7AE0u,9241u,69u,24,0,46,24,23},
  {0x7B2Cu,9310u,69u,24,0,46,24,23},
  {0x7B7Eu,9379u,69u,24,0,46,24,23},
  {0x7ED3u,9448u,69u,24,0,46,24,23},
  {0x7EDDu,9517u,69u,24,0,46,24,23},
  {0x7EE7u,9586u,69u,24,0,46,24,23},
  {0x7EEDu,9655u,69u,24,0,46,24,23},
  {0x7F6Eu,9724u,69u,24,0,46,24,23},
  {0x7F72u,9793u,69u,24,0,46,24,23},
  {0x806Au,9862u,69u,24,0,46,24,23},
  {0x8282u,9931u,69u,24,0,46,24,23},
  {0x82B1u,10000u,69u,24,0,46,24,23},
  {0x8303u,10069u,69u,24,0,46,24,23},
  {0x83DCu,10138u,69u,24,0,46,24,23},
  {0x884Cu,10207u,69u,24,0,46,24,23},
  {0x89E3u,10276u,69u,24,0,46,24,23},
  {0x8A00u,10345u,69u,24,0,46,24,23},
  {0x8B66u,10414u,69u,24,0,46,24,23},
  {0x8BA4u,10483u,69u,24,0,46,24,23},
  {0x8BAEu,10552u,69u,24,0,46,24,23},
  {0x8BB8u,10621u,69u,24,0,46,24,23},
  {0x8BBEu,10690u,69u,24,0,46,24,23},
  {0x8BC1u,10759u,69u,24,0,46,24,23},
  {0x8BDDu,10828u,69u,24,0,46,24,23},
  {0x8BEDu,10897u,69u,24,0,46,24,23},
  {0x8BEFu,10966u,69u,24,0,46,24,23},
  {0x8BF7u,11035u,69u,24,0,46,24,23},
  {0x8BFBu,11104u,69u,24,0,46,24,23},
  {0x8C61u,11173u,69u,24,0,46,24,23},
  {0x8D39u,11242u,69u,24,0,46,24,23},
  {0x8D85u,11311u,69u,24,0,46,24,23},
  {0x8EABu,11380u,69u,24,0,46,24,23},
  {0x8F93u,11449u,69u,24,0,46,24,23},
  {0x8FC1u,11518u,69u,24,0,46,24,23},
  {0x8FC7u,11587u,69u,24,0,46,24,23},
  {0x8FD4u,11656u,69u,24,0,46,24,23},
  {0x8FDBu,11725u,69u,24,0,46,24,23},
  {0x9000u,11794u,69u,24,0,46,24,23},
  {0x9001u,11863u,69u,24,0,46,24,23},
  {0x9009u,11932u,69u,24,0,46,24,23},
  {0x90E8u,12001u,69u,24,0,46,24,23},
  {0x914Du,12070u,69u,24,0,46,24,23},
  {0x91CFu,12139u,69u,24,0,46,24,23},
  {0x91D1u,12208u,69u,24,0,46,24,23},
  {0x94A5u,12277u,69u,24,0,46,24,23},
  {0x94B1u,12346u,69u,24,0,46,24,23},
  {0x9501u,12415u,69u,24,0,46,24,23},
  {0x9519u,12484u,69u,24,0,46,24,23},
  {0x952Eu,12553u,69u,24,0,46,24,23},
  {0x957Fu,12622u,69u,24,0,46,24,23},
  {0x95F2u,12691u,69u,24,0,46,24,23},
  {0x9605u,12760u,69u,24,0,46,24,23},
  {0x961Fu,12829u,69u,24,0,46,24,23},
  {0x9650u,12898u,69u,24,0,46,24,23},
  {0x9664u,12967u,69u,24,0,46,24,23},
  {0x968Fu,13036u,69u,24,0,46,24,23},
  {0x989Du,13105u,69u,24,0,46,24,23},
  {0x9A8Cu,13174u,69u,24,0,46,24,23},
  {0x9AD8u,13243u,69u,24,0,46,24,23},
};static const TableFont gfx_t3 = {
    gfx_g3_glyphs, 202, gfx_g3_bitmap,
    32, 26, 0, 32
};

static const TableFont gfx_rockey_title = gfx_t3;
static const TableFont gfx_rockey_body = gfx_t2;
static const TableFont gfx_rockey_small = gfx_t2;
static const TableFont gfx_rockey_mono_small = gfx_t0;
static const TableFont gfx_rockey_mono_large = gfx_t1;
}  // namespace rockey
#endif  // ROCKEY_GENERATED_FONTS_H
